task,label_set,encoder,design,score,fold,stratum_kind,stratum_value,n_spot_gene,n_covered,coverage,width_mean,pred_mean,superseded_label_set
PRAD,shipped,resnet50,slide_out,abs,MEND139,predicted_value_decile,0,3546,3188,0.8990411731528483,2.2159929275512695,0.13524693250656128,False
PRAD,shipped,resnet50,slide_out,abs,MEND139,predicted_value_decile,1,5653,4928,0.8717495135326375,2.2829973697662354,0.2851203680038452,False
PRAD,shipped,resnet50,slide_out,abs,MEND139,predicted_value_decile,2,9236,8037,0.8701818969250757,2.2717955112457275,0.37982240319252014,False
PRAD,shipped,resnet50,slide_out,abs,MEND139,predicted_value_decile,3,16466,14774,0.8972428033523624,2.221104860305786,0.4397895336151123,False
PRAD,shipped,resnet50,slide_out,abs,MEND139,predicted_value_decile,4,28730,26451,0.9206752523494605,2.177396297454834,0.5113521218299866,False
PRAD,shipped,resnet50,slide_out,abs,MEND139,predicted_value_decile,5,45703,42956,0.9398945364636895,2.145559310913086,0.6102604269981384,False
PRAD,shipped,resnet50,slide_out,abs,MEND139,predicted_value_decile,6,60545,57573,0.9509125443884714,2.135183095932007,0.7342653274536133,False
PRAD,shipped,resnet50,slide_out,abs,MEND139,predicted_value_decile,7,72450,69444,0.9585093167701864,2.1511595249176025,0.8932154178619385,False
PRAD,shipped,resnet50,slide_out,abs,MEND139,predicted_value_decile,8,98641,89289,0.9051915532080981,2.1632773876190186,1.098052978515625,False
PRAD,shipped,resnet50,slide_out,abs,MEND139,predicted_value_decile,9,221380,153483,0.6933011112114915,2.1764228343963623,1.550437569618225,False
PRAD,shipped,resnet50,slide_out,abs,MEND140,predicted_value_decile,0,26118,22834,0.8742629604104449,1.9917447566986084,0.09075256437063217,False
PRAD,shipped,resnet50,slide_out,abs,MEND140,predicted_value_decile,1,32370,29228,0.9029348161878282,2.003445625305176,0.27263951301574707,False
PRAD,shipped,resnet50,slide_out,abs,MEND140,predicted_value_decile,2,35314,32208,0.9120462139661324,1.9983478784561157,0.37294071912765503,False
PRAD,shipped,resnet50,slide_out,abs,MEND140,predicted_value_decile,3,37317,34220,0.9170083340032693,1.9890635013580322,0.4557196795940399,False
PRAD,shipped,resnet50,slide_out,abs,MEND140,predicted_value_decile,4,37472,33915,0.9050757899231426,1.9772721529006958,0.5364872217178345,False
PRAD,shipped,resnet50,slide_out,abs,MEND140,predicted_value_decile,5,35524,31558,0.8883571669856998,1.986491084098816,0.6436372399330139,False
PRAD,shipped,resnet50,slide_out,abs,MEND140,predicted_value_decile,6,31456,26874,0.8543362156663276,1.9960720539093018,0.7669671177864075,False
PRAD,shipped,resnet50,slide_out,abs,MEND140,predicted_value_decile,7,25125,21110,0.8401990049751243,2.0222699642181396,0.9076759815216064,False
PRAD,shipped,resnet50,slide_out,abs,MEND140,predicted_value_decile,8,19298,15798,0.8186340553425225,2.0331835746765137,1.077217936515808,False
PRAD,shipped,resnet50,slide_out,abs,MEND140,predicted_value_decile,9,10256,8186,0.7981669266770671,2.0442445278167725,1.3540414571762085,False
PRAD,shipped,resnet50,slide_out,abs,MEND141,predicted_value_decile,0,23517,22279,0.9473572309393204,2.0389044284820557,0.07369377464056015,False
PRAD,shipped,resnet50,slide_out,abs,MEND141,predicted_value_decile,1,46039,44019,0.9561241556072025,2.0009381771087646,0.1996791660785675,False
PRAD,shipped,resnet50,slide_out,abs,MEND141,predicted_value_decile,2,49155,47230,0.9608381649883023,2.031153917312622,0.3150351941585541,False
PRAD,shipped,resnet50,slide_out,abs,MEND141,predicted_value_decile,3,44665,43037,0.963550878764133,2.0768754482269287,0.4367816746234894,False
PRAD,shipped,resnet50,slide_out,abs,MEND141,predicted_value_decile,4,35916,34450,0.9591825370308498,2.1345622539520264,0.5762478113174438,False
PRAD,shipped,resnet50,slide_out,abs,MEND141,predicted_value_decile,5,25970,24459,0.941817481709665,2.1891119480133057,0.7312551140785217,False
PRAD,shipped,resnet50,slide_out,abs,MEND141,predicted_value_decile,6,18251,16474,0.9026354720289299,2.198941230773926,0.8865560293197632,False
PRAD,shipped,resnet50,slide_out,abs,MEND141,predicted_value_decile,7,13265,11125,0.8386732001507727,2.1713666915893555,1.0266355276107788,False
PRAD,shipped,resnet50,slide_out,abs,MEND141,predicted_value_decile,8,8516,6594,0.7743071864725223,2.1522834300994873,1.1636964082717896,False
PRAD,shipped,resnet50,slide_out,abs,MEND141,predicted_value_decile,9,3806,2883,0.7574881765633211,2.247678518295288,1.4742110967636108,False
PRAD,shipped,resnet50,slide_out,abs,MEND142,predicted_value_decile,0,23829,22077,0.9264761425154224,2.0531132221221924,0.09603957831859589,False
PRAD,shipped,resnet50,slide_out,abs,MEND142,predicted_value_decile,1,38853,37211,0.9577381411988778,2.118335247039795,0.2621225118637085,False
PRAD,shipped,resnet50,slide_out,abs,MEND142,predicted_value_decile,2,49466,47721,0.9647232442485748,2.1372122764587402,0.3556661009788513,False
PRAD,shipped,resnet50,slide_out,abs,MEND142,predicted_value_decile,3,60448,58514,0.968005558496559,2.139737844467163,0.4345342814922333,False
PRAD,shipped,resnet50,slide_out,abs,MEND142,predicted_value_decile,4,68997,66872,0.9692015594880937,2.144787073135376,0.5202113389968872,False
PRAD,shipped,resnet50,slide_out,abs,MEND142,predicted_value_decile,5,67270,65058,0.967117585848075,2.166472911834717,0.6383664011955261,False
PRAD,shipped,resnet50,slide_out,abs,MEND142,predicted_value_decile,6,55294,53098,0.9602850218830253,2.189655065536499,0.7825388312339783,False
PRAD,shipped,resnet50,slide_out,abs,MEND142,predicted_value_decile,7,41654,39529,0.9489844912853508,2.229231357574463,0.9553666710853577,False
PRAD,shipped,resnet50,slide_out,abs,MEND142,predicted_value_decile,8,30309,26837,0.8854465670262959,2.224316120147705,1.1112953424453735,False
PRAD,shipped,resnet50,slide_out,abs,MEND142,predicted_value_decile,9,13430,10712,0.7976172747580045,2.229637384414673,1.3434181213378906,False
PRAD,shipped,resnet50,slide_out,abs,MEND143,predicted_value_decile,0,108758,103925,0.9555618897000681,1.978430151939392,0.01587367057800293,False
PRAD,shipped,resnet50,slide_out,abs,MEND143,predicted_value_decile,1,120265,116286,0.9669147299713133,1.942168116569519,0.20735029876232147,False
PRAD,shipped,resnet50,slide_out,abs,MEND143,predicted_value_decile,2,106688,103329,0.9685156718656269,1.9487124681472778,0.3470357060432434,False
PRAD,shipped,resnet50,slide_out,abs,MEND143,predicted_value_decile,3,88859,86163,0.9696597981071136,1.9559407234191895,0.47224345803260803,False
PRAD,shipped,resnet50,slide_out,abs,MEND143,predicted_value_decile,4,66550,64554,0.970007513148009,1.9741181135177612,0.6024536490440369,False
PRAD,shipped,resnet50,slide_out,abs,MEND143,predicted_value_decile,5,42247,40729,0.9640684545648212,2.008121967315674,0.7532529830932617,False
PRAD,shipped,resnet50,slide_out,abs,MEND143,predicted_value_decile,6,22796,21616,0.9482365327250395,2.0679497718811035,0.9268651008605957,False
PRAD,shipped,resnet50,slide_out,abs,MEND143,predicted_value_decile,7,11005,10019,0.9104043616537937,2.157076358795166,1.134179949760437,False
PRAD,shipped,resnet50,slide_out,abs,MEND143,predicted_value_decile,8,4356,3619,0.8308080808080808,2.1771576404571533,1.2545301914215088,False
PRAD,shipped,resnet50,slide_out,abs,MEND143,predicted_value_decile,9,876,709,0.8093607305936074,2.2629494667053223,1.4608689546585083,False
PRAD,shipped,resnet50,slide_out,abs,MEND144,predicted_value_decile,0,46462,44673,0.9614954156084542,2.1773853302001953,0.09119651466608047,False
PRAD,shipped,resnet50,slide_out,abs,MEND144,predicted_value_decile,1,91088,89306,0.9804365009660987,2.1706340312957764,0.2472326010465622,False
PRAD,shipped,resnet50,slide_out,abs,MEND144,predicted_value_decile,2,116597,114662,0.9834043757558084,2.14510178565979,0.34900331497192383,False
PRAD,shipped,resnet50,slide_out,abs,MEND144,predicted_value_decile,3,125760,123896,0.985178117048346,2.112462282180786,0.43180736899375916,False
PRAD,shipped,resnet50,slide_out,abs,MEND144,predicted_value_decile,4,111475,109846,0.9853868580399192,2.0864293575286865,0.5226728916168213,False
PRAD,shipped,resnet50,slide_out,abs,MEND144,predicted_value_decile,5,72853,71719,0.9844344090154146,2.080810070037842,0.642002522945404,False
PRAD,shipped,resnet50,slide_out,abs,MEND144,predicted_value_decile,6,32382,31806,0.9822123401889938,2.1279256343841553,0.8067101240158081,False
PRAD,shipped,resnet50,slide_out,abs,MEND144,predicted_value_decile,7,10796,10462,0.9690626157836235,2.1977648735046387,0.998599112033844,False
PRAD,shipped,resnet50,slide_out,abs,MEND144,predicted_value_decile,8,2899,2607,0.8992756122800966,2.2464513778686523,1.1710721254348755,False
PRAD,shipped,resnet50,slide_out,abs,MEND144,predicted_value_decile,9,788,557,0.7068527918781726,2.2668964862823486,1.383824348449707,False
PRAD,shipped,resnet50,slide_out,abs,MEND145,predicted_value_decile,0,33055,32112,0.9714717894418393,2.16355037689209,0.07670696079730988,False
PRAD,shipped,resnet50,slide_out,abs,MEND145,predicted_value_decile,1,42877,41273,0.9625906663246029,2.1349036693573,0.25581008195877075,False
PRAD,shipped,resnet50,slide_out,abs,MEND145,predicted_value_decile,2,42991,40930,0.9520597334325789,2.117081880569458,0.3592830002307892,False
PRAD,shipped,resnet50,slide_out,abs,MEND145,predicted_value_decile,3,37043,34803,0.9395297357125503,2.1115975379943848,0.44384250044822693,False
PRAD,shipped,resnet50,slide_out,abs,MEND145,predicted_value_decile,4,27366,25245,0.9224950668713001,2.120487928390503,0.5347853302955627,False
PRAD,shipped,resnet50,slide_out,abs,MEND145,predicted_value_decile,5,16520,14774,0.8943099273607749,2.131500720977783,0.6421066522598267,False
PRAD,shipped,resnet50,slide_out,abs,MEND145,predicted_value_decile,6,8438,7186,0.8516236074899265,2.153618574142456,0.7672775387763977,False
PRAD,shipped,resnet50,slide_out,abs,MEND145,predicted_value_decile,7,3433,2785,0.8112438100786484,2.200333833694458,0.9238942861557007,False
PRAD,shipped,resnet50,slide_out,abs,MEND145,predicted_value_decile,8,838,630,0.7517899761336515,2.2746055126190186,1.1452921628952026,False
PRAD,shipped,resnet50,slide_out,abs,MEND145,predicted_value_decile,9,139,101,0.7266187050359713,2.308598518371582,1.4528062343597412,False
PRAD,shipped,resnet50,slide_out,abs,MEND146,predicted_value_decile,0,58969,56071,0.9508555342637657,2.0741844177246094,0.08989482372999191,False
PRAD,shipped,resnet50,slide_out,abs,MEND146,predicted_value_decile,1,67437,65246,0.9675104171300621,2.0542140007019043,0.2628335654735565,False
PRAD,shipped,resnet50,slide_out,abs,MEND146,predicted_value_decile,2,59557,57613,0.9673590006212536,2.0191967487335205,0.3651091158390045,False
PRAD,shipped,resnet50,slide_out,abs,MEND146,predicted_value_decile,3,46536,44773,0.9621153515557848,1.9823286533355713,0.44908738136291504,False
PRAD,shipped,resnet50,slide_out,abs,MEND146,predicted_value_decile,4,31722,30287,0.954763255784629,1.9453272819519043,0.5299497842788696,False
PRAD,shipped,resnet50,slide_out,abs,MEND146,predicted_value_decile,5,18327,17286,0.9431985595023735,1.8983803987503052,0.6050705909729004,False
PRAD,shipped,resnet50,slide_out,abs,MEND146,predicted_value_decile,6,8189,7464,0.9114666015386494,1.8877661228179932,0.710100531578064,False
PRAD,shipped,resnet50,slide_out,abs,MEND146,predicted_value_decile,7,2940,2440,0.8299319727891157,1.9306392669677734,0.8467662334442139,False
PRAD,shipped,resnet50,slide_out,abs,MEND146,predicted_value_decile,8,816,604,0.7401960784313726,2.0191571712493896,1.0442618131637573,False
PRAD,shipped,resnet50,slide_out,abs,MEND146,predicted_value_decile,9,107,61,0.5700934579439252,1.968154788017273,1.089131474494934,False
PRAD,shipped,resnet50,slide_out,abs,MEND147,predicted_value_decile,0,33750,31872,0.9443555555555555,2.3615059852600098,0.16736826300621033,False
PRAD,shipped,resnet50,slide_out,abs,MEND147,predicted_value_decile,1,40145,38508,0.9592228172873334,2.2671117782592773,0.31623023748397827,False
PRAD,shipped,resnet50,slide_out,abs,MEND147,predicted_value_decile,2,44602,42941,0.9627595175104255,2.2250173091888428,0.3859986662864685,False
PRAD,shipped,resnet50,slide_out,abs,MEND147,predicted_value_decile,3,47395,45678,0.9637725498470303,2.207064628601074,0.4440329372882843,False
PRAD,shipped,resnet50,slide_out,abs,MEND147,predicted_value_decile,4,50460,48592,0.9629805786761791,2.1996920108795166,0.5092548131942749,False
PRAD,shipped,resnet50,slide_out,abs,MEND147,predicted_value_decile,5,49236,47447,0.9636647981152002,2.203643798828125,0.5998268127441406,False
PRAD,shipped,resnet50,slide_out,abs,MEND147,predicted_value_decile,6,40527,39213,0.9675771707750389,2.226336717605591,0.7209745049476624,False
PRAD,shipped,resnet50,slide_out,abs,MEND147,predicted_value_decile,7,26689,25478,0.9546255011427929,2.2570090293884277,0.8631450533866882,False
PRAD,shipped,resnet50,slide_out,abs,MEND147,predicted_value_decile,8,13424,12384,0.9225268176400476,2.28244686126709,1.040676236152649,False
PRAD,shipped,resnet50,slide_out,abs,MEND147,predicted_value_decile,9,4022,3024,0.7518647439085032,2.207998752593994,1.2298823595046997,False
PRAD,shipped,resnet50,slide_out,abs,MEND148,predicted_value_decile,0,44962,44079,0.9803611938970687,2.188788890838623,0.1423061341047287,False
PRAD,shipped,resnet50,slide_out,abs,MEND148,predicted_value_decile,1,54321,53731,0.9891386388321275,2.1916446685791016,0.3165891170501709,False
PRAD,shipped,resnet50,slide_out,abs,MEND148,predicted_value_decile,2,47973,47441,0.9889104287828571,2.1360957622528076,0.3641970157623291,False
PRAD,shipped,resnet50,slide_out,abs,MEND148,predicted_value_decile,3,37945,37538,0.9892739491369087,2.093029737472534,0.4058050513267517,False
PRAD,shipped,resnet50,slide_out,abs,MEND148,predicted_value_decile,4,26973,26553,0.9844288733177622,2.0701944828033447,0.47421160340309143,False
PRAD,shipped,resnet50,slide_out,abs,MEND148,predicted_value_decile,5,15917,15568,0.9780737576176415,2.072613477706909,0.5716914534568787,False
PRAD,shipped,resnet50,slide_out,abs,MEND148,predicted_value_decile,6,8570,8315,0.9702450408401401,2.0584897994995117,0.6789315342903137,False
PRAD,shipped,resnet50,slide_out,abs,MEND148,predicted_value_decile,7,4714,4417,0.9369961815867628,2.0384020805358887,0.8062950968742371,False
PRAD,shipped,resnet50,slide_out,abs,MEND148,predicted_value_decile,8,2571,2104,0.8183586153247764,2.0328376293182373,0.9768608808517456,False
PRAD,shipped,resnet50,slide_out,abs,MEND148,predicted_value_decile,9,1004,721,0.7181274900398407,2.0695464611053467,1.2426037788391113,False
PRAD,shipped,resnet50,slide_out,abs,MEND149,predicted_value_decile,0,33235,31889,0.9595005265533323,1.9566477537155151,0.11111203581094742,False
PRAD,shipped,resnet50,slide_out,abs,MEND149,predicted_value_decile,1,41760,40661,0.9736829501915709,1.9911750555038452,0.26934361457824707,False
PRAD,shipped,resnet50,slide_out,abs,MEND149,predicted_value_decile,2,38400,37525,0.9772135416666666,2.027494430541992,0.3720216453075409,False
PRAD,shipped,resnet50,slide_out,abs,MEND149,predicted_value_decile,3,35393,34670,0.9795722317972481,2.050489664077759,0.4568699598312378,False
PRAD,shipped,resnet50,slide_out,abs,MEND149,predicted_value_decile,4,33029,32278,0.9772624057646311,2.058309555053711,0.543555736541748,False
PRAD,shipped,resnet50,slide_out,abs,MEND149,predicted_value_decile,5,29617,28983,0.9785933754262754,2.0444748401641846,0.6320465207099915,False
PRAD,shipped,resnet50,slide_out,abs,MEND149,predicted_value_decile,6,24281,23567,0.9705942918331205,2.045196056365967,0.7564464807510376,False
PRAD,shipped,resnet50,slide_out,abs,MEND149,predicted_value_decile,7,18789,17517,0.932300814306243,2.0306570529937744,0.8979994654655457,False
PRAD,shipped,resnet50,slide_out,abs,MEND149,predicted_value_decile,8,14398,11886,0.8255313237949715,2.023587465286255,1.0866855382919312,False
PRAD,shipped,resnet50,slide_out,abs,MEND149,predicted_value_decile,9,8748,6455,0.7378829446730681,2.0148634910583496,1.3685978651046753,False
PRAD,shipped,resnet50,slide_out,abs,MEND150,predicted_value_decile,0,22516,21000,0.9326701012613253,2.0383317470550537,0.059142764657735825,False
PRAD,shipped,resnet50,slide_out,abs,MEND150,predicted_value_decile,1,23984,22787,0.9500917278185457,2.1210668087005615,0.23197627067565918,False
PRAD,shipped,resnet50,slide_out,abs,MEND150,predicted_value_decile,2,22728,21603,0.9505015839493136,2.1996350288391113,0.3531879484653473,False
PRAD,shipped,resnet50,slide_out,abs,MEND150,predicted_value_decile,3,21549,20483,0.9505313471622813,2.2627596855163574,0.4642595052719116,False
PRAD,shipped,resnet50,slide_out,abs,MEND150,predicted_value_decile,4,21601,20228,0.9364381278644507,2.3010776042938232,0.5800082087516785,False
PRAD,shipped,resnet50,slide_out,abs,MEND150,predicted_value_decile,5,22971,21075,0.917461146663184,2.296531915664673,0.6827291250228882,False
PRAD,shipped,resnet50,slide_out,abs,MEND150,predicted_value_decile,6,26854,23956,0.892083116109332,2.2917613983154297,0.8066183924674988,False
PRAD,shipped,resnet50,slide_out,abs,MEND150,predicted_value_decile,7,34548,29500,0.8538844506194281,2.2472589015960693,0.9128252863883972,False
PRAD,shipped,resnet50,slide_out,abs,MEND150,predicted_value_decile,8,41650,34436,0.8267947178871549,2.2129111289978027,1.0830975770950317,False
PRAD,shipped,resnet50,slide_out,abs,MEND150,predicted_value_decile,9,24249,19406,0.8002804239350076,2.2600502967834473,1.4630645513534546,False
PRAD,shipped,resnet50,slide_out,abs,MEND151,predicted_value_decile,0,33706,32894,0.9759093336497953,2.1606788635253906,0.119875468313694,False
PRAD,shipped,resnet50,slide_out,abs,MEND151,predicted_value_decile,1,32425,31975,0.9861218195836546,2.175171136856079,0.280893474817276,False
PRAD,shipped,resnet50,slide_out,abs,MEND151,predicted_value_decile,2,28311,27912,0.9859065380947335,2.1652212142944336,0.35328060388565063,False
PRAD,shipped,resnet50,slide_out,abs,MEND151,predicted_value_decile,3,26861,26392,0.9825397416328506,2.179732084274292,0.4370635151863098,False
PRAD,shipped,resnet50,slide_out,abs,MEND151,predicted_value_decile,4,28159,27490,0.9762420540502148,2.192105531692505,0.5296931862831116,False
PRAD,shipped,resnet50,slide_out,abs,MEND151,predicted_value_decile,5,34546,33576,0.9719214959763793,2.200623035430908,0.6377960443496704,False
PRAD,shipped,resnet50,slide_out,abs,MEND151,predicted_value_decile,6,46130,44745,0.9699761543464123,2.1882526874542236,0.7551228404045105,False
PRAD,shipped,resnet50,slide_out,abs,MEND151,predicted_value_decile,7,59113,57028,0.9647285707035678,2.1827995777130127,0.9009037613868713,False
PRAD,shipped,resnet50,slide_out,abs,MEND151,predicted_value_decile,8,61959,55965,0.9032586064978454,2.1901156902313232,1.1054866313934326,False
PRAD,shipped,resnet50,slide_out,abs,MEND151,predicted_value_decile,9,38790,28345,0.7307295694766692,2.1724917888641357,1.400933861732483,False
PRAD,shipped,resnet50,slide_out,abs,MEND152,predicted_value_decile,0,13637,12831,0.9408960915157293,2.2863852977752686,0.1881558895111084,False
PRAD,shipped,resnet50,slide_out,abs,MEND152,predicted_value_decile,1,19674,18473,0.9389549659449019,2.230400800704956,0.3362456262111664,False
PRAD,shipped,resnet50,slide_out,abs,MEND152,predicted_value_decile,2,24635,23078,0.9367972396996144,2.175875186920166,0.4029111862182617,False
PRAD,shipped,resnet50,slide_out,abs,MEND152,predicted_value_decile,3,33387,31109,0.9317698505406296,2.1641297340393066,0.4711735248565674,False
PRAD,shipped,resnet50,slide_out,abs,MEND152,predicted_value_decile,4,46270,43055,0.9305165333909661,2.1451339721679688,0.5244606137275696,False
PRAD,shipped,resnet50,slide_out,abs,MEND152,predicted_value_decile,5,67750,63368,0.9353210332103321,2.144428014755249,0.6039884090423584,False
PRAD,shipped,resnet50,slide_out,abs,MEND152,predicted_value_decile,6,83558,79429,0.9505852222408387,2.1415436267852783,0.7144820094108582,False
PRAD,shipped,resnet50,slide_out,abs,MEND152,predicted_value_decile,7,80417,77054,0.9581804842259721,2.181844711303711,0.87838214635849,False
PRAD,shipped,resnet50,slide_out,abs,MEND152,predicted_value_decile,8,61946,56440,0.9111161334065153,2.3149478435516357,1.159728765487671,False
PRAD,shipped,resnet50,slide_out,abs,MEND152,predicted_value_decile,9,31026,24812,0.7997163669180687,2.3906617164611816,1.5619616508483887,False
PRAD,shipped,resnet50,slide_out,abs,MEND153,predicted_value_decile,0,11986,11562,0.9646253962956783,2.244159698486328,0.07357093691825867,False
PRAD,shipped,resnet50,slide_out,abs,MEND153,predicted_value_decile,1,13238,12488,0.9433449161504759,2.207520008087158,0.3116237223148346,False
PRAD,shipped,resnet50,slide_out,abs,MEND153,predicted_value_decile,2,17086,15978,0.935151586093878,2.177382230758667,0.39152753353118896,False
PRAD,shipped,resnet50,slide_out,abs,MEND153,predicted_value_decile,3,23290,21597,0.9273078574495491,2.1480650901794434,0.4518674314022064,False
PRAD,shipped,resnet50,slide_out,abs,MEND153,predicted_value_decile,4,32862,29921,0.9105045341123487,2.1200971603393555,0.5097073912620544,False
PRAD,shipped,resnet50,slide_out,abs,MEND153,predicted_value_decile,5,46012,40742,0.8854646613926802,2.114708423614502,0.5915412306785583,False
PRAD,shipped,resnet50,slide_out,abs,MEND153,predicted_value_decile,6,54324,47508,0.8745305942125028,2.1610019207000732,0.7314668893814087,False
PRAD,shipped,resnet50,slide_out,abs,MEND153,predicted_value_decile,7,44631,39256,0.879568013264323,2.269232988357544,0.9424684047698975,False
PRAD,shipped,resnet50,slide_out,abs,MEND153,predicted_value_decile,8,23019,20118,0.8739736739215431,2.4218227863311768,1.2371193170547485,False
PRAD,shipped,resnet50,slide_out,abs,MEND153,predicted_value_decile,9,6552,5012,0.7649572649572649,2.456639289855957,1.6242332458496094,False
PRAD,shipped,resnet50,slide_out,abs,MEND154,predicted_value_decile,0,12832,12288,0.9576059850374065,2.1881799697875977,0.09679333120584488,False
PRAD,shipped,resnet50,slide_out,abs,MEND154,predicted_value_decile,1,15802,15269,0.9662700923933679,2.150817632675171,0.27156373858451843,False
PRAD,shipped,resnet50,slide_out,abs,MEND154,predicted_value_decile,2,19233,18573,0.9656839806582437,2.1359050273895264,0.3588455021381378,False
PRAD,shipped,resnet50,slide_out,abs,MEND154,predicted_value_decile,3,24359,23530,0.9659674042448376,2.1148853302001953,0.4328332245349884,False
PRAD,shipped,resnet50,slide_out,abs,MEND154,predicted_value_decile,4,30546,29439,0.9637595757218621,2.104353904724121,0.523280143737793,False
PRAD,shipped,resnet50,slide_out,abs,MEND154,predicted_value_decile,5,37872,36273,0.9577788339670469,2.090646505355835,0.6279675960540771,False
PRAD,shipped,resnet50,slide_out,abs,MEND154,predicted_value_decile,6,43347,40771,0.9405725886451196,2.0772242546081543,0.7542514801025391,False
PRAD,shipped,resnet50,slide_out,abs,MEND154,predicted_value_decile,7,49814,44414,0.891596739872325,2.076779842376709,0.9103060364723206,False
PRAD,shipped,resnet50,slide_out,abs,MEND154,predicted_value_decile,8,64563,51934,0.8043926087697288,2.0528459548950195,1.1048222780227661,False
PRAD,shipped,resnet50,slide_out,abs,MEND154,predicted_value_decile,9,112032,81039,0.7233558269065982,1.9931249618530273,1.5079039335250854,False
PRAD,shipped,resnet50,slide_out,abs,MEND156,predicted_value_decile,0,16122,14377,0.8917628085845428,1.9407634735107422,0.12959083914756775,False
PRAD,shipped,resnet50,slide_out,abs,MEND156,predicted_value_decile,1,20796,18012,0.8661281015579919,1.9860174655914307,0.3137900233268738,False
PRAD,shipped,resnet50,slide_out,abs,MEND156,predicted_value_decile,2,22291,19305,0.8660445919877978,1.9761500358581543,0.3986585736274719,False
PRAD,shipped,resnet50,slide_out,abs,MEND156,predicted_value_decile,3,26078,22190,0.8509088120254621,1.9746060371398926,0.4762256145477295,False
PRAD,shipped,resnet50,slide_out,abs,MEND156,predicted_value_decile,4,34447,28650,0.8317124858478242,1.9615099430084229,0.5503138303756714,False
PRAD,shipped,resnet50,slide_out,abs,MEND156,predicted_value_decile,5,49830,39814,0.7989965884005619,1.9446831941604614,0.6388981938362122,False
PRAD,shipped,resnet50,slide_out,abs,MEND156,predicted_value_decile,6,72347,54553,0.7540464704825356,1.9208087921142578,0.7454705238342285,False
PRAD,shipped,resnet50,slide_out,abs,MEND156,predicted_value_decile,7,97394,68888,0.7073125654557776,1.8995004892349243,0.8766541481018066,False
PRAD,shipped,resnet50,slide_out,abs,MEND156,predicted_value_decile,8,111855,66996,0.5989540029502481,1.9097204208374023,1.0749282836914062,False
PRAD,shipped,resnet50,slide_out,abs,MEND156,predicted_value_decile,9,81940,50636,0.6179643641689041,1.9925339221954346,1.4379197359085083,False
PRAD,shipped,resnet50,slide_out,abs,MEND157,predicted_value_decile,0,20397,19249,0.9437172133156837,1.9994834661483765,0.08660552650690079,False
PRAD,shipped,resnet50,slide_out,abs,MEND157,predicted_value_decile,1,26956,25289,0.9381584804867191,1.9546452760696411,0.26129648089408875,False
PRAD,shipped,resnet50,slide_out,abs,MEND157,predicted_value_decile,2,31268,29671,0.9489254189586798,1.9375468492507935,0.36086025834083557,False
PRAD,shipped,resnet50,slide_out,abs,MEND157,predicted_value_decile,3,36056,34160,0.9474151320168627,1.929686427116394,0.4396672248840332,False
PRAD,shipped,resnet50,slide_out,abs,MEND157,predicted_value_decile,4,42461,40118,0.944819952426933,1.9414105415344238,0.5325281023979187,False
PRAD,shipped,resnet50,slide_out,abs,MEND157,predicted_value_decile,5,47955,44628,0.9306224585548952,1.9517664909362793,0.6398721933364868,False
PRAD,shipped,resnet50,slide_out,abs,MEND157,predicted_value_decile,6,53584,47895,0.8938302478351747,1.9619630575180054,0.7748371958732605,False
PRAD,shipped,resnet50,slide_out,abs,MEND157,predicted_value_decile,7,63548,51647,0.8127242399446089,1.9522194862365723,0.9176729321479797,False
PRAD,shipped,resnet50,slide_out,abs,MEND157,predicted_value_decile,8,79035,52573,0.6651863098627191,1.9303109645843506,1.1075688600540161,False
PRAD,shipped,resnet50,slide_out,abs,MEND157,predicted_value_decile,9,77240,47950,0.620792335577421,1.8611810207366943,1.3887287378311157,False
PRAD,shipped,resnet50,slide_out,abs,MEND158,predicted_value_decile,0,95581,91184,0.9539971333214761,2.2157301902770996,0.05625675618648529,False
PRAD,shipped,resnet50,slide_out,abs,MEND158,predicted_value_decile,1,46213,44086,0.953973990002813,2.253990888595581,0.28025203943252563,False
PRAD,shipped,resnet50,slide_out,abs,MEND158,predicted_value_decile,2,36597,34647,0.9467169440118043,2.2845511436462402,0.39389631152153015,False
PRAD,shipped,resnet50,slide_out,abs,MEND158,predicted_value_decile,3,34759,32185,0.9259472366869013,2.2997519969940186,0.48313823342323303,False
PRAD,shipped,resnet50,slide_out,abs,MEND158,predicted_value_decile,4,37155,33625,0.9049925985735433,2.292440891265869,0.5633898377418518,False
PRAD,shipped,resnet50,slide_out,abs,MEND158,predicted_value_decile,5,42790,38263,0.8942042533302174,2.2748072147369385,0.6523839235305786,False
PRAD,shipped,resnet50,slide_out,abs,MEND158,predicted_value_decile,6,48442,43296,0.8937698691218364,2.2485339641571045,0.7614019513130188,False
PRAD,shipped,resnet50,slide_out,abs,MEND158,predicted_value_decile,7,51086,45452,0.8897153819050229,2.199038028717041,0.880669891834259,False
PRAD,shipped,resnet50,slide_out,abs,MEND158,predicted_value_decile,8,46709,37186,0.7961206619709263,2.1768436431884766,1.0445654392242432,False
PRAD,shipped,resnet50,slide_out,abs,MEND158,predicted_value_decile,9,24468,14418,0.5892594409024031,2.225620985031128,1.3053498268127441,False
PRAD,shipped,resnet50,slide_out,abs,MEND159,predicted_value_decile,0,45125,39394,0.8729972299168975,1.899196982383728,0.007912742905318737,False
PRAD,shipped,resnet50,slide_out,abs,MEND159,predicted_value_decile,1,27069,24926,0.9208319479847796,1.9801369905471802,0.32410475611686707,False
PRAD,shipped,resnet50,slide_out,abs,MEND159,predicted_value_decile,2,27581,25111,0.9104455966063595,1.987686038017273,0.4130193591117859,False
PRAD,shipped,resnet50,slide_out,abs,MEND159,predicted_value_decile,3,30406,27763,0.9130763665066105,1.980640172958374,0.48374396562576294,False
PRAD,shipped,resnet50,slide_out,abs,MEND159,predicted_value_decile,4,36559,33429,0.9143849667660494,1.9599264860153198,0.5487344264984131,False
PRAD,shipped,resnet50,slide_out,abs,MEND159,predicted_value_decile,5,46222,42152,0.9119466920514041,1.9333409070968628,0.6346405744552612,False
PRAD,shipped,resnet50,slide_out,abs,MEND159,predicted_value_decile,6,57933,52143,0.900056962353063,1.8897440433502197,0.7382322549819946,False
PRAD,shipped,resnet50,slide_out,abs,MEND159,predicted_value_decile,7,70642,59294,0.8393590215452563,1.8564084768295288,0.8841655254364014,False
PRAD,shipped,resnet50,slide_out,abs,MEND159,predicted_value_decile,8,89402,56774,0.6350417216617078,1.8263026475906372,1.075803518295288,False
PRAD,shipped,resnet50,slide_out,abs,MEND159,predicted_value_decile,9,147461,47275,0.3205932416028645,1.8170650005340576,1.4736355543136597,False
PRAD,shipped,resnet50,slide_out,abs,MEND160,predicted_value_decile,0,78053,75649,0.9692004151025585,2.0713560581207275,0.05494135990738869,False
PRAD,shipped,resnet50,slide_out,abs,MEND160,predicted_value_decile,1,46857,45457,0.9701218601276224,2.167802095413208,0.2919994294643402,False
PRAD,shipped,resnet50,slide_out,abs,MEND160,predicted_value_decile,2,38944,37713,0.9683905094494659,2.2115542888641357,0.40720534324645996,False
PRAD,shipped,resnet50,slide_out,abs,MEND160,predicted_value_decile,3,37505,36163,0.9642181042527663,2.225081205368042,0.49397164583206177,False
PRAD,shipped,resnet50,slide_out,abs,MEND160,predicted_value_decile,4,40681,39150,0.9623657235564514,2.205596685409546,0.5752965211868286,False
PRAD,shipped,resnet50,slide_out,abs,MEND160,predicted_value_decile,5,49615,47533,0.9580368840068527,2.1940202713012695,0.6658558249473572,False
PRAD,shipped,resnet50,slide_out,abs,MEND160,predicted_value_decile,6,62996,59471,0.9440440662899232,2.1778299808502197,0.7702049016952515,False
PRAD,shipped,resnet50,slide_out,abs,MEND160,predicted_value_decile,7,79062,71511,0.9044926766335282,2.1920382976531982,0.9003469944000244,False
PRAD,shipped,resnet50,slide_out,abs,MEND160,predicted_value_decile,8,91449,76952,0.8414744830451946,2.236049175262451,1.0760164260864258,False
PRAD,shipped,resnet50,slide_out,abs,MEND160,predicted_value_decile,9,86688,57981,0.6688468992248062,2.325040817260742,1.4309742450714111,False
PRAD,shipped,resnet50,slide_out,abs,MEND161,predicted_value_decile,0,32978,31168,0.9451149251015829,2.0252180099487305,0.014998991042375565,False
PRAD,shipped,resnet50,slide_out,abs,MEND161,predicted_value_decile,1,22511,20604,0.9152858602461019,2.0833561420440674,0.2767433524131775,False
PRAD,shipped,resnet50,slide_out,abs,MEND161,predicted_value_decile,2,22952,20509,0.8935604740327641,2.104459285736084,0.38276296854019165,False
PRAD,shipped,resnet50,slide_out,abs,MEND161,predicted_value_decile,3,26163,22866,0.8739823414746015,2.122429609298706,0.476872056722641,False
PRAD,shipped,resnet50,slide_out,abs,MEND161,predicted_value_decile,4,32828,27765,0.8457719020348483,2.1259493827819824,0.564163327217102,False
PRAD,shipped,resnet50,slide_out,abs,MEND161,predicted_value_decile,5,43790,35681,0.8148207353277004,2.1145737171173096,0.6603782176971436,False
PRAD,shipped,resnet50,slide_out,abs,MEND161,predicted_value_decile,6,57359,44827,0.7815164141634269,2.0929460525512695,0.7730567455291748,False
PRAD,shipped,resnet50,slide_out,abs,MEND161,predicted_value_decile,7,66957,49837,0.7443135146437265,2.0643489360809326,0.9061952233314514,False
PRAD,shipped,resnet50,slide_out,abs,MEND161,predicted_value_decile,8,66961,44283,0.6613252490255522,2.023371458053589,1.0649381875991821,False
PRAD,shipped,resnet50,slide_out,abs,MEND161,predicted_value_decile,9,43751,26179,0.5983634659779205,1.9963176250457764,1.3441219329833984,False
PRAD,shipped,resnet50,slide_out,abs,MEND162,predicted_value_decile,0,121516,116949,0.9624164719049343,2.04948353767395,0.09200923144817352,False
PRAD,shipped,resnet50,slide_out,abs,MEND162,predicted_value_decile,1,64317,61790,0.9607102321314738,1.9694851636886597,0.2895388901233673,False
PRAD,shipped,resnet50,slide_out,abs,MEND162,predicted_value_decile,2,49045,47274,0.9638903048221021,1.9195725917816162,0.34604811668395996,False
PRAD,shipped,resnet50,slide_out,abs,MEND162,predicted_value_decile,3,42410,40886,0.9640650789908041,1.8825958967208862,0.39884573221206665,False
PRAD,shipped,resnet50,slide_out,abs,MEND162,predicted_value_decile,4,38391,37025,0.9644187439764528,1.865189790725708,0.4689493179321289,False
PRAD,shipped,resnet50,slide_out,abs,MEND162,predicted_value_decile,5,32113,30902,0.9622894155015103,1.8319165706634521,0.5472033619880676,False
PRAD,shipped,resnet50,slide_out,abs,MEND162,predicted_value_decile,6,23047,21991,0.9541805874951187,1.821179986000061,0.6541479229927063,False
PRAD,shipped,resnet50,slide_out,abs,MEND162,predicted_value_decile,7,12577,10928,0.8688876520632901,1.8465548753738403,0.7958720922470093,False
PRAD,shipped,resnet50,slide_out,abs,MEND162,predicted_value_decile,8,6037,4026,0.6668875269173431,1.8938534259796143,0.9796589612960815,False
PRAD,shipped,resnet50,slide_out,abs,MEND162,predicted_value_decile,9,1897,409,0.21560358460727463,1.9412095546722412,1.2623674869537354,False
PRAD,shipped,resnet50,slide_out,abs,MEND139,neoplastic_fraction_tertile,1,148200,130155,0.8782388663967612,2.168159246444702,0.8434036374092102,False
PRAD,shipped,resnet50,slide_out,abs,MEND139,neoplastic_fraction_tertile,2,413400,339281,0.8207087566521529,2.168159246444702,1.1865986585617065,False
PRAD,shipped,resnet50,slide_out,abs,MEND140,neoplastic_fraction_tertile,1,216150,197338,0.9129678464029609,1.998718500137329,0.5217617750167847,False
PRAD,shipped,resnet50,slide_out,abs,MEND140,neoplastic_fraction_tertile,2,73950,58447,0.7903583502366464,1.99871826171875,0.7185132503509521,False
PRAD,shipped,resnet50,slide_out,abs,MEND141,neoplastic_fraction_tertile,1,255300,240919,0.9436701919310615,2.0884833335876465,0.47304457426071167,False
PRAD,shipped,resnet50,slide_out,abs,MEND141,neoplastic_fraction_tertile,2,13500,11341,0.8400740740740741,2.0884833335876465,0.7419962286949158,False
PRAD,shipped,resnet50,slide_out,abs,MEND142,neoplastic_fraction_tertile,1,319800,309009,0.9662570356472796,2.160614013671875,0.5022760033607483,False
PRAD,shipped,resnet50,slide_out,abs,MEND142,neoplastic_fraction_tertile,2,129750,118620,0.9142196531791907,2.160614252090454,0.8426190614700317,False
PRAD,shipped,resnet50,slide_out,abs,MEND143,neoplastic_fraction_tertile,1,532800,515030,0.9666478978978978,1.9724185466766357,0.36579710245132446,False
PRAD,shipped,resnet50,slide_out,abs,MEND143,neoplastic_fraction_tertile,2,39600,35919,0.9070454545454546,1.9724186658859253,0.5814442038536072,False
PRAD,shipped,resnet50,slide_out,abs,MEND144,neoplastic_fraction_tertile,1,566550,557006,0.983154178801518,2.1269357204437256,0.43745750188827515,False
PRAD,shipped,resnet50,slide_out,abs,MEND144,neoplastic_fraction_tertile,2,44550,42528,0.9546127946127946,2.1269357204437256,0.4565274715423584,False
PRAD,shipped,resnet50,slide_out,abs,MEND145,neoplastic_fraction_tertile,1,159450,154477,0.9688115396676074,2.132037878036499,0.34878355264663696,False
PRAD,shipped,resnet50,slide_out,abs,MEND145,neoplastic_fraction_tertile,2,52200,44331,0.8492528735632184,2.132037878036499,0.49004119634628296,False
PRAD,shipped,resnet50,slide_out,abs,MEND146,neoplastic_fraction_tertile,1,243600,238264,0.9780952380952381,2.0123696327209473,0.3306901752948761,False
PRAD,shipped,resnet50,slide_out,abs,MEND146,neoplastic_fraction_tertile,2,50550,43185,0.8543026706231454,2.0123696327209473,0.4376111328601837,False
PRAD,shipped,resnet50,slide_out,abs,MEND147,neoplastic_fraction_tertile,1,105450,103757,0.9839449976292082,2.2385079860687256,0.35909584164619446,False
PRAD,shipped,resnet50,slide_out,abs,MEND147,neoplastic_fraction_tertile,2,241650,228370,0.9450444858266087,2.2385077476501465,0.5968784093856812,False
PRAD,shipped,resnet50,slide_out,abs,MEND148,neoplastic_fraction_tertile,1,186900,185489,0.9924505082932049,2.1340816020965576,0.3333685100078583,False
PRAD,shipped,resnet50,slide_out,abs,MEND148,neoplastic_fraction_tertile,2,57300,54256,0.9468760907504363,2.1340816020965576,0.5099030137062073,False
PRAD,shipped,resnet50,slide_out,abs,MEND149,neoplastic_fraction_tertile,1,214350,207256,0.9669045952880803,2.0231213569641113,0.4727649390697479,False
PRAD,shipped,resnet50,slide_out,abs,MEND149,neoplastic_fraction_tertile,2,63150,58028,0.9188915281076802,2.0231213569641113,0.6891712546348572,False
PRAD,shipped,resnet50,slide_out,abs,MEND150,neoplastic_fraction_tertile,1,142650,133050,0.9327024185068349,2.2239956855773926,0.5691689848899841,False
PRAD,shipped,resnet50,slide_out,abs,MEND150,neoplastic_fraction_tertile,2,120000,101424,0.8452,2.2239956855773926,0.8811069130897522,False
PRAD,shipped,resnet50,slide_out,abs,MEND151,neoplastic_fraction_tertile,1,328500,310839,0.9462374429223744,2.1817991733551025,0.6948778629302979,False
PRAD,shipped,resnet50,slide_out,abs,MEND151,neoplastic_fraction_tertile,2,61500,55483,0.9021626016260162,2.1817989349365234,0.8861422538757324,False
PRAD,shipped,resnet50,slide_out,abs,MEND152,neoplastic_fraction_tertile,1,101700,96970,0.9534906588003933,2.2008049488067627,0.6493539810180664,False
PRAD,shipped,resnet50,slide_out,abs,MEND152,neoplastic_fraction_tertile,2,360300,332408,0.922586733277824,2.2008049488067627,0.7898282408714294,False
PRAD,shipped,resnet50,slide_out,abs,MEND153,neoplastic_fraction_tertile,1,102450,91671,0.894787701317716,2.20088529586792,0.6416730880737305,False
PRAD,shipped,resnet50,slide_out,abs,MEND153,neoplastic_fraction_tertile,2,164100,146111,0.8903778184034126,2.20088529586792,0.7373446822166443,False
PRAD,shipped,resnet50,slide_out,abs,MEND154,neoplastic_fraction_tertile,1,345900,304259,0.879615495808037,2.0649237632751465,0.8986967206001282,False
PRAD,shipped,resnet50,slide_out,abs,MEND154,neoplastic_fraction_tertile,2,63150,47994,0.76,2.0649237632751465,1.1024951934814453,False
PRAD,shipped,resnet50,slide_out,abs,MEND156,neoplastic_fraction_tertile,1,337950,260680,0.771356709572422,1.9385682344436646,0.8772890567779541,False
PRAD,shipped,resnet50,slide_out,abs,MEND156,neoplastic_fraction_tertile,2,195000,122595,0.6286923076923077,1.9385682344436646,0.8285170793533325,False
PRAD,shipped,resnet50,slide_out,abs,MEND157,neoplastic_fraction_tertile,1,384750,325642,0.8463729694606887,1.9334864616394043,0.7655708193778992,False
PRAD,shipped,resnet50,slide_out,abs,MEND157,neoplastic_fraction_tertile,2,93450,67267,0.7198180845371857,1.9334864616394043,0.955206573009491,False
PRAD,shipped,resnet50,slide_out,abs,MEND158,neoplastic_fraction_tertile,1,290700,264877,0.9111695906432749,2.241058826446533,0.46852317452430725,False
PRAD,shipped,resnet50,slide_out,abs,MEND158,neoplastic_fraction_tertile,2,172800,149168,0.8632407407407408,2.241058588027954,0.7216631174087524,False
PRAD,shipped,resnet50,slide_out,abs,MEND159,neoplastic_fraction_tertile,1,238650,156117,0.6541671904462603,1.879673957824707,0.9015138745307922,False
PRAD,shipped,resnet50,slide_out,abs,MEND159,neoplastic_fraction_tertile,2,339450,251862,0.7419708351745471,1.879673957824707,0.8487647175788879,False
PRAD,shipped,resnet50,slide_out,abs,MEND160,neoplastic_fraction_tertile,1,382350,352859,0.9228690989930691,2.203076124191284,0.6112582683563232,False
PRAD,shipped,resnet50,slide_out,abs,MEND160,neoplastic_fraction_tertile,2,229050,194301,0.8482907662082515,2.203076124191284,0.9479649066925049,False
PRAD,shipped,resnet50,slide_out,abs,MEND161,neoplastic_fraction_tertile,1,341100,268348,0.7867135737320434,2.06847882270813,0.7252944707870483,False
PRAD,shipped,resnet50,slide_out,abs,MEND161,neoplastic_fraction_tertile,2,73500,53741,0.7311700680272109,2.068479061126709,0.8505986928939819,False
PRAD,shipped,resnet50,slide_out,abs,MEND162,neoplastic_fraction_tertile,1,300450,288368,0.9597869861873856,1.943145751953125,0.3292345404624939,False
PRAD,shipped,resnet50,slide_out,abs,MEND162,neoplastic_fraction_tertile,2,72150,65525,0.9081774081774082,1.943145751953125,0.42192989587783813,False
READ,shipped,resnet50,slide_out,abs,ZEN36,predicted_value_decile,0,18688,15155,0.8109482020547946,1.6860427856445312,-0.04514515399932861,False
READ,shipped,resnet50,slide_out,abs,ZEN36,predicted_value_decile,1,26317,21451,0.8151005053767527,1.6882076263427734,0.08863329142332077,False
READ,shipped,resnet50,slide_out,abs,ZEN36,predicted_value_decile,2,32163,26507,0.8241457575474924,1.693228840827942,0.16385391354560852,False
READ,shipped,resnet50,slide_out,abs,ZEN36,predicted_value_decile,3,35367,28943,0.818361749653632,1.709441065788269,0.2314448356628418,False
READ,shipped,resnet50,slide_out,abs,ZEN36,predicted_value_decile,4,36967,30023,0.812156788487029,1.7317968606948853,0.3032199740409851,False
READ,shipped,resnet50,slide_out,abs,ZEN36,predicted_value_decile,5,34965,28186,0.8061204061204061,1.7397788763046265,0.3789564073085785,False
READ,shipped,resnet50,slide_out,abs,ZEN36,predicted_value_decile,6,29362,23261,0.7922144268101627,1.736572027206421,0.4668428301811218,False
READ,shipped,resnet50,slide_out,abs,ZEN36,predicted_value_decile,7,21439,15731,0.7337562386305332,1.7337632179260254,0.5671748518943787,False
READ,shipped,resnet50,slide_out,abs,ZEN36,predicted_value_decile,8,12601,9261,0.7349416712959289,1.6235194206237793,0.6432501077651978,False
READ,shipped,resnet50,slide_out,abs,ZEN36,predicted_value_decile,9,5781,3993,0.6907109496626881,1.530783772468567,0.7321940660476685,False
READ,shipped,resnet50,slide_out,abs,ZEN40,predicted_value_decile,0,21436,17967,0.8381694345960067,1.360866665840149,-0.14384709298610687,False
READ,shipped,resnet50,slide_out,abs,ZEN40,predicted_value_decile,1,13746,12038,0.8757456714680635,1.3819656372070312,0.053983770310878754,False
READ,shipped,resnet50,slide_out,abs,ZEN40,predicted_value_decile,2,12699,11421,0.8993621545003544,1.4012868404388428,0.14178641140460968,False
READ,shipped,resnet50,slide_out,abs,ZEN40,predicted_value_decile,3,13337,12099,0.9071755267301492,1.4024982452392578,0.21327383816242218,False
READ,shipped,resnet50,slide_out,abs,ZEN40,predicted_value_decile,4,15297,13950,0.9119435183369288,1.3985568284988403,0.2823607325553894,False
READ,shipped,resnet50,slide_out,abs,ZEN40,predicted_value_decile,5,19946,18477,0.9263511480998696,1.4014135599136353,0.3681502342224121,False
READ,shipped,resnet50,slide_out,abs,ZEN40,predicted_value_decile,6,28707,25903,0.9023234751106002,1.3886630535125732,0.46886640787124634,False
READ,shipped,resnet50,slide_out,abs,ZEN40,predicted_value_decile,7,44322,31478,0.7102116330490501,1.39324152469635,0.6269925832748413,False
READ,shipped,resnet50,slide_out,abs,ZEN40,predicted_value_decile,8,67104,29806,0.4441762041010968,1.4020434617996216,0.9059082269668579,False
READ,shipped,resnet50,slide_out,abs,ZEN40,predicted_value_decile,9,82606,21958,0.26581604241822626,1.3841396570205688,1.3391456604003906,False
READ,shipped,resnet50,slide_out,abs,ZEN48,predicted_value_decile,0,43596,40659,0.9326314340765208,1.9646813869476318,-0.05989004671573639,False
READ,shipped,resnet50,slide_out,abs,ZEN48,predicted_value_decile,1,46003,44186,0.9605025759189618,2.0488147735595703,0.08854404836893082,False
READ,shipped,resnet50,slide_out,abs,ZEN48,predicted_value_decile,2,44164,42779,0.9686396159768137,2.068410873413086,0.16723139584064484,False
READ,shipped,resnet50,slide_out,abs,ZEN48,predicted_value_decile,3,41801,40505,0.9689959570345207,2.0724732875823975,0.2334999442100525,False
READ,shipped,resnet50,slide_out,abs,ZEN48,predicted_value_decile,4,39438,38261,0.9701556874080836,2.0713539123535156,0.29789435863494873,False
READ,shipped,resnet50,slide_out,abs,ZEN48,predicted_value_decile,5,37407,35852,0.9584302403293501,2.043914794921875,0.37295404076576233,False
READ,shipped,resnet50,slide_out,abs,ZEN48,predicted_value_decile,6,34693,32532,0.9377107773902517,1.9656153917312622,0.4694381356239319,False
READ,shipped,resnet50,slide_out,abs,ZEN48,predicted_value_decile,7,29262,26550,0.9073200738158704,1.8410152196884155,0.589458167552948,False
READ,shipped,resnet50,slide_out,abs,ZEN48,predicted_value_decile,8,22234,19906,0.8952954933885041,1.7469300031661987,0.6963933110237122,False
READ,shipped,resnet50,slide_out,abs,ZEN48,predicted_value_decile,9,19152,12582,0.6569548872180451,1.7734966278076172,0.9188008904457092,False
READ,shipped,resnet50,slide_out,abs,ZEN49,predicted_value_decile,0,42380,39380,0.9292118924020765,2.1012191772460938,-0.07948756217956543,False
READ,shipped,resnet50,slide_out,abs,ZEN49,predicted_value_decile,1,40034,38460,0.9606834190937703,2.14424467086792,0.07957293838262558,False
READ,shipped,resnet50,slide_out,abs,ZEN49,predicted_value_decile,2,37099,35843,0.9661446400172511,2.1226813793182373,0.16210457682609558,False
READ,shipped,resnet50,slide_out,abs,ZEN49,predicted_value_decile,3,35570,34400,0.9671071127354512,2.1118462085723877,0.23260743916034698,False
READ,shipped,resnet50,slide_out,abs,ZEN49,predicted_value_decile,4,34398,33212,0.965521251235537,2.053734540939331,0.30288565158843994,False
READ,shipped,resnet50,slide_out,abs,ZEN49,predicted_value_decile,5,33812,32439,0.9593931148704602,1.9825031757354736,0.3837772309780121,False
READ,shipped,resnet50,slide_out,abs,ZEN49,predicted_value_decile,6,33308,31510,0.9460189744205596,1.9296932220458984,0.4908616244792938,False
READ,shipped,resnet50,slide_out,abs,ZEN49,predicted_value_decile,7,31077,27689,0.8909804678701291,1.877099633216858,0.629356861114502,False
READ,shipped,resnet50,slide_out,abs,ZEN49,predicted_value_decile,8,24161,20502,0.848557592814867,1.8579586744308472,0.7576184272766113,False
READ,shipped,resnet50,slide_out,abs,ZEN49,predicted_value_decile,9,18611,12657,0.6800816721293859,1.8628579378128052,0.960078239440918,False
READ,shipped,resnet50,slide_out,abs,ZEN36,neoplastic_fraction_tertile,0,100200,79049,0.7889121756487026,1.7077548503875732,0.3383164405822754,False
READ,shipped,resnet50,slide_out,abs,ZEN36,neoplastic_fraction_tertile,1,100950,79580,0.7883110450718177,1.7077546119689941,0.2995836138725281,False
READ,shipped,resnet50,slide_out,abs,ZEN36,neoplastic_fraction_tertile,2,52500,43882,0.8358476190476191,1.7077547311782837,0.25651445984840393,False
READ,shipped,resnet50,slide_out,abs,ZEN40,neoplastic_fraction_tertile,0,55500,36870,0.6643243243243243,1.3911371231079102,0.6256501078605652,False
READ,shipped,resnet50,slide_out,abs,ZEN40,neoplastic_fraction_tertile,1,149700,87208,0.5825517702070808,1.3911372423171997,0.7580319046974182,False
READ,shipped,resnet50,slide_out,abs,ZEN40,neoplastic_fraction_tertile,2,111600,69528,0.6230107526881721,1.3911371231079102,0.6879480481147766,False
READ,shipped,resnet50,slide_out,abs,ZEN48,neoplastic_fraction_tertile,0,106500,98455,0.9244600938967136,1.9871517419815063,0.3650646209716797,False
READ,shipped,resnet50,slide_out,abs,ZEN48,neoplastic_fraction_tertile,1,91650,85609,0.9340861974904529,1.987151861190796,0.3115685284137726,False
READ,shipped,resnet50,slide_out,abs,ZEN48,neoplastic_fraction_tertile,2,159150,149363,0.9385045554508326,1.9871516227722168,0.27262723445892334,False
READ,shipped,resnet50,slide_out,abs,ZEN49,neoplastic_fraction_tertile,0,157200,143933,0.9156043256997456,2.023318290710449,0.35456618666648865,False
READ,shipped,resnet50,slide_out,abs,ZEN49,neoplastic_fraction_tertile,1,76950,71573,0.9301234567901234,2.02331805229187,0.32232773303985596,False
READ,shipped,resnet50,slide_out,abs,ZEN49,neoplastic_fraction_tertile,2,96300,90586,0.9406645898234683,2.02331805229187,0.30155447125434875,False
IDC,audited,resnet50,slide_out,abs,NCBI783,predicted_value_decile,0,61273,52996,0.8649160315310169,4.8800787925720215,0.11143707484006882,True
IDC,audited,resnet50,slide_out,abs,NCBI783,predicted_value_decile,1,59257,52553,0.8868656867543075,5.005773544311523,0.7045460939407349,True
IDC,audited,resnet50,slide_out,abs,NCBI783,predicted_value_decile,2,51902,46207,0.8902739778813918,4.992338180541992,1.157129168510437,True
IDC,audited,resnet50,slide_out,abs,NCBI783,predicted_value_decile,3,47025,41354,0.879404572036151,4.847133636474609,1.499230980873108,True
IDC,audited,resnet50,slide_out,abs,NCBI783,predicted_value_decile,4,44591,38768,0.8694131102688883,4.856318473815918,1.8186657428741455,True
IDC,audited,resnet50,slide_out,abs,NCBI783,predicted_value_decile,5,41606,35380,0.8503581214247945,4.943851947784424,2.120751142501831,True
IDC,audited,resnet50,slide_out,abs,NCBI783,predicted_value_decile,6,37295,31892,0.8551280332484247,5.096861362457275,2.393371343612671,True
IDC,audited,resnet50,slide_out,abs,NCBI783,predicted_value_decile,7,33092,28271,0.8543152423546476,4.968238353729248,2.529862403869629,True
IDC,audited,resnet50,slide_out,abs,NCBI783,predicted_value_decile,8,31658,26447,0.8353970560363889,4.437292575836182,2.4815683364868164,True
IDC,audited,resnet50,slide_out,abs,NCBI783,predicted_value_decile,9,43051,34497,0.8013054284453323,3.826303482055664,2.7699687480926514,True
IDC,audited,resnet50,slide_out,abs,NCBI785,predicted_value_decile,0,89506,53665,0.599568743994816,3.974611282348633,0.20326291024684906,True
IDC,audited,resnet50,slide_out,abs,NCBI785,predicted_value_decile,1,80352,61178,0.7613749502190362,4.1766510009765625,0.8354905247688293,True
IDC,audited,resnet50,slide_out,abs,NCBI785,predicted_value_decile,2,73601,59390,0.8069183842610834,4.441699028015137,1.144657850265503,True
IDC,audited,resnet50,slide_out,abs,NCBI785,predicted_value_decile,3,65304,53242,0.8152946220752174,4.5458526611328125,1.4186707735061646,True
IDC,audited,resnet50,slide_out,abs,NCBI785,predicted_value_decile,4,56223,45942,0.8171388933354677,4.569091320037842,1.6561906337738037,True
IDC,audited,resnet50,slide_out,abs,NCBI785,predicted_value_decile,5,49183,40231,0.8179858894333408,4.478986740112305,1.8575739860534668,True
IDC,audited,resnet50,slide_out,abs,NCBI785,predicted_value_decile,6,45361,36653,0.8080289235246136,4.445030212402344,2.1253490447998047,True
IDC,audited,resnet50,slide_out,abs,NCBI785,predicted_value_decile,7,45586,35937,0.7883341376738472,4.4512481689453125,2.4546172618865967,True
IDC,audited,resnet50,slide_out,abs,NCBI785,predicted_value_decile,8,45266,34795,0.768678478328105,4.386014938354492,2.842532157897949,True
IDC,audited,resnet50,slide_out,abs,NCBI785,predicted_value_decile,9,51118,34018,0.6654798701044642,4.67823600769043,4.178386211395264,True
IDC,audited,resnet50,slide_out,abs,TENX95,predicted_value_decile,0,116137,85909,0.7397211913515934,5.633950710296631,-0.03123065084218979,True
IDC,audited,resnet50,slide_out,abs,TENX95,predicted_value_decile,1,135964,110505,0.8127519049160071,5.714740753173828,0.6682697534561157,True
IDC,audited,resnet50,slide_out,abs,TENX95,predicted_value_decile,2,133505,114727,0.8593460919066702,5.506447792053223,1.0345343351364136,True
IDC,audited,resnet50,slide_out,abs,TENX95,predicted_value_decile,3,131199,118417,0.9025754769472328,5.466951847076416,1.3782321214675903,True
IDC,audited,resnet50,slide_out,abs,TENX95,predicted_value_decile,4,125855,117208,0.9312939493861984,5.438650608062744,1.6824958324432373,True
IDC,audited,resnet50,slide_out,abs,TENX95,predicted_value_decile,5,116997,111466,0.9527252835542792,5.359284400939941,1.9579514265060425,True
IDC,audited,resnet50,slide_out,abs,TENX95,predicted_value_decile,6,109115,105560,0.9674196948173945,5.253076076507568,2.2154006958007812,True
IDC,audited,resnet50,slide_out,abs,TENX95,predicted_value_decile,7,99428,96506,0.9706119000683912,5.133418560028076,2.4582574367523193,True
IDC,audited,resnet50,slide_out,abs,TENX95,predicted_value_decile,8,94809,91037,0.9602147475450643,5.012683868408203,2.720947504043579,True
IDC,audited,resnet50,slide_out,abs,TENX95,predicted_value_decile,9,100991,89753,0.8887227574734382,4.688329219818115,3.162830114364624,True
IDC,audited,resnet50,slide_out,abs,TENX99,predicted_value_decile,0,266134,244376,0.9182441927750682,5.038306713104248,-0.050790153443813324,True
IDC,audited,resnet50,slide_out,abs,TENX99,predicted_value_decile,1,257477,246317,0.9566563227006684,4.798314571380615,0.6995231509208679,True
IDC,audited,resnet50,slide_out,abs,TENX99,predicted_value_decile,2,274042,258555,0.9434867648024755,4.780399322509766,1.0770827531814575,True
IDC,audited,resnet50,slide_out,abs,TENX99,predicted_value_decile,3,289471,269090,0.9295922562191031,4.75722599029541,1.365299940109253,True
IDC,audited,resnet50,slide_out,abs,TENX99,predicted_value_decile,4,306382,278351,0.9085096382946779,4.764488220214844,1.6416507959365845,True
IDC,audited,resnet50,slide_out,abs,TENX99,predicted_value_decile,5,325264,289492,0.8900216439569089,4.7850775718688965,1.9301209449768066,True
IDC,audited,resnet50,slide_out,abs,TENX99,predicted_value_decile,6,341229,300063,0.8793596089429679,4.768670558929443,2.2276828289031982,True
IDC,audited,resnet50,slide_out,abs,TENX99,predicted_value_decile,7,354944,304369,0.8575127344031734,4.769733428955078,2.5667357444763184,True
IDC,audited,resnet50,slide_out,abs,TENX99,predicted_value_decile,8,361317,295403,0.8175729345699206,4.798451900482178,2.9937403202056885,True
IDC,audited,resnet50,slide_out,abs,TENX99,predicted_value_decile,9,337890,210911,0.6242001834916688,4.7077765464782715,3.8120555877685547,True
IDC,audited,resnet50,slide_out,abs,NCBI783,neoplastic_fraction_tertile,1,320400,280580,0.8757178526841448,4.802292346954346,1.6144341230392456,True
IDC,audited,resnet50,slide_out,abs,NCBI783,neoplastic_fraction_tertile,2,117600,95323,0.8105697278911564,4.802292823791504,1.6809192895889282,True
IDC,audited,resnet50,slide_out,abs,NCBI785,neoplastic_fraction_tertile,1,368250,283907,0.7709626612355737,4.379938125610352,1.3746826648712158,True
IDC,audited,resnet50,slide_out,abs,NCBI785,neoplastic_fraction_tertile,2,222750,163892,0.7357665544332211,4.379938125610352,2.1765270233154297,True
IDC,audited,resnet50,slide_out,abs,TENX95,neoplastic_fraction_tertile,1,668700,601494,0.8994975325257963,5.3501105308532715,1.5099471807479858,True
IDC,audited,resnet50,slide_out,abs,TENX95,neoplastic_fraction_tertile,2,475500,420055,0.8833964248159831,5.3501105308532715,1.8770557641983032,True
IDC,audited,resnet50,slide_out,abs,TENX99,neoplastic_fraction_tertile,1,2135550,1895391,0.8875423193088432,4.7924041748046875,1.6656311750411987,True
IDC,audited,resnet50,slide_out,abs,TENX99,neoplastic_fraction_tertile,2,931200,756065,0.811925472508591,4.792404651641846,2.617525339126587,True
