encoder,design,n_folds,width_mean_pooled_over_folds,width_median_pooled_over_folds,coverage_mean_pooled_over_folds,n_task_files,width_mean_over_task_files,width_median_over_task_files,coverage_mean_over_task_files,benchmark_pca_ridge_avg_paper9,coverage_min_across_encoders,coverage_max_across_encoders,coverage_range_across_encoders,spearman_width_mean_vs_pearson,spearman_width_median_vs_pearson,spearman_coverage_vs_pearson
resnet50,donor,52,2.811713845673754,2.292655210132375,0.8362895727897357,11,3.0492720812086165,2.4769210362338923,0.8017533106897772,0.3252,0.7966960150355717,0.8115509751787205,0.014854960143148799,-0.9580419580419581,-0.9860139860139862,-0.055944055944055944
ctranspath,donor,52,2.7015313269305903,2.2815624292311165,0.834256087917622,11,2.878571781790688,2.442247123473644,0.7974139696055844,0.3468,0.7966960150355717,0.8115509751787205,0.014854960143148799,-0.9580419580419581,-0.9860139860139862,-0.055944055944055944
phikon,donor,52,2.648276209444613,2.23628405248518,0.8330108302673297,11,2.8351571562168365,2.462053411443206,0.7983581810945076,0.3661,0.7966960150355717,0.8115509751787205,0.014854960143148799,-0.9580419580419581,-0.9860139860139862,-0.055944055944055944
conch_v1,donor,52,2.631366696671953,2.233311098340586,0.8387388759446162,11,2.807341084133824,2.3988597292570955,0.8110707743761633,0.3696,0.7966960150355717,0.8115509751787205,0.014854960143148799,-0.9580419580419581,-0.9860139860139862,-0.055944055944055944
conch_v15,donor,52,2.6089192070334075,2.249432533505721,0.8392103370983724,11,2.769226556365765,2.421515165429354,0.8115509751787205,0.3792,0.7966960150355717,0.8115509751787205,0.014854960143148799,-0.9580419580419581,-0.9860139860139862,-0.055944055944055944
uni_v1,donor,52,2.57995907848517,2.187093157048615,0.8336533195793874,11,2.713047509605072,2.382030615292758,0.8028857939729879,0.3856,0.7966960150355717,0.8115509751787205,0.014854960143148799,-0.9580419580419581,-0.9860139860139862,-0.055944055944055944
gigapath,donor,52,2.574236887944115,2.1825788885330635,0.8369715371940737,11,2.7209046307934717,2.3709091368211377,0.8032927750731095,0.3875,0.7966960150355717,0.8115509751787205,0.014854960143148799,-0.9580419580419581,-0.9860139860139862,-0.055944055944055944
virchow2,donor,52,2.567202235636174,2.1717700711417094,0.8313619910252411,11,2.7142580632815334,2.3654129625937053,0.7966960150355717,0.4033,0.7966960150355717,0.8115509751787205,0.014854960143148799,-0.9580419580419581,-0.9860139860139862,-0.055944055944055944
virchow,donor,52,2.5611276564651257,2.186967682124698,0.8329277311381345,11,2.6872318628969682,2.3243564066203453,0.7977646997051061,0.406,0.7966960150355717,0.8115509751787205,0.014854960143148799,-0.9580419580419581,-0.9860139860139862,-0.055944055944055944
uni_v2,donor,52,2.513965382965743,2.1617275229938486,0.8378237901787392,11,2.6388272803352035,2.2857945072181787,0.8075993760793542,0.4142,0.7966960150355717,0.8115509751787205,0.014854960143148799,-0.9580419580419581,-0.9860139860139862,-0.055944055944055944
hoptimus0,donor,52,2.5411097784099965,2.1423275431638307,0.8325562511055293,11,2.671419915068278,2.28493863847081,0.8011316007820024,0.415,0.7966960150355717,0.8115509751787205,0.014854960143148799,-0.9580419580419581,-0.9860139860139862,-0.055944055944055944
hoptimus1,donor,52,2.548075604396331,2.207727439771485,0.8329363017591345,11,2.6435178871656846,2.253331337243269,0.7998651394176821,0.4229,0.7966960150355717,0.8115509751787205,0.014854960143148799,-0.9580419580419581,-0.9860139860139862,-0.055944055944055944
resnet50,patient,33,3.005343828589475,2.5463907282375504,0.8016305705337028,11,2.859170432918535,2.4061689389809056,0.7828971434898245,0.3252,0.7794773692378577,0.7948935341710719,0.015416164933214183,-0.9720279720279721,0.055944055944055944,0.1958041958041958
ctranspath,patient,33,2.9181390514148347,2.5600081964236425,0.7995111239204161,11,2.768335342532472,2.2989821778568684,0.7798433638273383,0.3468,0.7794773692378577,0.7948935341710719,0.015416164933214183,-0.9720279720279721,0.055944055944055944,0.1958041958041958
phikon,patient,33,2.808271818261383,2.5101728508455556,0.7967329865204242,11,2.6798032236691216,2.3166699327372027,0.7794773692378577,0.3661,0.7794773692378577,0.7948935341710719,0.015416164933214183,-0.9720279720279721,0.055944055944055944,0.1958041958041958
conch_v1,patient,33,2.8138082932155366,2.476403970910829,0.8101668599879258,11,2.693152335363591,2.30840006212447,0.7944961697780322,0.3696,0.7794773692378577,0.7948935341710719,0.015416164933214183,-0.9720279720279721,0.055944055944055944,0.1958041958041958
conch_v15,patient,33,2.769424644730171,2.519932701034646,0.8088374028873262,11,2.6488315196458996,2.3179205762266166,0.7948935341710719,0.3792,0.7794773692378577,0.7948935341710719,0.015416164933214183,-0.9720279720279721,0.055944055944055944,0.1958041958041958
uni_v1,patient,33,2.7232028362877667,2.428073646717723,0.8029316672405082,11,2.589542008294173,2.2812487376183075,0.7883990781932215,0.3856,0.7794773692378577,0.7948935341710719,0.015416164933214183,-0.9720279720279721,0.055944055944055944,0.1958041958041958
gigapath,patient,33,2.7306938372086944,2.4391639248013615,0.8040090415025731,11,2.59760970188592,2.261959316911465,0.7882575638113489,0.3875,0.7794773692378577,0.7948935341710719,0.015416164933214183,-0.9720279720279721,0.055944055944055944,0.1958041958041958
virchow2,patient,33,2.7203341975957125,2.471876265982005,0.7995313933233327,11,2.5913161528461224,2.3818605291982617,0.7826872601361096,0.4033,0.7794773692378577,0.7948935341710719,0.015416164933214183,-0.9720279720279721,0.055944055944055944,0.1958041958041958
virchow,patient,33,2.720724358048071,2.4162484720961803,0.7984845483559774,11,2.5834228270844766,2.3446659486725316,0.7813386078190109,0.406,0.7794773692378577,0.7948935341710719,0.015416164933214183,-0.9720279720279721,0.055944055944055944,0.1958041958041958
uni_v2,patient,33,2.662393036443165,2.395688659581887,0.806615636776389,11,2.53630637912116,2.2809888435204213,0.791981342649369,0.4142,0.7794773692378577,0.7948935341710719,0.015416164933214183,-0.9720279720279721,0.055944055944055944,0.1958041958041958
hoptimus0,patient,33,2.666045897359509,2.4423459118659996,0.7990199358052256,11,2.5315263867630637,2.3226534444718454,0.7837343372243205,0.415,0.7794773692378577,0.7948935341710719,0.015416164933214183,-0.9720279720279721,0.055944055944055944,0.1958041958041958
hoptimus1,patient,33,2.6660320139563636,2.461308407237854,0.8016229249059398,11,2.5314614240664617,2.3598362469163554,0.7868654927407287,0.4229,0.7794773692378577,0.7948935341710719,0.015416164933214183,-0.9720279720279721,0.055944055944055944,0.1958041958041958
resnet50,random,33,2.1183461823609897,2.2840382743583034,0.888725513927724,11,2.1455003490038815,2.2938320129519787,0.8925813210467609,0.3252,0.8925813210467609,0.8943555505741153,0.0017742295273543984,-0.9090909090909092,-0.9300699300699302,0.5524475524475525
ctranspath,random,33,2.0201868879079106,2.165353239360161,0.8898741773153569,11,2.048931920613474,2.170086873998791,0.8933438398288593,0.3468,0.8925813210467609,0.8943555505741153,0.0017742295273543984,-0.9090909090909092,-0.9300699300699302,0.5524475524475525
phikon,random,33,1.9172943137366727,2.06060820064475,0.8914674111096327,11,1.9442310130285718,2.06353479601934,0.8942558778907146,0.3661,0.8925813210467609,0.8943555505741153,0.0017742295273543984,-0.9090909090909092,-0.9300699300699302,0.5524475524475525
conch_v1,random,33,2.0273122287091425,2.15133958232483,0.88936856110573,11,2.0581148043130457,2.157949642766664,0.8929100402827924,0.3696,0.8925813210467609,0.8943555505741153,0.0017742295273543984,-0.9090909090909092,-0.9300699300699302,0.5524475524475525
conch_v15,random,33,2.054213209331689,2.19781198573907,0.8892186188868144,11,2.0807243496965713,2.2131329998665845,0.8929196286813916,0.3792,0.8925813210467609,0.8943555505741153,0.0017742295273543984,-0.9090909090909092,-0.9300699300699302,0.5524475524475525
uni_v1,random,33,1.896719702239479,2.040284524441991,0.891007979073434,11,1.916283685103271,2.048928937121706,0.8938923796510021,0.3856,0.8925813210467609,0.8943555505741153,0.0017742295273543984,-0.9090909090909092,-0.9300699300699302,0.5524475524475525
gigapath,random,33,1.8952639467687413,2.0309287336411352,0.8911095823727566,11,1.917078398254705,2.038888591315569,0.8939476670377124,0.3875,0.8925813210467609,0.8943555505741153,0.0017742295273543984,-0.9090909090909092,-0.9300699300699302,0.5524475524475525
virchow2,random,33,1.848714879805629,1.9968359292919189,0.8916015166746679,11,1.8695510355198601,2.0035506023336698,0.8943555505741153,0.4033,0.8925813210467609,0.8943555505741153,0.0017742295273543984,-0.9090909090909092,-0.9300699300699302,0.5524475524475525
virchow,random,33,1.8588740438027394,1.9876507694338057,0.891306392754356,11,1.8794048860964183,1.9945793239959344,0.8942167542304632,0.406,0.8925813210467609,0.8943555505741153,0.0017742295273543984,-0.9090909090909092,-0.9300699300699302,0.5524475524475525
uni_v2,random,33,1.856041493083733,2.0045422403886493,0.8914648202012171,11,1.8763734655721442,2.0091166160989222,0.8942232434149733,0.4142,0.8925813210467609,0.8943555505741153,0.0017742295273543984,-0.9090909090909092,-0.9300699300699302,0.5524475524475525
hoptimus0,random,33,1.8398159612921883,1.9802880576010864,0.8914896602722032,11,1.8583813765430586,1.987851883535387,0.8941717548193521,0.415,0.8925813210467609,0.8943555505741153,0.0017742295273543984,-0.9090909090909092,-0.9300699300699302,0.5524475524475525
hoptimus1,random,33,1.8405834493789885,1.9786489171158197,0.8908835396214325,11,1.857647027927184,1.9845184384457035,0.8939753785218472,0.4229,0.8925813210467609,0.8943555505741153,0.0017742295273543984,-0.9090909090909092,-0.9300699300699302,0.5524475524475525
resnet50,slide_out,31,2.405466182984954,2.126935641890069,0.8796920396526875,3,2.900455992469159,2.092841040152824,0.8528432798451284,0.3252,0.851745810476695,0.8634681047686331,0.011722294291938162,-0.8741258741258742,-0.18181818181818185,0.43356643356643365
ctranspath,slide_out,31,2.358828221081092,2.111938743561424,0.8796288255323023,3,2.777254682425206,2.0945588770742827,0.853408688332208,0.3468,0.851745810476695,0.8634681047686331,0.011722294291938162,-0.8741258741258742,-0.18181818181818185,0.43356643356643365
phikon,slide_out,31,2.328117488690809,2.0958415169284925,0.87945564044598,3,2.7205343483781714,2.080275261519843,0.851745810476695,0.3661,0.851745810476695,0.8634681047686331,0.011722294291938162,-0.8741258741258742,-0.18181818181818185,0.43356643356643365
conch_v1,slide_out,31,2.30359426846003,2.1111671458865175,0.8828898640143985,3,2.6605419178701766,2.078153647779938,0.8612160306133799,0.3696,0.851745810476695,0.8634681047686331,0.011722294291938162,-0.8741258741258742,-0.18181818181818185,0.43356643356643365
conch_v15,slide_out,31,2.2829879546600846,2.081214674839473,0.8833781506385686,3,2.6426797366106474,2.0558141976386763,0.8634681047686331,0.3792,0.851745810476695,0.8634681047686331,0.011722294291938162,-0.8741258741258742,-0.18181818181818185,0.43356643356643365
uni_v1,slide_out,31,2.309678720127391,2.1182598736988845,0.881313609168765,3,2.6488274790073603,2.095479503992673,0.8560441044256031,0.3856,0.851745810476695,0.8634681047686331,0.011722294291938162,-0.8741258741258742,-0.18181818181818185,0.43356643356643365
gigapath,slide_out,31,2.327944863514664,2.1434765209865367,0.8845945213995288,3,2.661770819863808,2.1171074173994144,0.8633713967467066,0.3875,0.851745810476695,0.8634681047686331,0.011722294291938162,-0.8741258741258742,-0.18181818181818185,0.43356643356643365
virchow2,slide_out,31,2.3276745909460774,2.1454670219466077,0.8824589597276796,3,2.632204254014308,2.135340066902985,0.8607782630733783,0.4033,0.851745810476695,0.8634681047686331,0.011722294291938162,-0.8741258741258742,-0.18181818181818185,0.43356643356643365
virchow,slide_out,31,2.3178357169711825,2.1421736578551767,0.8830391607052063,3,2.6573721785524564,2.1033916359724825,0.8588969183481527,0.406,0.851745810476695,0.8634681047686331,0.011722294291938162,-0.8741258741258742,-0.18181818181818185,0.43356643356643365
uni_v2,slide_out,31,2.2663814596683665,2.097974388259286,0.8833639699586107,3,2.573348468868398,2.0725075591209783,0.8614795922773845,0.4142,0.851745810476695,0.8634681047686331,0.011722294291938162,-0.8741258741258742,-0.18181818181818185,0.43356643356643365
hoptimus0,slide_out,31,2.2845307501977214,2.105686219395693,0.8822904991148991,3,2.611810042814079,2.0778280390716013,0.8576714877488371,0.415,0.851745810476695,0.8634681047686331,0.011722294291938162,-0.8741258741258742,-0.18181818181818185,0.43356643356643365
hoptimus1,slide_out,31,2.2674191987404706,2.09723771739888,0.8834951509027176,3,2.588337891417435,2.0647337086287036,0.8610130609269971,0.4229,0.851745810476695,0.8634681047686331,0.011722294291938162,-0.8741258741258742,-0.18181818181818185,0.43356643356643365
