encoder,task,design,fold,repeat,grid,n_train,median_nn_train_dist
uni_v2,CCRCC,blocked,0,0,4,54026,875.0005714283849
uni_v2,CCRCC,blocked_buffered,0,0,4,47923,1316.506361549385
uni_v2,CCRCC,blocked,0,0,6,54755,580.3283553299804
uni_v2,CCRCC,blocked_buffered,0,0,6,45250,1001.0044954944009
uni_v2,CCRCC,blocked,0,0,10,55501,380.0
uni_v2,CCRCC,blocked_buffered,0,0,10,38612,761.0006570299397
uni_v2,CCRCC,blocked,0,1,4,53591,956.2327122620309
uni_v2,CCRCC,blocked_buffered,0,1,4,47595,1334.7074585840899
uni_v2,CCRCC,blocked,0,1,6,54776,580.2348587066977
uni_v2,CCRCC,blocked_buffered,0,1,6,45001,957.3405872519978
uni_v2,CCRCC,blocked,0,1,10,55428,380.0
uni_v2,CCRCC,blocked_buffered,0,1,10,39244,787.2712366141672
uni_v2,CCRCC,blocked,0,2,4,53974,875.0
uni_v2,CCRCC,blocked_buffered,0,2,4,47783,1312.0003810975056
uni_v2,CCRCC,blocked,0,2,6,54935,580.3283553299804
uni_v2,CCRCC,blocked_buffered,0,2,6,45281,957.3405872519978
uni_v2,CCRCC,blocked,0,2,10,55311,380.0
uni_v2,CCRCC,blocked_buffered,0,2,10,38841,787.0304949619169
uni_v2,CCRCC,blocked,0,3,4,52955,874.0005720821927
uni_v2,CCRCC,blocked_buffered,0,3,4,46486,1312.0
uni_v2,CCRCC,blocked,0,3,6,54755,579.0587189568947
uni_v2,CCRCC,blocked_buffered,0,3,6,44673,957.226201062215
uni_v2,CCRCC,blocked,0,3,10,55411,380.0
uni_v2,CCRCC,blocked_buffered,0,3,10,39061,787.7563074961698
uni_v2,CCRCC,blocked,0,4,4,53426,874.0005720821927
uni_v2,CCRCC,blocked_buffered,0,4,4,47018,1311.0003813881979
uni_v2,CCRCC,blocked,0,4,6,54737,580.3283553299804
uni_v2,CCRCC,blocked_buffered,0,4,6,44942,957.3405872519978
uni_v2,CCRCC,blocked,0,4,10,55469,379.5589545775465
uni_v2,CCRCC,blocked_buffered,0,4,10,38247,761.0006570299397
uni_v2,CCRCC,blocked,1,0,4,64798,761.0
uni_v2,CCRCC,blocked_buffered,1,0,4,61174,1141.0004382120105
uni_v2,CCRCC,blocked,1,0,6,66161,437.00114416326187
uni_v2,CCRCC,blocked_buffered,1,0,6,60798,875.0
uni_v2,CCRCC,blocked,1,0,10,67186,379.05672398732094
uni_v2,CCRCC,blocked_buffered,1,0,10,58999,760.000657894452
uni_v2,CCRCC,blocked,1,1,4,64890,761.0006570299397
uni_v2,CCRCC,blocked_buffered,1,1,4,61474,1142.0
uni_v2,CCRCC,blocked,1,1,6,66121,578.1141755743411
uni_v2,CCRCC,blocked_buffered,1,1,6,61222,956.2327122620309
uni_v2,CCRCC,blocked,1,1,10,67194,379.00131925891765
uni_v2,CCRCC,blocked_buffered,1,1,10,58850,760.0
uni_v2,CCRCC,blocked,1,2,4,64906,761.0006570299397
uni_v2,CCRCC,blocked_buffered,1,2,4,61501,1142.0
uni_v2,CCRCC,blocked,1,2,6,66289,578.1141755743411
uni_v2,CCRCC,blocked_buffered,1,2,6,61423,955.8953917662748
uni_v2,CCRCC,blocked,1,2,10,67256,379.05672398732094
uni_v2,CCRCC,blocked_buffered,1,2,10,59113,760.000657894452
uni_v2,CCRCC,blocked,1,3,4,64508,761.0
uni_v2,CCRCC,blocked_buffered,1,3,4,60778,1141.0004382120105
uni_v2,CCRCC,blocked,1,3,6,66111,438.0
uni_v2,CCRCC,blocked_buffered,1,3,6,60858,875.0005714283849
uni_v2,CCRCC,blocked,1,3,10,67282,378.69512803837335
uni_v2,CCRCC,blocked_buffered,1,3,10,58964,759.480085321531
uni_v2,CCRCC,blocked,1,4,4,64784,761.0006570299397
uni_v2,CCRCC,blocked_buffered,1,4,4,61243,1142.0
uni_v2,CCRCC,blocked,1,4,6,66071,437.00114416326187
uni_v2,CCRCC,blocked_buffered,1,4,6,60616,875.0
uni_v2,CCRCC,blocked,1,4,10,67210,379.05672398732094
uni_v2,CCRCC,blocked_buffered,1,4,10,58825,760.0
uni_v2,CCRCC,blocked,2,0,4,60073,787.0304949619169
uni_v2,CCRCC,blocked_buffered,2,0,4,55117,1215.780407803975
uni_v2,CCRCC,blocked,2,0,6,62294,577.7862926722994
uni_v2,CCRCC,blocked_buffered,2,0,6,55159,956.2327122620309
uni_v2,CCRCC,blocked,2,0,10,62976,379.05672398732094
uni_v2,CCRCC,blocked_buffered,2,0,10,50700,760.000657894452
uni_v2,CCRCC,blocked,2,1,4,60212,791.6091207155208
uni_v2,CCRCC,blocked_buffered,2,1,4,55578,1308.501911166681
uni_v2,CCRCC,blocked,2,1,6,61969,578.1141755743411
uni_v2,CCRCC,blocked_buffered,2,1,6,54826,956.2327122620309
uni_v2,CCRCC,blocked,2,1,10,63092,379.05672398732094
uni_v2,CCRCC,blocked_buffered,2,1,10,50956,761.0
uni_v2,CCRCC,blocked,2,2,4,60632,761.0006570299397
uni_v2,CCRCC,blocked_buffered,2,2,4,55685,1142.0004378282874
uni_v2,CCRCC,blocked,2,2,6,62267,578.1141755743411
uni_v2,CCRCC,blocked_buffered,2,2,6,55226,956.2327122620309
uni_v2,CCRCC,blocked,2,2,10,62926,379.05672398732094
uni_v2,CCRCC,blocked_buffered,2,2,10,50920,761.0
uni_v2,CCRCC,blocked,2,3,4,60438,761.0006570299397
uni_v2,CCRCC,blocked_buffered,2,3,4,55399,1142.0
uni_v2,CCRCC,blocked,2,3,6,62006,438.7743906849497
uni_v2,CCRCC,blocked_buffered,2,3,6,54504,954.6025350898666
uni_v2,CCRCC,blocked,2,3,10,62984,379.05672398732094
uni_v2,CCRCC,blocked_buffered,2,3,10,51264,761.0
uni_v2,CCRCC,blocked,2,4,4,59927,761.0006570299397
uni_v2,CCRCC,blocked_buffered,2,4,4,54905,1142.0004378282874
uni_v2,CCRCC,blocked,2,4,6,62073,578.1141755743411
uni_v2,CCRCC,blocked_buffered,2,4,6,54881,956.3472172804185
uni_v2,CCRCC,blocked,2,4,10,63034,379.05672398732094
uni_v2,CCRCC,blocked_buffered,2,4,10,51253,761.0
uni_v2,CCRCC,blocked,3,0,4,64947,761.0006570299397
uni_v2,CCRCC,blocked_buffered,3,0,4,61496,1142.0
uni_v2,CCRCC,blocked,3,0,6,65923,438.0011415510238
uni_v2,CCRCC,blocked_buffered,3,0,6,60647,875.0005714283849
uni_v2,CCRCC,blocked,3,0,10,66708,379.05672398732094
uni_v2,CCRCC,blocked_buffered,3,0,10,57980,760.0
uni_v2,CCRCC,blocked,3,1,4,64633,788.2417141968573
uni_v2,CCRCC,blocked_buffered,3,1,4,61314,1216.9239910528513
uni_v2,CCRCC,blocked,3,1,6,65997,438.0
uni_v2,CCRCC,blocked_buffered,3,1,6,60652,875.0005714283849
uni_v2,CCRCC,blocked,3,1,10,66662,379.05672398732094
uni_v2,CCRCC,blocked_buffered,3,1,10,57673,760.0
uni_v2,CCRCC,blocked,3,2,4,64095,760.000657894452
uni_v2,CCRCC,blocked_buffered,3,2,4,60150,1141.0
uni_v2,CCRCC,blocked,3,2,6,65806,578.1141755743411
uni_v2,CCRCC,blocked_buffered,3,2,6,60882,956.3472172804185
uni_v2,CCRCC,blocked,3,2,10,66727,379.05672398732094
uni_v2,CCRCC,blocked_buffered,3,2,10,57790,760.0
uni_v2,CCRCC,blocked,3,3,4,64658,760.0
uni_v2,CCRCC,blocked_buffered,3,3,4,60751,1140.001754384615
uni_v2,CCRCC,blocked,3,3,6,65779,578.1141755743411
uni_v2,CCRCC,blocked_buffered,3,3,6,60645,956.1192394257109
uni_v2,CCRCC,blocked,3,3,10,66668,379.05672398732094
uni_v2,CCRCC,blocked_buffered,3,3,10,57667,760.0
uni_v2,CCRCC,blocked,3,4,4,64549,761.0
uni_v2,CCRCC,blocked_buffered,3,4,4,60948,1141.0004382120105
uni_v2,CCRCC,blocked,3,4,6,66082,578.1141755743411
uni_v2,CCRCC,blocked_buffered,3,4,6,61109,956.1192394257109
uni_v2,CCRCC,blocked,3,4,10,66709,379.05672398732094
uni_v2,CCRCC,blocked_buffered,3,4,10,57824,760.0
uni_v2,CCRCC,blocked,4,0,4,55960,791.6091207155208
uni_v2,CCRCC,blocked_buffered,4,0,4,50120,1307.0034429947
uni_v2,CCRCC,blocked,4,0,6,58224,578.7313711904686
uni_v2,CCRCC,blocked_buffered,4,0,6,49583,957.1128460113781
uni_v2,CCRCC,blocked,4,0,10,58940,379.05672398732094
uni_v2,CCRCC,blocked_buffered,4,0,10,43841,761.0
uni_v2,CCRCC,blocked,4,1,4,55867,874.0005720821927
uni_v2,CCRCC,blocked_buffered,4,1,4,50219,1312.0
uni_v2,CCRCC,blocked,4,1,6,57912,578.7313711904686
uni_v2,CCRCC,blocked_buffered,4,1,6,49025,957.1128460113781
uni_v2,CCRCC,blocked,4,1,10,59034,379.05672398732094
uni_v2,CCRCC,blocked_buffered,4,1,10,43923,761.0
uni_v2,CCRCC,blocked,4,2,4,56215,788.0012690345111
uni_v2,CCRCC,blocked_buffered,4,2,4,50071,1216.7682605985415
uni_v2,CCRCC,blocked,4,2,6,58417,578.4436013994796
uni_v2,CCRCC,blocked_buffered,4,2,6,49600,957.0005224658971
uni_v2,CCRCC,blocked,4,2,10,59101,379.05672398732094
uni_v2,CCRCC,blocked_buffered,4,2,10,44499,761.0006570299397
uni_v2,CCRCC,blocked,4,3,4,55862,788.0012690345111
uni_v2,CCRCC,blocked_buffered,4,3,4,49743,1216.7682605985415
uni_v2,CCRCC,blocked,4,3,6,57977,579.0587189568947
uni_v2,CCRCC,blocked_buffered,4,3,6,49458,957.226201062215
uni_v2,CCRCC,blocked,4,3,10,59036,380.0
uni_v2,CCRCC,blocked_buffered,4,3,10,44686,761.0006570299397
uni_v2,CCRCC,blocked,4,4,4,55684,788.4833542948132
uni_v2,CCRCC,blocked_buffered,4,4,4,49809,1217.9117373603065
uni_v2,CCRCC,blocked,4,4,6,58218,577.7862926722994
uni_v2,CCRCC,blocked_buffered,4,4,6,48679,956.1192394257109
uni_v2,CCRCC,blocked,4,4,10,59074,379.05672398732094
uni_v2,CCRCC,blocked_buffered,4,4,10,44277,761.0006570299397
uni_v2,CCRCC,blocked,5,0,4,55076,788.2417141968573
uni_v2,CCRCC,blocked_buffered,5,0,4,48696,1216.7682605985415
uni_v2,CCRCC,blocked,5,0,6,56241,578.4436013994796
uni_v2,CCRCC,blocked_buffered,5,0,6,46301,957.1128460113781
uni_v2,CCRCC,blocked,5,0,10,57118,379.9223604896137
uni_v2,CCRCC,blocked_buffered,5,0,10,41054,761.0006570299397
uni_v2,CCRCC,blocked,5,1,4,55271,873.0005727374983
uni_v2,CCRCC,blocked_buffered,5,1,4,49409,1311.0
uni_v2,CCRCC,blocked,5,1,6,56509,579.0587189568947
uni_v2,CCRCC,blocked_buffered,5,1,6,47206,957.226201062215
uni_v2,CCRCC,blocked,5,1,10,57190,380.0
uni_v2,CCRCC,blocked_buffered,5,1,10,41468,761.0006570299397
uni_v2,CCRCC,blocked,5,2,4,55061,875.0
uni_v2,CCRCC,blocked_buffered,5,2,4,49356,1312.0015243893583
uni_v2,CCRCC,blocked,5,2,6,56385,579.0587189568947
uni_v2,CCRCC,blocked_buffered,5,2,6,46770,957.1128460113781
uni_v2,CCRCC,blocked,5,2,10,57024,380.0
uni_v2,CCRCC,blocked_buffered,5,2,10,41217,761.0006570299397
uni_v2,CCRCC,blocked,5,3,4,55080,874.0
uni_v2,CCRCC,blocked_buffered,5,3,4,49216,1311.0003813881979
uni_v2,CCRCC,blocked,5,3,6,56201,580.3283553299804
uni_v2,CCRCC,blocked_buffered,5,3,6,47357,1001.0044954944009
uni_v2,CCRCC,blocked,5,3,10,57024,380.0
uni_v2,CCRCC,blocked_buffered,5,3,10,41060,761.0006570299397
uni_v2,CCRCC,blocked,5,4,4,55308,788.7296748492752
uni_v2,CCRCC,blocked_buffered,5,4,4,49315,1217.7561332220832
uni_v2,CCRCC,blocked,5,4,6,56333,579.3461832100044
uni_v2,CCRCC,blocked_buffered,5,4,6,46874,957.226201062215
uni_v2,CCRCC,blocked,5,4,10,57101,380.0
uni_v2,CCRCC,blocked_buffered,5,4,10,41810,787.0304949619169
uni_v2,COAD,blocked,0,0,4,4623,3142.638700200836
uni_v2,COAD,blocked_buffered,0,0,4,3410,4005.0
uni_v2,COAD,blocked,0,0,6,4887,2190.0
uni_v2,COAD,blocked_buffered,0,0,6,3021,2923.0
uni_v2,COAD,blocked,0,0,10,5042,1153.9155081720671
uni_v2,COAD,blocked_buffered,0,0,10,1782,2041.5690044669075
uni_v2,COAD,blocked,0,1,4,4547,3287.0
uni_v2,COAD,blocked_buffered,0,1,4,3359,4079.48244266353
uni_v2,COAD,blocked,0,1,6,4862,2189.0
uni_v2,COAD,blocked_buffered,0,1,6,2919,2922.0
uni_v2,COAD,blocked,0,1,10,4986,1201.0
uni_v2,COAD,blocked_buffered,0,1,10,1835,2130.52693012785
uni_v2,COAD,blocked,0,2,4,4502,2921.0
uni_v2,COAD,blocked_buffered,0,2,4,3124,3653.0
uni_v2,COAD,blocked,0,2,6,4818,2002.800039944078
uni_v2,COAD,blocked_buffered,0,2,6,2912,2920.0
uni_v2,COAD,blocked,0,2,10,5016,1154.2313459614584
uni_v2,COAD,blocked_buffered,0,2,10,1723,2003.0
uni_v2,COAD,blocked,0,3,4,4465,2920.0
uni_v2,COAD,blocked_buffered,0,3,4,3134,3652.0
uni_v2,COAD,blocked,0,3,6,4822,1827.0
uni_v2,COAD,blocked_buffered,0,3,6,2778,2778.838066530686
uni_v2,COAD,blocked,0,3,10,4956,1201.0
uni_v2,COAD,blocked_buffered,0,3,10,1855,2155.9230041910123
uni_v2,COAD,blocked,0,4,4,4735,3142.638700200836
uni_v2,COAD,blocked_buffered,0,4,4,3342,4014.0
uni_v2,COAD,blocked,0,4,6,4891,1965.585154604094
uni_v2,COAD,blocked_buffered,0,4,6,2799,2852.149540259066
uni_v2,COAD,blocked,0,4,10,5011,1201.0
uni_v2,COAD,blocked_buffered,0,4,10,1905,2129.669457920642
uni_v2,COAD,blocked,1,0,4,9925,1827.0
uni_v2,COAD,blocked_buffered,1,0,4,8524,2557.0
uni_v2,COAD,blocked,1,0,6,10297,1201.0
uni_v2,COAD,blocked_buffered,1,0,6,8154,2002.0
uni_v2,COAD,blocked,1,0,10,10451,731.0
uni_v2,COAD,blocked_buffered,1,0,10,6780,1505.9037153815646
uni_v2,COAD,blocked,1,1,4,10320,1461.0
uni_v2,COAD,blocked_buffered,1,1,4,8644,2192.0
uni_v2,COAD,blocked,1,1,6,10439,1201.0
uni_v2,COAD,blocked_buffered,1,1,6,8238,2002.0
uni_v2,COAD,blocked,1,1,10,10494,731.0
uni_v2,COAD,blocked_buffered,1,1,10,6543,1461.0
uni_v2,COAD,blocked,1,2,4,10003,1824.0
uni_v2,COAD,blocked_buffered,1,2,4,8424,2555.0
uni_v2,COAD,blocked,1,2,6,10326,1096.0
uni_v2,COAD,blocked_buffered,1,2,6,7996,1862.1227134643946
uni_v2,COAD,blocked,1,2,10,10480,801.0
uni_v2,COAD,blocked_buffered,1,2,10,7016,1602.0
uni_v2,COAD,blocked,1,3,4,10038,1826.0
uni_v2,COAD,blocked_buffered,1,3,4,8469,2556.0
uni_v2,COAD,blocked,1,3,6,10191,1132.7850634608492
uni_v2,COAD,blocked_buffered,1,3,6,7963,2002.0
uni_v2,COAD,blocked,1,3,10,10512,731.0
uni_v2,COAD,blocked_buffered,1,3,10,6707,1461.0
uni_v2,COAD,blocked,1,4,4,9890,2003.0
uni_v2,COAD,blocked_buffered,1,4,4,8480,2804.0
uni_v2,COAD,blocked,1,4,6,10411,1201.0
uni_v2,COAD,blocked_buffered,1,4,6,8355,2002.200039956048
uni_v2,COAD,blocked,1,4,10,10481,731.0
uni_v2,COAD,blocked_buffered,1,4,10,6612,1461.0
uni_v2,HCC,blocked,0,0,4,1650,964.2945608059811
uni_v2,HCC,blocked_buffered,0,0,4,1109,1380.4698475001687
uni_v2,HCC,blocked,0,0,6,1867,767.0
uni_v2,HCC,blocked_buffered,0,0,6,1131,1166.9875749124324
uni_v2,HCC,blocked,0,0,10,1892,441.0
uni_v2,HCC,blocked_buffered,0,0,10,791,962.4853245634449
uni_v2,HCC,blocked,0,1,4,1618,1010.4098178462044
uni_v2,HCC,blocked_buffered,0,1,4,1084,1528.3890211592075
uni_v2,HCC,blocked,0,1,6,1852,766.0
uni_v2,HCC,blocked_buffered,0,1,6,1113,1168.096742568868
uni_v2,HCC,blocked,0,1,10,1904,441.0
uni_v2,HCC,blocked_buffered,0,1,10,688,885.2417748841274
uni_v2,HCC,blocked,0,2,4,1765,964.2945608059811
uni_v2,HCC,blocked_buffered,0,2,4,1195,1347.4160456221382
uni_v2,HCC,blocked,0,2,6,1831,794.789280249803
uni_v2,HCC,blocked_buffered,0,2,6,1204,1347.4160456221382
uni_v2,HCC,blocked,0,2,10,1907,384.00130208112574
uni_v2,HCC,blocked_buffered,0,2,10,639,960.6508210583073
uni_v2,HCC,blocked,0,3,4,1872,881.0
uni_v2,HCC,blocked_buffered,0,3,4,1278,1324.0003776434507
uni_v2,HCC,blocked,0,3,6,1887,662.0
uni_v2,HCC,blocked_buffered,0,3,6,1113,1150.0
uni_v2,HCC,blocked,0,3,10,1916,384.0
uni_v2,HCC,blocked_buffered,0,3,10,672,883.0005662512341
uni_v2,HCC,blocked,0,4,4,1782,795.2766814134562
uni_v2,HCC,blocked_buffered,0,4,4,1166,1340.9143842905794
uni_v2,HCC,blocked,0,4,6,1854,766.0
uni_v2,HCC,blocked_buffered,0,4,6,1073,1152.000434027696
uni_v2,HCC,blocked,0,4,10,1908,440.0
uni_v2,HCC,blocked_buffered,0,4,10,677,960.6508210583073
uni_v2,HCC,blocked,1,0,4,2197,881.0
uni_v2,HCC,blocked_buffered,1,0,4,1624,1322.0
uni_v2,HCC,blocked,1,0,6,2237,583.1654996654038
uni_v2,HCC,blocked_buffered,1,0,6,1291,965.402506729706
uni_v2,HCC,blocked,1,0,10,2209,384.0
uni_v2,HCC,blocked_buffered,1,0,10,915,798.204234516455
uni_v2,HCC,blocked,1,1,4,2093,881.0
uni_v2,HCC,blocked_buffered,1,1,4,1539,1323.0015117149337
uni_v2,HCC,blocked,1,1,6,2194,586.4094132941592
uni_v2,HCC,blocked_buffered,1,1,6,1437,1103.001813235137
uni_v2,HCC,blocked,1,1,10,2225,383.0
uni_v2,HCC,blocked_buffered,1,1,10,871,795.7593857442084
uni_v2,HCC,blocked,1,2,4,2201,768.0006510413907
uni_v2,HCC,blocked_buffered,1,2,4,1570,1170.8543888972702
uni_v2,HCC,blocked,1,2,6,2099,584.7537943442522
uni_v2,HCC,blocked_buffered,1,2,6,1177,966.16820481736
uni_v2,HCC,blocked,1,2,10,2229,384.0
uni_v2,HCC,blocked_buffered,1,2,10,998,881.0
uni_v2,HCC,blocked,1,3,4,2130,767.0006518902054
uni_v2,HCC,blocked_buffered,1,3,4,1494,1152.000434027696
uni_v2,HCC,blocked,1,3,6,2208,585.4271944486351
uni_v2,HCC,blocked_buffered,1,3,6,1384,1010.2202730098026
uni_v2,HCC,blocked,1,3,10,2221,384.0
uni_v2,HCC,blocked_buffered,1,3,10,916,881.0
uni_v2,HCC,blocked,1,4,4,2161,964.2945608059811
uni_v2,HCC,blocked_buffered,1,4,4,1595,1346.5006498327432
uni_v2,HCC,blocked,1,4,6,2189,662.0
uni_v2,HCC,blocked_buffered,1,4,6,1527,1150.0
uni_v2,HCC,blocked,1,4,10,2217,384.0
uni_v2,HCC,blocked_buffered,1,4,10,962,881.0
uni_v2,IDC,blocked,0,0,4,13436,4706.0
uni_v2,IDC,blocked_buffered,0,0,4,11296,5647.0
uni_v2,IDC,blocked,0,0,6,14264,2824.0
uni_v2,IDC,blocked_buffered,0,0,6,10811,3765.0
uni_v2,IDC,blocked,0,0,10,14616,1882.0
uni_v2,IDC,blocked_buffered,0,0,10,8803,2823.0
uni_v2,IDC,blocked,0,1,4,13743,5001.812871349747
uni_v2,IDC,blocked_buffered,0,1,4,11867,5896.265937014714
uni_v2,IDC,blocked,0,1,6,14351,3294.0
uni_v2,IDC,blocked_buffered,0,1,6,11069,4235.0
uni_v2,IDC,blocked,0,1,10,14615,1883.0
uni_v2,IDC,blocked_buffered,0,1,10,9262,2863.0083828029565
uni_v2,IDC,blocked,0,2,4,13604,5647.0
uni_v2,IDC,blocked_buffered,0,2,4,11571,6588.0
uni_v2,IDC,blocked,0,2,6,14385,2824.0
uni_v2,IDC,blocked_buffered,0,2,6,11166,3993.7391001416204
uni_v2,IDC,blocked,0,2,10,14577,1882.0
uni_v2,IDC,blocked_buffered,0,2,10,8670,2823.0
uni_v2,IDC,blocked,0,3,4,12973,4344.9695050713535
uni_v2,IDC,blocked_buffered,0,3,4,10595,5249.889617887218
uni_v2,IDC,blocked,0,3,6,14343,3294.0
uni_v2,IDC,blocked_buffered,0,3,6,10985,4235.0
uni_v2,IDC,blocked,0,3,10,14721,1882.0
uni_v2,IDC,blocked_buffered,0,3,10,9098,2823.0
uni_v2,IDC,blocked,0,4,4,14238,4745.0
uni_v2,IDC,blocked_buffered,0,4,4,12094,5744.290382632132
uni_v2,IDC,blocked,0,4,6,14222,3294.0
uni_v2,IDC,blocked_buffered,0,4,6,10991,4235.0
uni_v2,IDC,blocked,0,4,10,14632,1843.4144948979867
uni_v2,IDC,blocked_buffered,0,4,10,8631,2823.0
uni_v2,IDC,blocked,1,0,4,26216,3294.0
uni_v2,IDC,blocked_buffered,1,0,4,24604,4235.0
uni_v2,IDC,blocked,1,0,6,27229,1825.0
uni_v2,IDC,blocked_buffered,1,0,6,24259,2555.0
uni_v2,IDC,blocked,1,0,10,27603,1411.0
uni_v2,IDC,blocked_buffered,1,0,10,23406,2353.0
uni_v2,IDC,blocked,1,1,4,26595,2353.0
uni_v2,IDC,blocked_buffered,1,1,4,24577,3294.0
uni_v2,IDC,blocked,1,1,6,27316,1883.0
uni_v2,IDC,blocked_buffered,1,1,6,24835,2824.0
uni_v2,IDC,blocked,1,1,10,27533,942.0
uni_v2,IDC,blocked_buffered,1,1,10,22813,1883.0
uni_v2,IDC,blocked,1,2,4,26391,3294.0
uni_v2,IDC,blocked_buffered,1,2,4,24787,4235.0
uni_v2,IDC,blocked,1,2,6,27079,1882.0
uni_v2,IDC,blocked_buffered,1,2,6,24275,2748.0
uni_v2,IDC,blocked,1,2,10,27543,1154.2313459614584
uni_v2,IDC,blocked_buffered,1,2,10,23040,2190.0
uni_v2,IDC,blocked,1,3,4,26578,2824.0
uni_v2,IDC,blocked_buffered,1,3,4,24670,3765.0
uni_v2,IDC,blocked,1,3,6,27397,2353.0
uni_v2,IDC,blocked_buffered,1,3,6,25164,3294.0
uni_v2,IDC,blocked,1,3,10,27533,1099.0
uni_v2,IDC,blocked_buffered,1,3,10,22986,2104.139966827302
uni_v2,IDC,blocked,1,4,4,26775,2824.0
uni_v2,IDC,blocked_buffered,1,4,4,25007,3764.0
uni_v2,IDC,blocked,1,4,6,27234,1883.0
uni_v2,IDC,blocked_buffered,1,4,6,24715,2824.0
uni_v2,IDC,blocked,1,4,10,27603,1095.0
uni_v2,IDC,blocked_buffered,1,4,10,22929,1883.0
uni_v2,IDC,blocked,2,0,4,30690,2198.0
uni_v2,IDC,blocked_buffered,2,0,4,29369,2921.0
uni_v2,IDC,blocked,2,0,6,30787,1412.0
uni_v2,IDC,blocked_buffered,2,0,6,28855,2353.0
uni_v2,IDC,blocked,2,0,10,31372,942.0
uni_v2,IDC,blocked_buffered,2,0,10,28571,1883.0
uni_v2,IDC,blocked,2,1,4,30531,2555.0
uni_v2,IDC,blocked_buffered,2,1,4,29442,3297.0
uni_v2,IDC,blocked,2,1,6,30948,1649.0
uni_v2,IDC,blocked_buffered,2,1,6,29354,2399.5790235765407
uni_v2,IDC,blocked,2,1,10,31385,941.0
uni_v2,IDC,blocked_buffered,2,1,10,28365,1882.0
uni_v2,IDC,blocked,2,2,4,31075,2199.0
uni_v2,IDC,blocked_buffered,2,2,4,29856,2920.0
uni_v2,IDC,blocked,2,2,6,31398,1882.0
uni_v2,IDC,blocked_buffered,2,2,6,29839,2823.0
uni_v2,IDC,blocked,2,2,10,31332,941.0
uni_v2,IDC,blocked_buffered,2,2,10,28439,1882.0
uni_v2,IDC,blocked,2,3,4,31083,1883.0
uni_v2,IDC,blocked_buffered,2,3,4,29758,2824.0
uni_v2,IDC,blocked,2,3,6,31117,1412.0
uni_v2,IDC,blocked_buffered,2,3,6,29406,2353.0
uni_v2,IDC,blocked,2,3,10,31390,941.0
uni_v2,IDC,blocked_buffered,2,3,10,28454,1882.0
uni_v2,IDC,blocked,2,4,4,30755,2824.0
uni_v2,IDC,blocked_buffered,2,4,4,29743,3765.0
uni_v2,IDC,blocked,2,4,6,30927,1412.0
uni_v2,IDC,blocked_buffered,2,4,6,28962,2353.0
uni_v2,IDC,blocked,2,4,10,31312,941.0
uni_v2,IDC,blocked_buffered,2,4,10,28258,1882.0
uni_v2,IDC,blocked,3,0,4,31249,2353.0
uni_v2,IDC,blocked_buffered,3,0,4,30325,3294.0
uni_v2,IDC,blocked,3,0,6,32349,1412.0
uni_v2,IDC,blocked_buffered,3,0,6,30930,2353.0
uni_v2,IDC,blocked,3,0,10,32334,941.0
uni_v2,IDC,blocked_buffered,3,0,10,30050,1882.0
uni_v2,IDC,blocked,3,1,4,30900,2353.0
uni_v2,IDC,blocked_buffered,3,1,4,29740,3294.0
uni_v2,IDC,blocked,3,1,6,32056,1412.0
uni_v2,IDC,blocked_buffered,3,1,6,30612,2353.0
uni_v2,IDC,blocked,3,1,10,32301,941.0
uni_v2,IDC,blocked_buffered,3,1,10,29855,1883.0
uni_v2,IDC,blocked,3,2,4,30851,2353.0
uni_v2,IDC,blocked_buffered,3,2,4,29751,3294.0
uni_v2,IDC,blocked,3,2,6,31910,1412.0
uni_v2,IDC,blocked_buffered,3,2,6,30381,2353.0
uni_v2,IDC,blocked,3,2,10,32362,941.0
uni_v2,IDC,blocked_buffered,3,2,10,29902,1882.0
uni_v2,IDC,blocked,3,3,4,30850,3294.0
uni_v2,IDC,blocked_buffered,3,3,4,30052,4235.0
uni_v2,IDC,blocked,3,3,6,31711,1882.0
uni_v2,IDC,blocked_buffered,3,3,6,30355,2823.0
uni_v2,IDC,blocked,3,3,10,32330,941.0
uni_v2,IDC,blocked_buffered,3,3,10,30103,1883.0
uni_v2,IDC,blocked,3,4,4,30990,2353.0
uni_v2,IDC,blocked_buffered,3,4,4,29822,3294.0
uni_v2,IDC,blocked,3,4,6,31559,1412.0
uni_v2,IDC,blocked_buffered,3,4,6,29958,2353.0
uni_v2,IDC,blocked,3,4,10,32374,941.0
uni_v2,IDC,blocked_buffered,3,4,10,30024,1882.0
uni_v2,LUNG,blocked,0,0,4,1742,2193.0
uni_v2,LUNG,blocked_buffered,0,0,4,1197,2943.654360850858
uni_v2,LUNG,blocked,0,0,6,1871,1827.0
uni_v2,LUNG,blocked_buffered,0,0,6,1073,2924.0
uni_v2,LUNG,blocked,0,0,10,1890,1096.0
uni_v2,LUNG,blocked_buffered,0,0,10,654,2720.5378813382713
uni_v2,LUNG,blocked,0,1,4,1660,2558.0
uni_v2,LUNG,blocked_buffered,0,1,4,1129,3289.0
uni_v2,LUNG,blocked,0,1,6,1879,1460.0
uni_v2,LUNG,blocked_buffered,0,1,6,900,2222.3456076857174
uni_v2,LUNG,blocked,0,1,10,1899,1095.0
uni_v2,LUNG,blocked,0,2,4,1680,2191.0
uni_v2,LUNG,blocked_buffered,0,2,4,1068,2923.0
uni_v2,LUNG,blocked,0,2,6,1912,1462.0
uni_v2,LUNG,blocked_buffered,0,2,6,966,2558.0
uni_v2,LUNG,blocked,0,2,10,1905,817.5065748971075
uni_v2,LUNG,blocked_buffered,0,2,10,569,2782.908550419866
uni_v2,LUNG,blocked,0,3,4,1799,2192.0
uni_v2,LUNG,blocked_buffered,0,3,4,1165,3010.8372589696705
uni_v2,LUNG,blocked,0,3,6,1850,1505.9037153815646
uni_v2,LUNG,blocked_buffered,0,3,6,995,2558.0
uni_v2,LUNG,blocked,0,3,10,1896,1096.0
uni_v2,LUNG,blocked_buffered,0,3,10,678,2556.0
uni_v2,LUNG,blocked,0,4,4,1769,2128.8121100745366
uni_v2,LUNG,blocked_buffered,0,4,4,1108,2921.0
uni_v2,LUNG,blocked,0,4,6,1904,1462.0
uni_v2,LUNG,blocked_buffered,0,4,6,1038,2581.9297046976317
uni_v2,LUNG,blocked,0,4,10,1907,817.0593613685605
uni_v2,LUNG,blocked_buffered,0,4,10,516,2450.7305033397697
uni_v2,LUNG,blocked,1,0,4,3124,1097.0
uni_v2,LUNG,blocked_buffered,1,0,4,2357,1828.0
uni_v2,LUNG,blocked,1,0,6,3223,1095.0
uni_v2,LUNG,blocked_buffered,1,0,6,2177,1826.0
uni_v2,LUNG,blocked,1,0,10,3246,730.0
uni_v2,LUNG,blocked_buffered,1,0,10,1628,1462.0
uni_v2,LUNG,blocked,1,1,4,3141,1097.0
uni_v2,LUNG,blocked_buffered,1,1,4,2343,1828.0
uni_v2,LUNG,blocked,1,1,6,3145,1095.0
uni_v2,LUNG,blocked_buffered,1,1,6,2093,1827.0
uni_v2,LUNG,blocked,1,1,10,3227,731.0
uni_v2,LUNG,blocked_buffered,1,1,10,1635,1826.0
uni_v2,LUNG,blocked,1,2,4,2956,1097.0
uni_v2,LUNG,blocked_buffered,1,2,4,2153,2191.0
uni_v2,LUNG,blocked,1,2,6,3168,1095.0
uni_v2,LUNG,blocked_buffered,1,2,6,2172,1827.0
uni_v2,LUNG,blocked,1,2,10,3205,730.0
uni_v2,LUNG,blocked_buffered,1,2,10,1523,1825.0
uni_v2,LUNG,blocked,1,3,4,3077,1096.0
uni_v2,LUNG,blocked_buffered,1,3,4,2175,1827.0
uni_v2,LUNG,blocked,1,3,6,3174,1095.0
uni_v2,LUNG,blocked_buffered,1,3,6,2133,1826.0
uni_v2,LUNG,blocked,1,3,10,3230,730.0
uni_v2,LUNG,blocked_buffered,1,3,10,1530,1505.9037153815646
uni_v2,LUNG,blocked,1,4,4,3191,1462.0
uni_v2,LUNG,blocked_buffered,1,4,4,2516,2192.0
uni_v2,LUNG,blocked,1,4,6,3193,731.0
uni_v2,LUNG,blocked_buffered,1,4,6,2047,1826.0
uni_v2,LUNG,blocked,1,4,10,3230,730.0
uni_v2,LUNG,blocked_buffered,1,4,10,1640,1506.1464072260703
uni_v2,LYMPH_IDC,blocked,0,0,4,14064,1600.9587752343905
uni_v2,LYMPH_IDC,blocked_buffered,0,0,4,12478,2234.7841059037446
uni_v2,LYMPH_IDC,blocked,0,0,6,14552,1097.0072925919865
uni_v2,LYMPH_IDC,blocked_buffered,0,0,6,12466,1829.0068343229339
uni_v2,LYMPH_IDC,blocked,0,0,10,14896,636.0007861630361
uni_v2,LYMPH_IDC,blocked_buffered,0,0,10,10768,1317.2110688875948
uni_v2,LYMPH_IDC,blocked,0,1,4,14060,1825.0010958900818
uni_v2,LYMPH_IDC,blocked_buffered,0,1,4,12665,2541.0031483648345
uni_v2,LYMPH_IDC,blocked,0,1,6,14701,1097.0113946536744
uni_v2,LYMPH_IDC,blocked_buffered,0,1,6,12639,1829.017495815718
uni_v2,LYMPH_IDC,blocked,0,1,10,14839,636.0007861630361
uni_v2,LYMPH_IDC,blocked_buffered,0,1,10,10830,1316.7270028369587
uni_v2,LYMPH_IDC,blocked,0,2,4,14620,1675.6825475011667
uni_v2,LYMPH_IDC,blocked_buffered,0,2,4,13252,2397.7027493521027
uni_v2,LYMPH_IDC,blocked,0,2,6,14447,971.772092622545
uni_v2,LYMPH_IDC,blocked_buffered,0,2,6,12050,1676.1056052647757
uni_v2,LYMPH_IDC,blocked,0,2,10,14858,636.0007861630361
uni_v2,LYMPH_IDC,blocked_buffered,0,2,10,10957,1318.4394183758277
uni_v2,LYMPH_IDC,blocked,0,3,4,14092,1462.0123118496642
uni_v2,LYMPH_IDC,blocked_buffered,0,3,4,12445,2194.0184593571676
uni_v2,LYMPH_IDC,blocked,0,3,6,14794,1095.001826482495
uni_v2,LYMPH_IDC,blocked_buffered,0,3,6,12618,1826.0024644014038
uni_v2,LYMPH_IDC,blocked,0,3,10,14895,635.0031495984882
uni_v2,LYMPH_IDC,blocked_buffered,0,3,10,10663,1316.48775155715
uni_v2,LYMPH_IDC,blocked,0,4,4,14352,1600.9587752343905
uni_v2,LYMPH_IDC,blocked_buffered,0,4,4,12797,2234.264979808796
uni_v2,LYMPH_IDC,blocked,0,4,6,14838,971.772092622545
uni_v2,LYMPH_IDC,blocked_buffered,0,4,6,12535,1676.2914424407231
uni_v2,LYMPH_IDC,blocked,0,4,10,14910,636.0007861630361
uni_v2,LYMPH_IDC,blocked_buffered,0,4,10,10749,1316.7270028369587
uni_v2,LYMPH_IDC,blocked,1,0,4,14076,1825.0068493022156
uni_v2,LYMPH_IDC,blocked_buffered,1,0,4,12667,2541.0031483648345
uni_v2,LYMPH_IDC,blocked,1,0,6,14700,971.6305882381431
uni_v2,LYMPH_IDC,blocked_buffered,1,0,6,12267,1675.2159536477693
uni_v2,LYMPH_IDC,blocked,1,0,10,14871,636.0031446463138
uni_v2,LYMPH_IDC,blocked_buffered,1,0,10,10927,1318.185495292677
uni_v2,LYMPH_IDC,blocked,1,1,4,14044,1463.0054682057753
uni_v2,LYMPH_IDC,blocked_buffered,1,1,4,12381,2195.0056947534326
uni_v2,LYMPH_IDC,blocked,1,1,6,14564,971.1735169371125
uni_v2,LYMPH_IDC,blocked_buffered,1,1,6,12065,1673.530698851981
uni_v2,LYMPH_IDC,blocked,1,1,10,14840,636.0007861630361
uni_v2,LYMPH_IDC,blocked_buffered,1,1,10,10651,1316.4835737676335
uni_v2,LYMPH_IDC,blocked,1,2,4,14092,1600.9262943683573
uni_v2,LYMPH_IDC,blocked_buffered,1,2,4,12551,2234.7841059037446
uni_v2,LYMPH_IDC,blocked,1,2,6,14825,971.9629622573074
uni_v2,LYMPH_IDC,blocked_buffered,1,2,6,12610,1676.6648442667365
uni_v2,LYMPH_IDC,blocked,1,2,10,14920,636.0007861630361
uni_v2,LYMPH_IDC,blocked_buffered,1,2,10,10853,1316.7270028369587
uni_v2,LYMPH_IDC,blocked,1,3,4,14332,1598.85584090624
uni_v2,LYMPH_IDC,blocked_buffered,1,3,4,12699,2230.9354540192326
uni_v2,LYMPH_IDC,blocked,1,3,6,14703,1097.0041020889576
uni_v2,LYMPH_IDC,blocked_buffered,1,3,6,12561,1829.0043739696196
uni_v2,LYMPH_IDC,blocked,1,3,10,14882,635.0031495984882
uni_v2,LYMPH_IDC,blocked_buffered,1,3,10,10659,1316.4835737676335
uni_v2,LYMPH_IDC,blocked,1,4,4,14284,1828.0101203191482
uni_v2,LYMPH_IDC,blocked_buffered,1,4,4,12894,2542.0051140774935
uni_v2,LYMPH_IDC,blocked,1,4,6,14545,1271.0035405143449
uni_v2,LYMPH_IDC,blocked_buffered,1,4,6,12538,1906.006558225863
uni_v2,LYMPH_IDC,blocked,1,4,10,14905,636.0007861630361
uni_v2,LYMPH_IDC,blocked_buffered,1,4,10,10786,1316.7270028369587
uni_v2,LYMPH_IDC,blocked,2,0,4,14640,1598.1689522700658
uni_v2,LYMPH_IDC,blocked_buffered,2,0,4,13130,2230.9354540192326
uni_v2,LYMPH_IDC,blocked,2,0,6,14803,970.8326323316496
uni_v2,LYMPH_IDC,blocked_buffered,2,0,6,12403,1672.9237878636313
uni_v2,LYMPH_IDC,blocked,2,0,10,14870,636.0007861630361
uni_v2,LYMPH_IDC,blocked_buffered,2,0,10,10918,1317.4536044961887
uni_v2,LYMPH_IDC,blocked,2,1,4,14672,1675.8165174027854
uni_v2,LYMPH_IDC,blocked_buffered,2,1,4,13318,2397.989157606848
uni_v2,LYMPH_IDC,blocked,2,1,6,14697,971.8153116719246
uni_v2,LYMPH_IDC,blocked_buffered,2,1,6,12386,1676.4110474462998
uni_v2,LYMPH_IDC,blocked,2,1,10,14907,636.0031446463138
uni_v2,LYMPH_IDC,blocked_buffered,2,1,10,10975,1318.185495292677
uni_v2,LYMPH_IDC,blocked,2,2,4,14368,1676.218661153729
uni_v2,LYMPH_IDC,blocked_buffered,2,2,4,12960,2398.3802867768904
uni_v2,LYMPH_IDC,blocked,2,2,6,14690,1096.0004562042845
uni_v2,LYMPH_IDC,blocked_buffered,2,2,6,12397,1826.0068455512428
uni_v2,LYMPH_IDC,blocked,2,2,10,14904,636.0007861630361
uni_v2,LYMPH_IDC,blocked_buffered,2,2,10,10785,1316.980258014523
uni_v2,LYMPH_IDC,blocked,2,3,4,14380,1598.739816230271
uni_v2,LYMPH_IDC,blocked_buffered,2,3,4,12872,2230.9354540192326
uni_v2,LYMPH_IDC,blocked,2,3,6,14575,972.154823060607
uni_v2,LYMPH_IDC,blocked_buffered,2,3,6,12272,1825.002465751759
uni_v2,LYMPH_IDC,blocked,2,3,10,14881,636.0007861630361
uni_v2,LYMPH_IDC,blocked_buffered,2,3,10,10785,1316.7270028369587
uni_v2,LYMPH_IDC,blocked,2,4,4,14636,1463.0123034342535
uni_v2,LYMPH_IDC,blocked_buffered,2,4,4,13121,2195.0082004402625
uni_v2,LYMPH_IDC,blocked,2,4,6,14704,971.1735169371125
uni_v2,LYMPH_IDC,blocked_buffered,2,4,6,12293,1673.8724563120095
uni_v2,LYMPH_IDC,blocked,2,4,10,14912,636.0007861630361
uni_v2,LYMPH_IDC,blocked_buffered,2,4,10,10914,1317.2110688875948
uni_v2,LYMPH_IDC,blocked,3,0,4,14348,1944.03008058233
uni_v2,LYMPH_IDC,blocked_buffered,3,0,4,13144,2756.2282198685944
uni_v2,LYMPH_IDC,blocked,3,0,6,14687,971.1735169371125
uni_v2,LYMPH_IDC,blocked_buffered,3,0,6,12341,1675.6825475011667
uni_v2,LYMPH_IDC,blocked,3,0,10,14917,636.0007861630361
uni_v2,LYMPH_IDC,blocked_buffered,3,0,10,10846,1316.7270028369587
uni_v2,LYMPH_IDC,blocked,3,1,4,14000,1598.739816230271
uni_v2,LYMPH_IDC,blocked_buffered,3,1,4,12345,2231.191833975734
uni_v2,LYMPH_IDC,blocked,3,1,6,14570,968.3986782312335
uni_v2,LYMPH_IDC,blocked_buffered,3,1,6,11929,1601.1936172743133
uni_v2,LYMPH_IDC,blocked,3,1,10,14832,636.0031446463138
uni_v2,LYMPH_IDC,blocked_buffered,3,1,10,10946,1317.4585382470295
uni_v2,LYMPH_IDC,blocked,3,2,4,14048,1826.0024644014038
uni_v2,LYMPH_IDC,blocked_buffered,3,2,4,12621,2541.0070838153915
uni_v2,LYMPH_IDC,blocked,3,2,6,14678,970.7903996229052
uni_v2,LYMPH_IDC,blocked_buffered,3,2,6,12144,1672.8909109681958
uni_v2,LYMPH_IDC,blocked,3,2,10,14890,636.0007861630361
uni_v2,LYMPH_IDC,blocked_buffered,3,2,10,10736,1316.248076921672
uni_v2,LYMPH_IDC,blocked,3,3,4,14348,1673.8724563120095
uni_v2,LYMPH_IDC,blocked_buffered,3,3,4,12915,2394.881625467113
uni_v2,LYMPH_IDC,blocked,3,3,6,14564,971.772092622545
uni_v2,LYMPH_IDC,blocked_buffered,3,3,6,12160,1675.8165174027854
uni_v2,LYMPH_IDC,blocked,3,3,10,14881,636.0007861630361
uni_v2,LYMPH_IDC,blocked_buffered,3,3,10,10880,1317.2110688875948
uni_v2,LYMPH_IDC,blocked,3,4,4,13772,1943.7754495692611
uni_v2,LYMPH_IDC,blocked_buffered,3,4,4,12458,2756.752618571351
uni_v2,LYMPH_IDC,blocked,3,4,6,14694,971.1735169371125
uni_v2,LYMPH_IDC,blocked_buffered,3,4,6,12254,1673.7180168714203
uni_v2,LYMPH_IDC,blocked,3,4,10,14878,636.0031446463138
uni_v2,LYMPH_IDC,blocked_buffered,3,4,10,11038,1318.6667509268595
uni_v2,PAAD,blocked,0,0,4,5260,1825.0
uni_v2,PAAD,blocked_buffered,0,0,4,4419,2922.0
uni_v2,PAAD,blocked,0,0,6,5490,1096.0
uni_v2,PAAD,blocked_buffered,0,0,6,4311,2191.0
uni_v2,PAAD,blocked,0,0,10,5543,730.0
uni_v2,PAAD,blocked_buffered,0,0,10,3189,1462.0
uni_v2,PAAD,blocked,0,1,4,5252,1461.0
uni_v2,PAAD,blocked_buffered,0,1,4,4277,2192.0
uni_v2,PAAD,blocked,0,1,6,5392,1095.0
uni_v2,PAAD,blocked_buffered,0,1,6,4034,2191.0
uni_v2,PAAD,blocked,0,1,10,5510,730.0
uni_v2,PAAD,blocked_buffered,0,1,10,3405,1826.0
uni_v2,PAAD,blocked,0,2,4,5183,1461.0
uni_v2,PAAD,blocked_buffered,0,2,4,4158,2192.0
uni_v2,PAAD,blocked,0,2,6,5458,1095.0
uni_v2,PAAD,blocked_buffered,0,2,6,4091,2191.0
uni_v2,PAAD,blocked,0,2,10,5469,730.0
uni_v2,PAAD,blocked_buffered,0,2,10,3212,1825.0
uni_v2,PAAD,blocked,0,3,4,5414,1461.0
uni_v2,PAAD,blocked_buffered,0,3,4,4368,2192.0
uni_v2,PAAD,blocked,0,3,6,5390,1095.0
uni_v2,PAAD,blocked_buffered,0,3,6,3970,2191.0
uni_v2,PAAD,blocked,0,3,10,5548,730.0
uni_v2,PAAD,blocked_buffered,0,3,10,3150,1825.0
uni_v2,PAAD,blocked,0,4,4,5289,1461.0
uni_v2,PAAD,blocked_buffered,0,4,4,4391,2192.0
uni_v2,PAAD,blocked,0,4,6,5436,1095.0
uni_v2,PAAD,blocked_buffered,0,4,6,4023,2066.166014627092
uni_v2,PAAD,blocked,0,4,10,5514,730.0
uni_v2,PAAD,blocked_buffered,0,4,10,3202,1461.0
uni_v2,PAAD,blocked,1,0,4,3586,1826.0
uni_v2,PAAD,blocked_buffered,1,0,4,2421,2922.0
uni_v2,PAAD,blocked,1,0,6,3828,1460.0
uni_v2,PAAD,blocked_buffered,1,0,6,2271,2192.0
uni_v2,PAAD,blocked,1,0,10,3889,731.0
uni_v2,PAAD,blocked_buffered,1,0,10,1718,2191.0
uni_v2,PAAD,blocked,1,1,4,3617,2192.0
uni_v2,PAAD,blocked_buffered,1,1,4,2597,3130.316940043574
uni_v2,PAAD,blocked,1,1,6,3873,1461.0
uni_v2,PAAD,blocked_buffered,1,1,6,2320,2556.0
uni_v2,PAAD,blocked,1,1,10,3898,731.0
uni_v2,PAAD,blocked_buffered,1,1,10,1594,2191.0
uni_v2,PAAD,blocked,1,2,4,3829,2190.5
uni_v2,PAAD,blocked_buffered,1,2,4,2789,2922.0
uni_v2,PAAD,blocked,1,2,6,3808,1461.0
uni_v2,PAAD,blocked_buffered,1,2,6,2259,2338.545915734818
uni_v2,PAAD,blocked,1,2,10,3929,731.0
uni_v2,PAAD,blocked_buffered,1,2,10,1647,2192.0
uni_v2,PAAD,blocked,1,3,4,3580,2192.0
uni_v2,PAAD,blocked_buffered,1,3,4,2496,3286.0
uni_v2,PAAD,blocked,1,3,6,3761,1096.0
uni_v2,PAAD,blocked_buffered,1,3,6,2020,2309.411396871506
uni_v2,PAAD,blocked,1,3,10,3941,731.0
uni_v2,PAAD,blocked_buffered,1,3,10,1550,2129.669457920642
uni_v2,PAAD,blocked,1,4,4,3709,1827.0
uni_v2,PAAD,blocked_buffered,1,4,4,2650,2922.0
uni_v2,PAAD,blocked,1,4,6,3808,1461.0
uni_v2,PAAD,blocked_buffered,1,4,6,2193,2338.545915734818
uni_v2,PAAD,blocked,1,4,10,3905,731.0
uni_v2,PAAD,blocked_buffered,1,4,10,1595,2192.0
uni_v2,PAAD,blocked,2,0,4,5224,1460.0
uni_v2,PAAD,blocked_buffered,2,0,4,4154,2192.0
uni_v2,PAAD,blocked,2,0,6,5542,731.0
uni_v2,PAAD,blocked_buffered,2,0,6,3992,1826.0
uni_v2,PAAD,blocked,2,0,10,5598,730.0
uni_v2,PAAD,blocked_buffered,2,0,10,3567,1826.0
uni_v2,PAAD,blocked,2,1,4,5345,1461.0
uni_v2,PAAD,blocked_buffered,2,1,4,4474,2557.0
uni_v2,PAAD,blocked,2,1,6,5488,731.0
uni_v2,PAAD,blocked_buffered,2,1,6,3970,1826.0
uni_v2,PAAD,blocked,2,1,10,5576,730.0
uni_v2,PAAD,blocked_buffered,2,1,10,3434,1505.9037153815646
uni_v2,PAAD,blocked,2,2,4,5161,1461.0
uni_v2,PAAD,blocked_buffered,2,2,4,4241,2557.0
uni_v2,PAAD,blocked,2,2,6,5518,1095.0
uni_v2,PAAD,blocked_buffered,2,2,6,4190,2191.0
uni_v2,PAAD,blocked,2,2,10,5609,730.0
uni_v2,PAAD,blocked_buffered,2,2,10,3568,1825.0
uni_v2,PAAD,blocked,2,3,4,5330,1461.0
uni_v2,PAAD,blocked_buffered,2,3,4,4485,2557.0
uni_v2,PAAD,blocked,2,3,6,5472,1096.0
uni_v2,PAAD,blocked_buffered,2,3,6,4241,2191.0
uni_v2,PAAD,blocked,2,3,10,5583,730.0
uni_v2,PAAD,blocked_buffered,2,3,10,3494,1825.0
uni_v2,PAAD,blocked,2,4,4,5430,1461.0
uni_v2,PAAD,blocked_buffered,2,4,4,4656,2557.0
uni_v2,PAAD,blocked,2,4,6,5521,731.0
uni_v2,PAAD,blocked_buffered,2,4,6,4030,1827.0
uni_v2,PAAD,blocked,2,4,10,5534,730.0
uni_v2,PAAD,blocked_buffered,2,4,10,3277,1633.6713255731704
uni_v2,PRAD,blocked,0,0,4,34552,1032.2344694884007
uni_v2,PRAD,blocked_buffered,0,0,4,27494,1515.001320131438
uni_v2,PRAD,blocked,0,0,6,35473,761.2332099954651
uni_v2,PRAD,blocked_buffered,0,0,6,24987,1220.0
uni_v2,PRAD,blocked,0,0,10,36402,497.7569688110856
uni_v2,PRAD,blocked_buffered,0,0,10,19113,994.786409235671
uni_v2,PRAD,blocked,0,1,4,34512,1047.00047755481
uni_v2,PRAD,blocked_buffered,0,1,4,27418,1527.0013097571332
uni_v2,PRAD,blocked,0,1,6,35779,762.3417868646583
uni_v2,PRAD,blocked_buffered,0,1,6,25783,1226.08727258707
uni_v2,PRAD,blocked,0,1,10,36431,496.89133620943727
uni_v2,PRAD,blocked_buffered,0,1,10,19082,994.2841646129139
uni_v2,PRAD,blocked,0,2,4,34270,1046.0
uni_v2,PRAD,blocked_buffered,0,2,4,27335,1523.5632576299547
uni_v2,PRAD,blocked,0,2,6,35947,757.7334623731488
uni_v2,PRAD,blocked_buffered,0,2,6,25403,1172.0
uni_v2,PRAD,blocked,0,2,10,36352,499.0
uni_v2,PRAD,blocked_buffered,0,2,10,19433,998.0
uni_v2,PRAD,blocked,0,3,4,34435,1056.485210497525
uni_v2,PRAD,blocked_buffered,0,3,4,27844,1530.0013071889841
uni_v2,PRAD,blocked,0,3,6,35474,759.3345771134092
uni_v2,PRAD,blocked_buffered,0,3,6,25000,1192.6560403462177
uni_v2,PRAD,blocked,0,3,10,36401,499.0
uni_v2,PRAD,blocked_buffered,0,3,10,19299,998.0
uni_v2,PRAD,blocked,0,4,4,35009,1144.1415996282979
uni_v2,PRAD,blocked_buffered,0,4,4,28293,1631.0567126865944
uni_v2,PRAD,blocked,0,4,6,35848,759.9506562928938
uni_v2,PRAD,blocked_buffered,0,4,6,25654,1212.5008250819465
uni_v2,PRAD,blocked,0,4,10,36299,497.3932046178355
uni_v2,PRAD,blocked_buffered,0,4,10,19045,995.1492350396497
uni_v2,PRAD,blocked,1,0,4,23332,1319.6927671704852
uni_v2,PRAD,blocked_buffered,1,0,4,16476,1793.1213009721343
uni_v2,PRAD,blocked,1,0,6,24626,873.0051546239575
uni_v2,PRAD,blocked_buffered,1,0,6,14590,1367.7697174597777
uni_v2,PRAD,blocked,1,0,10,25375,524.7208781819149
uni_v2,PRAD,blocked_buffered,1,0,10,9745,1062.3676388143608
uni_v2,PRAD,blocked,1,1,4,23518,1386.2651215310666
uni_v2,PRAD,blocked_buffered,1,1,4,16928,1881.681428935302
uni_v2,PRAD,blocked,1,1,6,24894,882.0124715671542
uni_v2,PRAD,blocked_buffered,1,1,6,15139,1434.0
uni_v2,PRAD,blocked,1,1,10,25556,525.5416253732905
uni_v2,PRAD,blocked_buffered,1,1,10,9687,1060.0117923872356
uni_v2,PRAD,blocked,1,2,4,23624,1397.0
uni_v2,PRAD,blocked_buffered,1,2,4,17233,1919.74425380049
uni_v2,PRAD,blocked,1,2,6,24887,911.0
uni_v2,PRAD,blocked_buffered,1,2,6,15482,1465.0013651870772
uni_v2,PRAD,blocked,1,2,10,25481,574.0008710794784
uni_v2,PRAD,blocked_buffered,1,2,10,9699,1092.6467864776796
uni_v2,PRAD,blocked,1,3,4,23625,1389.9712227236937
uni_v2,PRAD,blocked_buffered,1,3,4,17221,1909.3716243832682
uni_v2,PRAD,blocked,1,3,6,24835,879.0
uni_v2,PRAD,blocked_buffered,1,3,6,14891,1396.0
uni_v2,PRAD,blocked,1,3,10,25501,575.6474615595903
uni_v2,PRAD,blocked_buffered,1,3,10,10054,1089.0018365457424
uni_v2,PRAD,blocked,1,4,4,23746,1345.683096918671
uni_v2,PRAD,blocked_buffered,1,4,4,17029,1853.443395287894
uni_v2,PRAD,blocked,1,4,6,24776,973.3370433719247
uni_v2,PRAD,blocked_buffered,1,4,6,15167,1489.3075572224832
uni_v2,PRAD,blocked,1,4,10,25411,574.0
uni_v2,PRAD,blocked_buffered,1,4,10,9835,1064.643132697525
uni_v2,READ,blocked,0,0,4,3472,954.245775468773
uni_v2,READ,blocked_buffered,0,0,4,2407,1426.7080990868456
uni_v2,READ,blocked,0,0,6,3638,758.0
uni_v2,READ,blocked_buffered,0,0,6,2217,1211.8291958852947
uni_v2,READ,blocked,0,0,10,3765,435.00114942376877
uni_v2,READ,blocked_buffered,0,0,10,1413,950.8022928032935
uni_v2,READ,blocked,0,1,4,3552,1089.0
uni_v2,READ,blocked_buffered,0,1,4,2541,1522.0003285150763
uni_v2,READ,blocked,0,1,6,3700,655.4029295021498
uni_v2,READ,blocked_buffered,0,1,6,2154,1137.0
uni_v2,READ,blocked,0,1,10,3766,435.0
uni_v2,READ,blocked_buffered,0,1,10,1394,949.6025484380294
uni_v2,READ,blocked,0,2,4,3581,1088.0
uni_v2,READ,blocked_buffered,0,2,4,2490,1514.0003302509547
uni_v2,READ,blocked,0,2,6,3728,653.0
uni_v2,READ,blocked_buffered,0,2,6,2060,1131.3399135538355
uni_v2,READ,blocked,0,2,10,3746,435.0
uni_v2,READ,blocked_buffered,0,2,10,1281,948.5694492234082
uni_v2,READ,blocked,0,3,4,3596,870.0005747124538
uni_v2,READ,blocked_buffered,0,3,4,2414,1328.3166038260608
uni_v2,READ,blocked,0,3,6,3742,653.0
uni_v2,READ,blocked_buffered,0,3,6,2043,1135.0004405285488
uni_v2,READ,blocked,0,3,10,3774,435.0
uni_v2,READ,blocked_buffered,0,3,10,1225,948.5694492234082
uni_v2,READ,blocked,0,4,4,3449,996.8876566594653
uni_v2,READ,blocked_buffered,0,4,4,2384,1433.9047826283781
uni_v2,READ,blocked,0,4,6,3681,758.0
uni_v2,READ,blocked_buffered,0,4,6,2233,1210.6857560903243
uni_v2,READ,blocked,0,4,10,3753,379.0
uni_v2,READ,blocked_buffered,0,4,10,1195,873.0830430148096
uni_v2,READ,blocked,1,0,4,4394,869.0005753738026
uni_v2,READ,blocked_buffered,1,0,4,3292,1306.0
uni_v2,READ,blocked,1,0,6,4429,578.1764436571244
uni_v2,READ,blocked_buffered,1,0,6,2698,997.2667647124314
uni_v2,READ,blocked,1,0,10,4537,379.0
uni_v2,READ,blocked_buffered,1,0,10,2007,870.0005747124538
uni_v2,READ,blocked,1,1,4,4489,785.794502398687
uni_v2,READ,blocked_buffered,1,1,4,3369,1306.0
uni_v2,READ,blocked,1,1,6,4465,578.3640721898275
uni_v2,READ,blocked_buffered,1,1,6,2900,1000.486381716413
uni_v2,READ,blocked,1,1,10,4545,379.0
uni_v2,READ,blocked_buffered,1,1,10,1952,788.7255542962964
uni_v2,READ,blocked,1,2,4,4160,952.1449469487301
uni_v2,READ,blocked_buffered,1,2,4,3103,1329.394222945173
uni_v2,READ,blocked,1,2,6,4451,579.3461832100044
uni_v2,READ,blocked_buffered,1,2,6,2856,1087.0004599815034
uni_v2,READ,blocked,1,2,10,4522,379.0
uni_v2,READ,blocked_buffered,1,2,10,1938,788.7255542962964
uni_v2,READ,blocked,1,3,4,4396,871.0
uni_v2,READ,blocked_buffered,1,3,4,3216,1328.3166038260608
uni_v2,READ,blocked,1,3,6,4477,578.1764436571244
uni_v2,READ,blocked_buffered,1,3,6,2849,997.07672723818
uni_v2,READ,blocked,1,3,10,4538,379.0
uni_v2,READ,blocked_buffered,1,3,10,1887,787.20835869546
uni_v2,READ,blocked,1,4,4,4277,785.089166910358
uni_v2,READ,blocked_buffered,1,4,4,3065,1213.2229546237324
uni_v2,READ,blocked,1,4,6,4476,578.3640721898275
uni_v2,READ,blocked_buffered,1,4,6,2949,1000.9220748889496
uni_v2,READ,blocked,1,4,10,4480,379.0
uni_v2,READ,blocked_buffered,1,4,10,1819,786.8036603880284
uni_v2,SKCM,blocked,0,0,4,1678,1827.0
uni_v2,SKCM,blocked_buffered,0,0,4,1246,2923.0
uni_v2,SKCM,blocked,0,0,6,1640,1461.0
uni_v2,SKCM,blocked_buffered,0,0,6,995,2557.0
uni_v2,SKCM,blocked,0,0,10,1706,731.0
uni_v2,SKCM,blocked_buffered,0,0,10,574,1863.2994928352232
uni_v2,SKCM,blocked,0,1,4,1600,2192.0
uni_v2,SKCM,blocked_buffered,0,1,4,1229,3289.0
uni_v2,SKCM,blocked,0,1,6,1641,1461.0
uni_v2,SKCM,blocked_buffered,0,1,6,912,2193.0
uni_v2,SKCM,blocked,0,1,10,1735,731.0
uni_v2,SKCM,blocked_buffered,0,1,10,676,2192.0
uni_v2,SKCM,blocked,0,2,4,1700,1528.4259903926213
uni_v2,SKCM,blocked_buffered,0,2,4,1187,2923.0
uni_v2,SKCM,blocked,0,2,6,1700,1461.0
uni_v2,SKCM,blocked_buffered,0,2,6,959,2193.0
uni_v2,SKCM,blocked,0,2,10,1708,731.0
uni_v2,SKCM,blocked_buffered,0,2,10,576,2192.0
uni_v2,SKCM,blocked,0,3,4,1711,2131.04152939355
uni_v2,SKCM,blocked_buffered,0,3,4,1307,2923.0
uni_v2,SKCM,blocked,0,3,6,1684,1461.0
uni_v2,SKCM,blocked_buffered,0,3,6,977,2557.0
uni_v2,SKCM,blocked,0,3,10,1718,731.0
uni_v2,SKCM,blocked_buffered,0,3,10,760,2192.0
uni_v2,SKCM,blocked,0,4,4,1700,1462.0
uni_v2,SKCM,blocked_buffered,0,4,4,1183,2558.0
uni_v2,SKCM,blocked,0,4,6,1695,1461.0
uni_v2,SKCM,blocked_buffered,0,4,6,980,2310.676307923721
uni_v2,SKCM,blocked,0,4,10,1704,731.0
uni_v2,SKCM,blocked_buffered,0,4,10,638,2192.0
uni_v2,SKCM,blocked,1,0,4,1098,2192.0
uni_v2,SKCM,blocked_buffered,1,0,4,642,3121.721480209277
uni_v2,SKCM,blocked,1,0,6,1262,1634.5656915523464
uni_v2,SKCM,blocked_buffered,1,0,6,690,3013.020079587921
uni_v2,SKCM,blocked,1,0,10,1281,1096.0
uni_v2,SKCM,blocked,1,1,4,1217,2558.0
uni_v2,SKCM,blocked_buffered,1,1,4,785,3654.0
uni_v2,SKCM,blocked,1,1,6,1231,1462.0
uni_v2,SKCM,blocked_buffered,1,1,6,628,2583.768178455645
uni_v2,SKCM,blocked,1,1,10,1262,817.5065748971075
uni_v2,SKCM,blocked,1,2,4,1190,2193.0
uni_v2,SKCM,blocked_buffered,1,2,4,797,3368.4419949746725
uni_v2,SKCM,blocked,1,2,6,1246,1462.0
uni_v2,SKCM,blocked_buffered,1,2,6,578,2923.0
uni_v2,SKCM,blocked,1,2,10,1263,817.5065748971075
uni_v2,SKCM,blocked,1,3,4,1117,2558.0
uni_v2,SKCM,blocked_buffered,1,3,4,663,3654.0
uni_v2,SKCM,blocked,1,3,6,1259,1462.0
uni_v2,SKCM,blocked_buffered,1,3,6,613,2923.0
uni_v2,SKCM,blocked,1,3,10,1273,817.5065748971075
uni_v2,SKCM,blocked,1,4,4,1151,2310.36014508561
uni_v2,SKCM,blocked_buffered,1,4,4,715,3653.0
uni_v2,SKCM,blocked,1,4,6,1269,1462.0
uni_v2,SKCM,blocked_buffered,1,4,6,686,2582.9196658045717
uni_v2,SKCM,blocked,1,4,10,1271,817.5065748971075
