sample_id,set_name,encoder,benchmark_task,new_embeddings,bench_embeddings,n_rows_new,n_rows_bench,emb_dim_new,emb_dim_bench,n_barcodes_new,n_barcodes_bench,n_barcodes_matched,barcode_sets_identical,row_order_identical,max_abs_diff,max_rel_diff_elem,median_rel_diff_elem,frac_elems_excluded_small,max_rel_l2_row,median_rel_l2_row,agrees_1e-5,n_patches_new,n_patches_bench,patch_shape_new,patch_shape_bench,patch_dtype_new,patch_dtype_bench,patch_attrs_new,patch_attrs_bench,n_patch_barcodes_compared,max_abs_img_diff,frac_img_bytes_differing,max_abs_coord_diff,error
INT1,kidney_visium_cell,hoptimus0,CCRCC,/work/users/w/e/weiyang/hest_replication/embeddings_ext/kidney_visium_cell/hoptimus0/INT1.h5,/work/users/w/e/weiyang/hest_replication/embeddings/CCRCC/hoptimus0/INT1.h5,1032,1084,1536,1536,1032,1084,1032,False,False,6.139889e-01,1.999972e+00,6.329376e-02,0.0000,1.465694e-01,6.742519e-02,False,1032,1084,224x224x3,224x224x3,uint8,uint8,"{""datasets"": {""barcode"": {""attrs"": {}, ""dtype"": ""object"", ""shape"": [1032, 1]}, ""coords"": {""attrs"": {}, ""dtype"": ""int64"", ""shape"": [1032, 2]}, ""img"": {""attrs"": {""downsample"": ""1.0943478476792592"", ""patch_size_src"": ""245"", ""patch_size_target"": ""224"", ""pixel_size"": ""0.4568931177233368""}, ""dtype"": ""uint8"", ""shape"": [1032, 224, 224, 3]}}, ""file"": {}}","{""datasets"": {""barcode"": {""attrs"": {}, ""dtype"": ""object"", ""shape"": [1084, 1]}, ""coords"": {""attrs"": {}, ""dtype"": ""int64"", ""shape"": [1084, 2]}, ""img"": {""attrs"": {""factor"": ""1.0943478476792592"", ""patch_size"": ""245""}, ""dtype"": ""uint8"", ""shape"": [1084, 224, 224, 3]}}, ""file"": {}}",32,108,0.701171,10677,
INT10,kidney_visium_cell,hoptimus0,CCRCC,/work/users/w/e/weiyang/hest_replication/embeddings_ext/kidney_visium_cell/hoptimus0/INT10.h5,/work/users/w/e/weiyang/hest_replication/embeddings/CCRCC/hoptimus0/INT10.h5,1971,1983,1536,1536,1971,1983,1971,False,False,7.454656e-01,1.999980e+00,8.138607e-02,0.0000,2.090591e-01,8.921925e-02,False,1971,1983,224x224x3,224x224x3,uint8,uint8,"{""datasets"": {""barcode"": {""attrs"": {}, ""dtype"": ""object"", ""shape"": [1971, 1]}, ""coords"": {""attrs"": {}, ""dtype"": ""int64"", ""shape"": [1971, 2]}, ""img"": {""attrs"": {""downsample"": ""1.0916679389305561"", ""patch_size_src"": ""245"", ""patch_size_target"": ""224"", ""pixel_size"": ""0.4580147333902844""}, ""dtype"": ""uint8"", ""shape"": [1971, 224, 224, 3]}}, ""file"": {}}","{""datasets"": {""barcode"": {""attrs"": {}, ""dtype"": ""object"", ""shape"": [1983, 1]}, ""coords"": {""attrs"": {}, ""dtype"": ""int64"", ""shape"": [1983, 2]}, ""img"": {""attrs"": {""factor"": ""1.0916679389305561"", ""patch_size"": ""245""}, ""dtype"": ""uint8"", ""shape"": [1983, 224, 224, 3]}}, ""file"": {}}",32,145,0.812057,9435,
INT11,kidney_visium_cell,hoptimus0,CCRCC,/work/users/w/e/weiyang/hest_replication/embeddings_ext/kidney_visium_cell/hoptimus0/INT11.h5,/work/users/w/e/weiyang/hest_replication/embeddings/CCRCC/hoptimus0/INT11.h5,1400,1439,1536,1536,1400,1439,1400,False,False,7.117106e-01,1.999980e+00,8.994297e-02,0.0000,2.080776e-01,1.002349e-01,False,1400,1439,224x224x3,224x224x3,uint8,uint8,"{""datasets"": {""barcode"": {""attrs"": {}, ""dtype"": ""object"", ""shape"": [1400, 1]}, ""coords"": {""attrs"": {}, ""dtype"": ""int64"", ""shape"": [1400, 2]}, ""img"": {""attrs"": {""downsample"": ""1.095"", ""patch_size_src"": ""245"", ""patch_size_target"": ""224"", ""pixel_size"": ""0.45662100456621""}, ""dtype"": ""uint8"", ""shape"": [1400, 224, 224, 3]}}, ""file"": {}}","{""datasets"": {""barcode"": {""attrs"": {}, ""dtype"": ""object"", ""shape"": [1439, 1]}, ""coords"": {""attrs"": {}, ""dtype"": ""int64"", ""shape"": [1439, 2]}, ""img"": {""attrs"": {""factor"": ""1.095"", ""patch_size"": ""245""}, ""dtype"": ""uint8"", ""shape"": [1439, 224, 224, 3]}}, ""file"": {}}",32,78,0.885589,6840,
INT12,kidney_visium_cell,hoptimus0,CCRCC,/work/users/w/e/weiyang/hest_replication/embeddings_ext/kidney_visium_cell/hoptimus0/INT12.h5,/work/users/w/e/weiyang/hest_replication/embeddings/CCRCC/hoptimus0/INT12.h5,1450,1451,1536,1536,1450,1451,1450,False,False,5.711045e-01,1.999927e+00,7.253336e-02,0.0000,1.545524e-01,7.877802e-02,False,1450,1451,224x224x3,224x224x3,uint8,uint8,"{""datasets"": {""barcode"": {""attrs"": {}, ""dtype"": ""object"", ""shape"": [1450, 1]}, ""coords"": {""attrs"": {}, ""dtype"": ""int64"", ""shape"": [1450, 2]}, ""img"": {""attrs"": {""downsample"": ""1.0925041189853701"", ""patch_size_src"": ""245"", ""patch_size_target"": ""224"", ""pixel_size"": ""0.4576641783871348""}, ""dtype"": ""uint8"", ""shape"": [1450, 224, 224, 3]}}, ""file"": {}}","{""datasets"": {""barcode"": {""attrs"": {}, ""dtype"": ""object"", ""shape"": [1451, 1]}, ""coords"": {""attrs"": {}, ""dtype"": ""int64"", ""shape"": [1451, 2]}, ""img"": {""attrs"": {""factor"": ""1.0925041189853701"", ""patch_size"": ""245""}, ""dtype"": ""uint8"", ""shape"": [1451, 224, 224, 3]}}, ""file"": {}}",32,81,0.867264,6890,
INT13,kidney_visium_cell,hoptimus0,CCRCC,/work/users/w/e/weiyang/hest_replication/embeddings_ext/kidney_visium_cell/hoptimus0/INT13.h5,/work/users/w/e/weiyang/hest_replication/embeddings/CCRCC/hoptimus0/INT13.h5,4359,4359,1536,1536,4359,4359,4359,True,True,1.109716e+00,1.999990e+00,9.391503e-02,0.0000,2.578532e-01,1.052649e-01,False,4359,4359,224x224x3,224x224x3,uint8,uint8,"{""datasets"": {""barcode"": {""attrs"": {}, ""dtype"": ""object"", ""shape"": [4359, 1]}, ""coords"": {""attrs"": {}, ""dtype"": ""int64"", ""shape"": [4359, 2]}, ""img"": {""attrs"": {""downsample"": ""1.0930687043262155"", ""patch_size_src"": ""245"", ""patch_size_target"": ""224"", ""pixel_size"": ""0.4574277884098857""}, ""dtype"": ""uint8"", ""shape"": [4359, 224, 224, 3]}}, ""file"": {}}","{""datasets"": {""barcode"": {""attrs"": {}, ""dtype"": ""object"", ""shape"": [4359, 1]}, ""coords"": {""attrs"": {}, ""dtype"": ""int64"", ""shape"": [4359, 2]}, ""img"": {""attrs"": {""factor"": ""1.0930687043262155"", ""patch_size"": ""245""}, ""dtype"": ""uint8"", ""shape"": [4359, 224, 224, 3]}}, ""file"": {}}",32,148,0.939102,11937,
INT14,kidney_visium_cell,hoptimus0,CCRCC,/work/users/w/e/weiyang/hest_replication/embeddings_ext/kidney_visium_cell/hoptimus0/INT14.h5,/work/users/w/e/weiyang/hest_replication/embeddings/CCRCC/hoptimus0/INT14.h5,4559,4562,1536,1536,4559,4562,4559,False,False,9.635687e-01,1.999999e+00,9.401465e-02,0.0000,2.146295e-01,1.015905e-01,False,4559,4562,224x224x3,224x224x3,uint8,uint8,"{""datasets"": {""barcode"": {""attrs"": {}, ""dtype"": ""object"", ""shape"": [4559, 1]}, ""coords"": {""attrs"": {}, ""dtype"": ""int64"", ""shape"": [4559, 2]}, ""img"": {""attrs"": {""downsample"": ""1.0927247896279346"", ""patch_size_src"": ""245"", ""patch_size_target"": ""224"", ""pixel_size"": ""0.4575717552543552""}, ""dtype"": ""uint8"", ""shape"": [4559, 224, 224, 3]}}, ""file"": {}}","{""datasets"": {""barcode"": {""attrs"": {}, ""dtype"": ""object"", ""shape"": [4562, 1]}, ""coords"": {""attrs"": {}, ""dtype"": ""int64"", ""shape"": [4562, 2]}, ""img"": {""attrs"": {""factor"": ""1.0927247896279344"", ""patch_size"": ""245""}, ""dtype"": ""uint8"", ""shape"": [4562, 224, 224, 3]}}, ""file"": {}}",32,133,0.927034,12878,
INT15,kidney_visium_cell,hoptimus0,CCRCC,/work/users/w/e/weiyang/hest_replication/embeddings_ext/kidney_visium_cell/hoptimus0/INT15.h5,/work/users/w/e/weiyang/hest_replication/embeddings/CCRCC/hoptimus0/INT15.h5,4940,4940,1536,1536,4940,4940,4940,True,True,8.880526e-01,1.999999e+00,8.975563e-02,0.0000,2.105231e-01,9.631972e-02,False,4940,4940,224x224x3,224x224x3,uint8,uint8,"{""datasets"": {""barcode"": {""attrs"": {}, ""dtype"": ""object"", ""shape"": [4940, 1]}, ""coords"": {""attrs"": {}, ""dtype"": ""int64"", ""shape"": [4940, 2]}, ""img"": {""attrs"": {""downsample"": ""1.092055062635518"", ""patch_size_src"": ""245"", ""patch_size_target"": ""224"", ""pixel_size"": ""0.457852371283662""}, ""dtype"": ""uint8"", ""shape"": [4940, 224, 224, 3]}}, ""file"": {}}","{""datasets"": {""barcode"": {""attrs"": {}, ""dtype"": ""object"", ""shape"": [4940, 1]}, ""coords"": {""attrs"": {}, ""dtype"": ""int64"", ""shape"": [4940, 2]}, ""img"": {""attrs"": {""factor"": ""1.092055062635518"", ""patch_size"": ""245""}, ""dtype"": ""uint8"", ""shape"": [4940, 224, 224, 3]}}, ""file"": {}}",32,130,0.936982,12189,
INT16,kidney_visium_cell,hoptimus0,CCRCC,/work/users/w/e/weiyang/hest_replication/embeddings_ext/kidney_visium_cell/hoptimus0/INT16.h5,/work/users/w/e/weiyang/hest_replication/embeddings/CCRCC/hoptimus0/INT16.h5,3202,3206,1536,1536,3202,3206,3202,False,False,1.399789e+00,1.999999e+00,1.496363e-01,0.0000,3.674146e-01,1.818494e-01,False,3202,3206,224x224x3,224x224x3,uint8,uint8,"{""datasets"": {""barcode"": {""attrs"": {}, ""dtype"": ""object"", ""shape"": [3202, 1]}, ""coords"": {""attrs"": {}, ""dtype"": ""int64"", ""shape"": [3202, 2]}, ""img"": {""attrs"": {""downsample"": ""1.09256553537239"", ""patch_size_src"": ""245"", ""patch_size_target"": ""224"", ""pixel_size"": ""0.4576384517104322""}, ""dtype"": ""uint8"", ""shape"": [3202, 224, 224, 3]}}, ""file"": {}}","{""datasets"": {""barcode"": {""attrs"": {}, ""dtype"": ""object"", ""shape"": [3206, 1]}, ""coords"": {""attrs"": {}, ""dtype"": ""int64"", ""shape"": [3206, 2]}, ""img"": {""attrs"": {""factor"": ""1.09256553537239"", ""patch_size"": ""245""}, ""dtype"": ""uint8"", ""shape"": [3206, 224, 224, 3]}}, ""file"": {}}",32,146,0.940827,11308,
INT17,kidney_visium_cell,hoptimus0,CCRCC,/work/users/w/e/weiyang/hest_replication/embeddings_ext/kidney_visium_cell/hoptimus0/INT17.h5,/work/users/w/e/weiyang/hest_replication/embeddings/CCRCC/hoptimus0/INT17.h5,3584,3585,1536,1536,3584,3585,3584,False,False,7.523093e-01,1.999984e+00,9.793413e-02,0.0000,2.271196e-01,1.091670e-01,False,3584,3585,224x224x3,224x224x3,uint8,uint8,"{""datasets"": {""barcode"": {""attrs"": {}, ""dtype"": ""object"", ""shape"": [3584, 1]}, ""coords"": {""attrs"": {}, ""dtype"": ""int64"", ""shape"": [3584, 2]}, ""img"": {""attrs"": {""downsample"": ""1.092823769302581"", ""patch_size_src"": ""245"", ""patch_size_target"": ""224"", ""pixel_size"": ""0.4575303118810184""}, ""dtype"": ""uint8"", ""shape"": [3584, 224, 224, 3]}}, ""file"": {}}","{""datasets"": {""barcode"": {""attrs"": {}, ""dtype"": ""object"", ""shape"": [3585, 1]}, ""coords"": {""attrs"": {}, ""dtype"": ""int64"", ""shape"": [3585, 2]}, ""img"": {""attrs"": {""factor"": ""1.0928237693025808"", ""patch_size"": ""245""}, ""dtype"": ""uint8"", ""shape"": [3585, 224, 224, 3]}}, ""file"": {}}",32,136,0.929045,12319,
INT18,kidney_visium_cell,hoptimus0,CCRCC,/work/users/w/e/weiyang/hest_replication/embeddings_ext/kidney_visium_cell/hoptimus0/INT18.h5,/work/users/w/e/weiyang/hest_replication/embeddings/CCRCC/hoptimus0/INT18.h5,4914,4915,1536,1536,4914,4915,4914,False,False,1.021519e+00,1.999959e+00,7.804744e-02,0.0000,2.480481e-01,8.264298e-02,False,4914,4915,224x224x3,224x224x3,uint8,uint8,"{""datasets"": {""barcode"": {""attrs"": {}, ""dtype"": ""object"", ""shape"": [4914, 1]}, ""coords"": {""attrs"": {}, ""dtype"": ""int64"", ""shape"": [4914, 2]}, ""img"": {""attrs"": {""downsample"": ""1.0914693906667348"", ""patch_size_src"": ""244"", ""patch_size_target"": ""224"", ""pixel_size"": ""0.4580980504589049""}, ""dtype"": ""uint8"", ""shape"": [4914, 224, 224, 3]}}, ""file"": {}}","{""datasets"": {""barcode"": {""attrs"": {}, ""dtype"": ""object"", ""shape"": [4915, 1]}, ""coords"": {""attrs"": {}, ""dtype"": ""int64"", ""shape"": [4915, 2]}, ""img"": {""attrs"": {""factor"": ""1.0914693906667348"", ""patch_size"": ""244""}, ""dtype"": ""uint8"", ""shape"": [4915, 224, 224, 3]}}, ""file"": {}}",32,26,0.750938,12662,
INT19,kidney_visium_cell,hoptimus0,CCRCC,/work/users/w/e/weiyang/hest_replication/embeddings_ext/kidney_visium_cell/hoptimus0/INT19.h5,/work/users/w/e/weiyang/hest_replication/embeddings/CCRCC/hoptimus0/INT19.h5,4948,4948,1536,1536,4948,4948,4948,True,True,7.113080e-01,1.999999e+00,8.954099e-02,0.0000,1.941176e-01,9.672739e-02,False,4948,4948,224x224x3,224x224x3,uint8,uint8,"{""datasets"": {""barcode"": {""attrs"": {}, ""dtype"": ""object"", ""shape"": [4948, 1]}, ""coords"": {""attrs"": {}, ""dtype"": ""int64"", ""shape"": [4948, 2]}, ""img"": {""attrs"": {""downsample"": ""1.0934826453545123"", ""patch_size_src"": ""245"", ""patch_size_target"": ""224"", ""pixel_size"": ""0.4572546277932903""}, ""dtype"": ""uint8"", ""shape"": [4948, 224, 224, 3]}}, ""file"": {}}","{""datasets"": {""barcode"": {""attrs"": {}, ""dtype"": ""object"", ""shape"": [4948, 1]}, ""coords"": {""attrs"": {}, ""dtype"": ""int64"", ""shape"": [4948, 2]}, ""img"": {""attrs"": {""factor"": ""1.0934826453545123"", ""patch_size"": ""245""}, ""dtype"": ""uint8"", ""shape"": [4948, 224, 224, 3]}}, ""file"": {}}",32,146,0.897119,13283,
INT2,kidney_visium_cell,hoptimus0,CCRCC,/work/users/w/e/weiyang/hest_replication/embeddings_ext/kidney_visium_cell/hoptimus0/INT2.h5,/work/users/w/e/weiyang/hest_replication/embeddings/CCRCC/hoptimus0/INT2.h5,2541,2580,1536,1536,2541,2580,2541,False,False,5.481747e-01,1.999985e+00,7.396396e-02,0.0000,1.520057e-01,8.239480e-02,False,2541,2580,224x224x3,224x224x3,uint8,uint8,"{""datasets"": {""barcode"": {""attrs"": {}, ""dtype"": ""object"", ""shape"": [2541, 1]}, ""coords"": {""attrs"": {}, ""dtype"": ""int64"", ""shape"": [2541, 2]}, ""img"": {""attrs"": {""downsample"": ""1.0940000000000003"", ""patch_size_src"": ""245"", ""patch_size_target"": ""224"", ""pixel_size"": ""0.4570383912248628""}, ""dtype"": ""uint8"", ""shape"": [2541, 224, 224, 3]}}, ""file"": {}}","{""datasets"": {""barcode"": {""attrs"": {}, ""dtype"": ""object"", ""shape"": [2580, 1]}, ""coords"": {""attrs"": {}, ""dtype"": ""int64"", ""shape"": [2580, 2]}, ""img"": {""attrs"": {""factor"": ""1.094"", ""patch_size"": ""245""}, ""dtype"": ""uint8"", ""shape"": [2580, 224, 224, 3]}}, ""file"": {}}",32,126,0.846211,9868,
INT20,kidney_visium_cell,hoptimus0,CCRCC,/work/users/w/e/weiyang/hest_replication/embeddings_ext/kidney_visium_cell/hoptimus0/INT20.h5,/work/users/w/e/weiyang/hest_replication/embeddings/CCRCC/hoptimus0/INT20.h5,4860,4860,1536,1536,4860,4860,4860,True,True,1.178033e+00,1.999996e+00,1.409947e-01,0.0000,3.695934e-01,1.684061e-01,False,4860,4860,224x224x3,224x224x3,uint8,uint8,"{""datasets"": {""barcode"": {""attrs"": {}, ""dtype"": ""object"", ""shape"": [4860, 1]}, ""coords"": {""attrs"": {}, ""dtype"": ""int64"", ""shape"": [4860, 2]}, ""img"": {""attrs"": {""downsample"": ""1.0938296796023883"", ""patch_size_src"": ""245"", ""patch_size_target"": ""224"", ""pixel_size"": ""0.4571095567472187""}, ""dtype"": ""uint8"", ""shape"": [4860, 224, 224, 3]}}, ""file"": {}}","{""datasets"": {""barcode"": {""attrs"": {}, ""dtype"": ""object"", ""shape"": [4860, 1]}, ""coords"": {""attrs"": {}, ""dtype"": ""int64"", ""shape"": [4860, 2]}, ""img"": {""attrs"": {""factor"": ""1.0938296796023883"", ""patch_size"": ""245""}, ""dtype"": ""uint8"", ""shape"": [4860, 224, 224, 3]}}, ""file"": {}}",32,152,0.939361,13673,
INT21,kidney_visium_cell,hoptimus0,CCRCC,/work/users/w/e/weiyang/hest_replication/embeddings_ext/kidney_visium_cell/hoptimus0/INT21.h5,/work/users/w/e/weiyang/hest_replication/embeddings/CCRCC/hoptimus0/INT21.h5,4960,4975,1536,1536,4960,4975,4960,False,False,7.350211e-01,1.999997e+00,8.742856e-02,0.0000,2.008846e-01,9.315414e-02,False,4960,4975,224x224x3,224x224x3,uint8,uint8,"{""datasets"": {""barcode"": {""attrs"": {}, ""dtype"": ""object"", ""shape"": [4960, 1]}, ""coords"": {""attrs"": {}, ""dtype"": ""int64"", ""shape"": [4960, 2]}, ""img"": {""attrs"": {""downsample"": ""1.0932865101795142"", ""patch_size_src"": ""245"", ""patch_size_target"": ""224"", ""pixel_size"": ""0.4573366590957951""}, ""dtype"": ""uint8"", ""shape"": [4960, 224, 224, 3]}}, ""file"": {}}","{""datasets"": {""barcode"": {""attrs"": {}, ""dtype"": ""object"", ""shape"": [4975, 1]}, ""coords"": {""attrs"": {}, ""dtype"": ""int64"", ""shape"": [4975, 2]}, ""img"": {""attrs"": {""factor"": ""1.0932865101795142"", ""patch_size"": ""245""}, ""dtype"": ""uint8"", ""shape"": [4975, 224, 224, 3]}}, ""file"": {}}",32,128,0.923857,12597,
INT22,kidney_visium_cell,hoptimus0,CCRCC,/work/users/w/e/weiyang/hest_replication/embeddings_ext/kidney_visium_cell/hoptimus0/INT22.h5,/work/users/w/e/weiyang/hest_replication/embeddings/CCRCC/hoptimus0/INT22.h5,3826,3829,1536,1536,3826,3829,3826,False,False,8.982613e-01,1.999972e+00,1.184764e-01,0.0000,2.856622e-01,1.345749e-01,False,3826,3829,224x224x3,224x224x3,uint8,uint8,"{""datasets"": {""barcode"": {""attrs"": {}, ""dtype"": ""object"", ""shape"": [3826, 1]}, ""coords"": {""attrs"": {}, ""dtype"": ""int64"", ""shape"": [3826, 2]}, ""img"": {""attrs"": {""downsample"": ""1.0928858644125676"", ""patch_size_src"": ""245"", ""patch_size_target"": ""224"", ""pixel_size"": ""0.4575043161243126""}, ""dtype"": ""uint8"", ""shape"": [3826, 224, 224, 3]}}, ""file"": {}}","{""datasets"": {""barcode"": {""attrs"": {}, ""dtype"": ""object"", ""shape"": [3829, 1]}, ""coords"": {""attrs"": {}, ""dtype"": ""int64"", ""shape"": [3829, 2]}, ""img"": {""attrs"": {""factor"": ""1.0928858644125676"", ""patch_size"": ""245""}, ""dtype"": ""uint8"", ""shape"": [3829, 224, 224, 3]}}, ""file"": {}}",32,132,0.935076,11804,
INT23,kidney_visium_cell,hoptimus0,CCRCC,/work/users/w/e/weiyang/hest_replication/embeddings_ext/kidney_visium_cell/hoptimus0/INT23.h5,/work/users/w/e/weiyang/hest_replication/embeddings/CCRCC/hoptimus0/INT23.h5,4755,4755,1536,1536,4755,4755,4755,True,True,1.324375e+00,1.999996e+00,1.035196e-01,0.0000,3.154478e-01,1.200571e-01,False,4755,4755,224x224x3,224x224x3,uint8,uint8,"{""datasets"": {""barcode"": {""attrs"": {}, ""dtype"": ""object"", ""shape"": [4755, 1]}, ""coords"": {""attrs"": {}, ""dtype"": ""int64"", ""shape"": [4755, 2]}, ""img"": {""attrs"": {""downsample"": ""1.0928170477799735"", ""patch_size_src"": ""245"", ""patch_size_target"": ""224"", ""pixel_size"": ""0.4575331259845696""}, ""dtype"": ""uint8"", ""shape"": [4755, 224, 224, 3]}}, ""file"": {}}","{""datasets"": {""barcode"": {""attrs"": {}, ""dtype"": ""object"", ""shape"": [4755, 1]}, ""coords"": {""attrs"": {}, ""dtype"": ""int64"", ""shape"": [4755, 2]}, ""img"": {""attrs"": {""factor"": ""1.0928170477799735"", ""patch_size"": ""245""}, ""dtype"": ""uint8"", ""shape"": [4755, 224, 224, 3]}}, ""file"": {}}",32,125,0.931894,13581,
INT24,kidney_visium_cell,hoptimus0,CCRCC,/work/users/w/e/weiyang/hest_replication/embeddings_ext/kidney_visium_cell/hoptimus0/INT24.h5,/work/users/w/e/weiyang/hest_replication/embeddings/CCRCC/hoptimus0/INT24.h5,4483,4510,1536,1536,4483,4510,4483,False,False,8.317403e-01,1.999999e+00,9.282907e-02,0.0000,2.341252e-01,1.065325e-01,False,4483,4510,224x224x3,224x224x3,uint8,uint8,"{""datasets"": {""barcode"": {""attrs"": {}, ""dtype"": ""object"", ""shape"": [4483, 1]}, ""coords"": {""attrs"": {}, ""dtype"": ""int64"", ""shape"": [4483, 2]}, ""img"": {""attrs"": {""downsample"": ""1.0932132301308992"", ""patch_size_src"": ""245"", ""patch_size_target"": ""224"", ""pixel_size"": ""0.4573673151944301""}, ""dtype"": ""uint8"", ""shape"": [4483, 224, 224, 3]}}, ""file"": {}}","{""datasets"": {""barcode"": {""attrs"": {}, ""dtype"": ""object"", ""shape"": [4510, 1]}, ""coords"": {""attrs"": {}, ""dtype"": ""int64"", ""shape"": [4510, 2]}, ""img"": {""attrs"": {""factor"": ""1.0932132301308992"", ""patch_size"": ""245""}, ""dtype"": ""uint8"", ""shape"": [4510, 224, 224, 3]}}, ""file"": {}}",32,147,0.821469,13286,
INT3,kidney_visium_cell,hoptimus0,CCRCC,/work/users/w/e/weiyang/hest_replication/embeddings_ext/kidney_visium_cell/hoptimus0/INT3.h5,/work/users/w/e/weiyang/hest_replication/embeddings/CCRCC/hoptimus0/INT3.h5,1973,2007,1536,1536,1973,2007,1973,False,False,6.467513e-01,1.999940e+00,6.584747e-02,0.0000,1.702019e-01,7.022850e-02,False,1973,2007,224x224x3,224x224x3,uint8,uint8,"{""datasets"": {""barcode"": {""attrs"": {}, ""dtype"": ""object"", ""shape"": [1973, 1]}, ""coords"": {""attrs"": {}, ""dtype"": ""int64"", ""shape"": [1973, 2]}, ""img"": {""attrs"": {""downsample"": ""1.0925"", ""patch_size_src"": ""245"", ""patch_size_target"": ""224"", ""pixel_size"": ""0.4576659038901602""}, ""dtype"": ""uint8"", ""shape"": [1973, 224, 224, 3]}}, ""file"": {}}","{""datasets"": {""barcode"": {""attrs"": {}, ""dtype"": ""object"", ""shape"": [2007, 1]}, ""coords"": {""attrs"": {}, ""dtype"": ""int64"", ""shape"": [2007, 2]}, ""img"": {""attrs"": {""factor"": ""1.0925"", ""patch_size"": ""245""}, ""dtype"": ""uint8"", ""shape"": [2007, 224, 224, 3]}}, ""file"": {}}",32,103,0.764059,9706,
INT4,kidney_visium_cell,hoptimus0,CCRCC,/work/users/w/e/weiyang/hest_replication/embeddings_ext/kidney_visium_cell/hoptimus0/INT4.h5,/work/users/w/e/weiyang/hest_replication/embeddings/CCRCC/hoptimus0/INT4.h5,1255,1349,1536,1536,1255,1349,1255,False,False,3.854787e-01,1.999916e+00,4.928334e-02,0.0000,1.241983e-01,4.901090e-02,False,1255,1349,224x224x3,224x224x3,uint8,uint8,"{""datasets"": {""barcode"": {""attrs"": {}, ""dtype"": ""object"", ""shape"": [1255, 1]}, ""coords"": {""attrs"": {}, ""dtype"": ""int64"", ""shape"": [1255, 2]}, ""img"": {""attrs"": {""downsample"": ""1.090005096828043"", ""patch_size_src"": ""244"", ""patch_size_target"": ""224"", ""pixel_size"": ""0.4587134513912085""}, ""dtype"": ""uint8"", ""shape"": [1255, 224, 224, 3]}}, ""file"": {}}","{""datasets"": {""barcode"": {""attrs"": {}, ""dtype"": ""object"", ""shape"": [1349, 1]}, ""coords"": {""attrs"": {}, ""dtype"": ""int64"", ""shape"": [1349, 2]}, ""img"": {""attrs"": {""factor"": ""1.090005096828043"", ""patch_size"": ""244""}, ""dtype"": ""uint8"", ""shape"": [1349, 224, 224, 3]}}, ""file"": {}}",32,41,0.524221,7200,
INT5,kidney_visium_cell,hoptimus0,CCRCC,/work/users/w/e/weiyang/hest_replication/embeddings_ext/kidney_visium_cell/hoptimus0/INT5.h5,/work/users/w/e/weiyang/hest_replication/embeddings/CCRCC/hoptimus0/INT5.h5,1158,1186,1536,1536,1158,1186,1158,False,False,7.465765e-01,2.000000e+00,7.183547e-02,0.0000,1.811672e-01,7.613775e-02,False,1158,1186,224x224x3,224x224x3,uint8,uint8,"{""datasets"": {""barcode"": {""attrs"": {}, ""dtype"": ""object"", ""shape"": [1158, 1]}, ""coords"": {""attrs"": {}, ""dtype"": ""int64"", ""shape"": [1158, 2]}, ""img"": {""attrs"": {""downsample"": ""1.0950028538775596"", ""patch_size_src"": ""245"", ""patch_size_target"": ""224"", ""pixel_size"": ""0.4566198144867198""}, ""dtype"": ""uint8"", ""shape"": [1158, 224, 224, 3]}}, ""file"": {}}","{""datasets"": {""barcode"": {""attrs"": {}, ""dtype"": ""object"", ""shape"": [1186, 1]}, ""coords"": {""attrs"": {}, ""dtype"": ""int64"", ""shape"": [1186, 2]}, ""img"": {""attrs"": {""factor"": ""1.0950028538775594"", ""patch_size"": ""245""}, ""dtype"": ""uint8"", ""shape"": [1186, 224, 224, 3]}}, ""file"": {}}",32,103,0.830516,7293,
INT6,kidney_visium_cell,hoptimus0,CCRCC,/work/users/w/e/weiyang/hest_replication/embeddings_ext/kidney_visium_cell/hoptimus0/INT6.h5,/work/users/w/e/weiyang/hest_replication/embeddings/CCRCC/hoptimus0/INT6.h5,1667,1678,1536,1536,1667,1678,1667,False,False,6.572951e-01,1.999966e+00,8.280658e-02,0.0000,1.943728e-01,9.020095e-02,False,1667,1678,224x224x3,224x224x3,uint8,uint8,"{""datasets"": {""barcode"": {""attrs"": {}, ""dtype"": ""object"", ""shape"": [1667, 1]}, ""coords"": {""attrs"": {}, ""dtype"": ""int64"", ""shape"": [1667, 2]}, ""img"": {""attrs"": {""downsample"": ""1.0937500793650765"", ""patch_size_src"": ""245"", ""patch_size_target"": ""224"", ""pixel_size"": ""0.4571428239714969""}, ""dtype"": ""uint8"", ""shape"": [1667, 224, 224, 3]}}, ""file"": {}}","{""datasets"": {""barcode"": {""attrs"": {}, ""dtype"": ""object"", ""shape"": [1678, 1]}, ""coords"": {""attrs"": {}, ""dtype"": ""int64"", ""shape"": [1678, 2]}, ""img"": {""attrs"": {""factor"": ""1.0937500793650765"", ""patch_size"": ""245""}, ""dtype"": ""uint8"", ""shape"": [1678, 224, 224, 3]}}, ""file"": {}}",32,129,0.791713,11876,
INT7,kidney_visium_cell,hoptimus0,CCRCC,/work/users/w/e/weiyang/hest_replication/embeddings_ext/kidney_visium_cell/hoptimus0/INT7.h5,/work/users/w/e/weiyang/hest_replication/embeddings/CCRCC/hoptimus0/INT7.h5,2361,2374,1536,1536,2361,2374,2361,False,False,6.315102e-01,1.999993e+00,6.777152e-02,0.0000,1.712680e-01,7.206289e-02,False,2361,2374,224x224x3,224x224x3,uint8,uint8,"{""datasets"": {""barcode"": {""attrs"": {}, ""dtype"": ""object"", ""shape"": [2361, 1]}, ""coords"": {""attrs"": {}, ""dtype"": ""int64"", ""shape"": [2361, 2]}, ""img"": {""attrs"": {""downsample"": ""1.092500715102741"", ""patch_size_src"": ""245"", ""patch_size_target"": ""224"", ""pixel_size"": ""0.4576656043222626""}, ""dtype"": ""uint8"", ""shape"": [2361, 224, 224, 3]}}, ""file"": {}}","{""datasets"": {""barcode"": {""attrs"": {}, ""dtype"": ""object"", ""shape"": [2374, 1]}, ""coords"": {""attrs"": {}, ""dtype"": ""int64"", ""shape"": [2374, 2]}, ""img"": {""attrs"": {""factor"": ""1.0925007151027408"", ""patch_size"": ""245""}, ""dtype"": ""uint8"", ""shape"": [2374, 224, 224, 3]}}, ""file"": {}}",32,93,0.791211,8913,
INT8,kidney_visium_cell,hoptimus0,CCRCC,/work/users/w/e/weiyang/hest_replication/embeddings_ext/kidney_visium_cell/hoptimus0/INT8.h5,/work/users/w/e/weiyang/hest_replication/embeddings/CCRCC/hoptimus0/INT8.h5,1924,1949,1536,1536,1924,1949,1924,False,False,6.318410e-01,1.999999e+00,8.237056e-02,0.0000,1.763175e-01,8.892535e-02,False,1924,1949,224x224x3,224x224x3,uint8,uint8,"{""datasets"": {""barcode"": {""attrs"": {}, ""dtype"": ""object"", ""shape"": [1924, 1]}, ""coords"": {""attrs"": {}, ""dtype"": ""int64"", ""shape"": [1924, 2]}, ""img"": {""attrs"": {""downsample"": ""1.0940000000000003"", ""patch_size_src"": ""245"", ""patch_size_target"": ""224"", ""pixel_size"": ""0.4570383912248628""}, ""dtype"": ""uint8"", ""shape"": [1924, 224, 224, 3]}}, ""file"": {}}","{""datasets"": {""barcode"": {""attrs"": {}, ""dtype"": ""object"", ""shape"": [1949, 1]}, ""coords"": {""attrs"": {}, ""dtype"": ""int64"", ""shape"": [1949, 2]}, ""img"": {""attrs"": {""factor"": ""1.094"", ""patch_size"": ""245""}, ""dtype"": ""uint8"", ""shape"": [1949, 224, 224, 3]}}, ""file"": {}}",32,119,0.803515,7427,
INT9,kidney_visium_cell,hoptimus0,CCRCC,/work/users/w/e/weiyang/hest_replication/embeddings_ext/kidney_visium_cell/hoptimus0/INT9.h5,/work/users/w/e/weiyang/hest_replication/embeddings/CCRCC/hoptimus0/INT9.h5,1691,1696,1536,1536,1691,1696,1691,False,False,7.628255e-01,1.999993e+00,7.796904e-02,0.0000,1.708136e-01,8.519875e-02,False,1691,1696,224x224x3,224x224x3,uint8,uint8,"{""datasets"": {""barcode"": {""attrs"": {}, ""dtype"": ""object"", ""shape"": [1691, 1]}, ""coords"": {""attrs"": {}, ""dtype"": ""int64"", ""shape"": [1691, 2]}, ""img"": {""attrs"": {""downsample"": ""1.0927790487480606"", ""patch_size_src"": ""245"", ""patch_size_target"": ""224"", ""pixel_size"": ""0.457549035711129""}, ""dtype"": ""uint8"", ""shape"": [1691, 224, 224, 3]}}, ""file"": {}}","{""datasets"": {""barcode"": {""attrs"": {}, ""dtype"": ""object"", ""shape"": [1696, 1]}, ""coords"": {""attrs"": {}, ""dtype"": ""int64"", ""shape"": [1696, 2]}, ""img"": {""attrs"": {""factor"": ""1.0927790487480606"", ""patch_size"": ""245""}, ""dtype"": ""uint8"", ""shape"": [1696, 224, 224, 3]}}, ""file"": {}}",32,93,0.832773,9670,
