task,label_set,encoder,design,score,fold,coverage,width_mean,interval_score,miss_above,miss_below,calibration_unit,superseded_label_set
CCRCC,shipped,uni_v1,donor,abs,INT1,0.7330811808118082,2.0228639679343634,3.685959429978675,0.021463714637146372,0.2454551045510455,donor,False
CCRCC,shipped,uni_v1,donor,abs,INT10,0.8013313161875946,2.1604800879488875,3.9147716773677033,0.19284585644646157,0.005822827365943857,donor,False
CCRCC,shipped,uni_v1,donor,abs,INT11,0.8216446606439657,2.048982231962545,3.0541047461449953,0.06966875144776465,0.10868658790826963,donor,False
CCRCC,shipped,uni_v1,donor,abs,INT12,0.852965770732828,2.176407370940726,2.991141452658649,0.01916838961635654,0.12786583965081552,donor,False
CCRCC,shipped,uni_v1,donor,abs,INT13,0.9074130152175576,2.1977789431565036,2.7870874108201646,0.08821748107364075,0.004369503708801713,donor,False
CCRCC,shipped,uni_v1,donor,abs,INT14,0.9596098202542743,2.1544819237961943,2.3111139736007735,0.033200350723366946,0.007189829022358614,donor,False
CCRCC,shipped,uni_v1,donor,abs,INT15,0.9186612685560055,2.0710155412200435,2.413431245959812,0.034213225371120114,0.047125506072874496,donor,False
CCRCC,shipped,uni_v1,donor,abs,INT16,0.9261863173216884,2.004838782815308,2.656428312571154,0.066126013724267,0.0076876689540445005,donor,False
CCRCC,shipped,uni_v1,donor,abs,INT17,0.944792189679219,2.057916275710856,2.3547703969929987,0.044334728033472805,0.01087308228730823,donor,False
CCRCC,shipped,uni_v1,donor,abs,INT18,0.8765846049508307,2.2486830658010475,3.233960024404199,0.10130891827738216,0.022106476771787047,donor,False
CCRCC,shipped,uni_v1,donor,abs,INT19,0.9764254917811911,2.1043916054528524,2.191789839775472,0.01643761789275128,0.007136890326057667,donor,False
CCRCC,shipped,uni_v1,donor,abs,INT2,0.9354573643410853,2.164314577151966,2.48523417364594,0.037656330749354004,0.02688630490956072,donor,False
CCRCC,shipped,uni_v1,donor,abs,INT20,0.9555761316872428,2.0166840199024616,2.1697596727028325,0.012205761316872428,0.03221810699588477,donor,False
CCRCC,shipped,uni_v1,donor,abs,INT21,0.9312804020100502,2.2999227817979886,2.7296970593290784,0.0592817420435511,0.009437855946398661,donor,False
CCRCC,shipped,uni_v1,donor,abs,INT22,0.8553199268738574,1.9805565476082378,2.7498880252015145,0.0708853486550013,0.07379472447114128,donor,False
CCRCC,shipped,uni_v1,donor,abs,INT23,0.8634237644584647,2.279544048737399,3.4440194354505445,0.1278191377497371,0.008757097791798106,donor,False
CCRCC,shipped,uni_v1,donor,abs,INT24,0.914240946045824,2.117360731549899,2.9174570358959713,0.07982557280118256,0.005933481152993349,donor,False
CCRCC,shipped,uni_v1,donor,abs,INT3,0.9669390466699884,2.3997161430210525,2.536725878154129,0.025597076897525328,0.007463876432486298,donor,False
CCRCC,shipped,uni_v1,donor,abs,INT4,0.8816703731158883,2.0702027085307866,2.731034793914952,0.010521373857178157,0.10780825302693353,donor,False
CCRCC,shipped,uni_v1,donor,abs,INT5,0.26487914558740866,1.9696506456663645,17.50517926047133,0.7314896008993816,0.0036312535132096684,donor,False
CCRCC,shipped,uni_v1,donor,abs,INT6,0.8767977751291219,2.1732876006223285,2.8032511011133123,0.05053635280095351,0.07266587206992452,donor,False
CCRCC,shipped,uni_v1,donor,abs,INT7,0.8518786857624262,1.9799320961195948,3.0330747621917866,0.10853131142937378,0.039590002808199944,donor,False
CCRCC,shipped,uni_v1,donor,abs,INT8,0.7493860099196169,2.0278813235152087,4.215112507859341,0.23336069779374038,0.017253292286642723,donor,False
CCRCC,shipped,uni_v1,donor,abs,INT9,0.9267885220125787,2.2999122129769827,2.672646844137045,0.043085691823899375,0.030125786163522014,donor,False
CCRCC,shipped,uni_v1,donor,scaled,INT1,0.8078290282902829,2.3277175912187134,3.287187715554125,0.0157380073800738,0.17643296432964328,donor,False
CCRCC,shipped,uni_v1,donor,scaled,INT10,0.8036006051437217,2.0461126191774928,3.744717283360302,0.1942444108253488,0.002154984030929568,donor,False
CCRCC,shipped,uni_v1,donor,scaled,INT11,0.8629881862404448,2.1965670717340515,2.9926366839184886,0.07248552235348622,0.06452629140606903,donor,False
CCRCC,shipped,uni_v1,donor,scaled,INT12,0.9144314266023432,2.4795540869734034,2.970208732454425,0.012754422237537331,0.07281415116011947,donor,False
CCRCC,shipped,uni_v1,donor,scaled,INT13,0.8730932170987229,2.0402892134019126,2.9379539872925453,0.12198822359868472,0.004918559302592338,donor,False
CCRCC,shipped,uni_v1,donor,scaled,INT14,0.9286730965950607,1.9233546220175164,2.246428957564272,0.061069706269180186,0.01025719713575917,donor,False
CCRCC,shipped,uni_v1,donor,scaled,INT15,0.9338556005398111,2.204569049099875,2.4740822213328,0.03718623481781377,0.028958164642375172,donor,False
CCRCC,shipped,uni_v1,donor,scaled,INT16,0.8664711998336453,1.6486225890341883,2.7209123515701283,0.12414847161572051,0.009380328550634228,donor,False
CCRCC,shipped,uni_v1,donor,scaled,INT17,0.8940883310088331,1.656709422422966,2.2833684232307827,0.08980567178056718,0.016105997210599722,donor,False
CCRCC,shipped,uni_v1,donor,scaled,INT18,0.8792892505934216,2.285735315316112,3.2967079220961497,0.10680908782638183,0.013901661580196676,donor,False
CCRCC,shipped,uni_v1,donor,scaled,INT19,0.941866073834546,1.6838857441702426,1.95712350960903,0.04963756399892213,0.008496362166531933,donor,False
CCRCC,shipped,uni_v1,donor,scaled,INT2,0.9336304909560723,2.1669546532914308,2.5210038077208803,0.048178294573643414,0.018191214470284236,donor,False
CCRCC,shipped,uni_v1,donor,scaled,INT20,0.9634636488340192,2.002419342222476,2.131988196201944,0.016334705075445818,0.02020164609053498,donor,False
CCRCC,shipped,uni_v1,donor,scaled,INT21,0.9213226130653266,2.178627093609839,2.6407800921539577,0.07031289782244556,0.008364489112227804,donor,False
CCRCC,shipped,uni_v1,donor,scaled,INT22,0.8728597545050927,2.039037404837443,2.75443679821216,0.07393053016453383,0.05320971533037346,donor,False
CCRCC,shipped,uni_v1,donor,scaled,INT23,0.8668867858394672,2.359823774849389,3.4793680848995128,0.12692884682790045,0.006184367332632317,donor,False
CCRCC,shipped,uni_v1,donor,scaled,INT24,0.8671411677753141,1.8020926055791158,2.940702674977231,0.12594826311899485,0.0069105691056910576,donor,False
CCRCC,shipped,uni_v1,donor,scaled,INT3,0.9626706527154957,2.4729057377259838,2.6706448340619935,0.03697392459724298,0.0003554226872612523,donor,False
CCRCC,shipped,uni_v1,donor,scaled,INT4,0.9376081047689646,2.2470958334495053,2.5557848355484243,0.015008648381517173,0.04738324684951817,donor,False
CCRCC,shipped,uni_v1,donor,scaled,INT5,0.334884766722878,2.4468153715178365,14.519663582845984,0.664097807757167,0.0010174255199550308,donor,False
CCRCC,shipped,uni_v1,donor,scaled,INT6,0.9070083432657926,2.275856128594841,2.7515232180771876,0.05374652363925308,0.03924513309495431,donor,False
CCRCC,shipped,uni_v1,donor,scaled,INT7,0.8849199663016006,2.116257356880432,2.965888529826543,0.100873350182533,0.014206683515866328,donor,False
CCRCC,shipped,uni_v1,donor,scaled,INT8,0.7986762442278091,2.252569067643178,3.8953882449018593,0.19251582007867282,0.008807935693518043,donor,False
CCRCC,shipped,uni_v1,donor,scaled,INT9,0.9545047169811322,2.539171631119093,2.7660359031187887,0.03592374213836478,0.009571540880503144,donor,False
CCRCC,shipped,uni_v1,patient,abs,0,0.9557714240309068,2.5517365250804707,2.8465216888928127,0.0361178331318343,0.008110742837259056,patient,False
CCRCC,shipped,uni_v1,patient,abs,1,0.8053972411871912,2.01724443014808,3.324159285109022,0.0819856561304163,0.11261710268239256,patient,False
CCRCC,shipped,uni_v1,patient,abs,2,0.8308410812021559,2.3310931138779925,3.6884264116951813,0.13708044094098829,0.03207847785685577,patient,False
CCRCC,shipped,uni_v1,patient,abs,3,0.7050250373499947,1.9181247411226587,6.504691567564763,0.2002682022156399,0.09470676043436543,patient,False
CCRCC,shipped,uni_v1,patient,abs,4,0.8816486601613439,2.2240387175828458,3.053117969786754,0.034453772108319604,0.08389756773033652,patient,False
CCRCC,shipped,uni_v1,patient,abs,5,0.9472545485519935,2.406894524350003,2.8024786861995543,0.04344618878891477,0.0092992626590916,patient,False
CCRCC,shipped,uni_v1,patient,scaled,0,0.9379543700593661,2.4445634934870433,2.8555616603802374,0.05567381041743202,0.006371819523201986,patient,False
CCRCC,shipped,uni_v1,patient,scaled,1,0.8801655537608758,2.3452615310922127,3.0729882388136684,0.06587322341712842,0.0539612228219958,patient,False
CCRCC,shipped,uni_v1,patient,scaled,2,0.8397282154734254,2.3530150924665647,3.664120369726906,0.142260638133107,0.01801114639346769,patient,False
CCRCC,shipped,uni_v1,patient,scaled,3,0.7792465568129562,2.265146833097426,5.669382751080053,0.18036402063861645,0.04038942254842736,patient,False
CCRCC,shipped,uni_v1,patient,scaled,4,0.9013098877684337,2.321287938911153,2.9767799497816534,0.03597635321014306,0.06271375902142332,patient,False
CCRCC,shipped,uni_v1,patient,scaled,5,0.8986062188003644,1.9708633831531124,2.7064964386863877,0.09377411609686968,0.007619665102765961,patient,False
CCRCC,shipped,uni_v1,random,abs,0,0.8831117104922293,1.6300493473708364,2.2092287948807074,0.07561844707008428,0.04126984243768657,spot,False
CCRCC,shipped,uni_v1,random,abs,1,0.8826093265091192,1.629722734744501,2.2148999398530207,0.07598540431770866,0.041405269173172235,spot,False
CCRCC,shipped,uni_v1,random,abs,2,0.881625700973111,1.6262694040522128,2.2166709213282765,0.0774956024316236,0.04087869659526527,spot,False
CCRCC,shipped,uni_v1,random,abs,3,0.8812691986034299,1.6292156917599978,2.231861271323269,0.07716537273361106,0.041565428662959016,spot,False
CCRCC,shipped,uni_v1,random,abs,4,0.8824002021018774,1.62979115497235,2.2180944516635552,0.07709848706114905,0.04050131083697358,spot,False
CCRCC,shipped,uni_v1,random,abs,5,0.8817661490396127,1.6291615389776783,2.2190578324680708,0.07726317808956837,0.040970672870819014,spot,False
CCRCC,shipped,uni_v1,random,scaled,0,0.9007283055744157,1.6094233024469982,2.08541960559477,0.07810260024942052,0.0211690941761639,spot,False
CCRCC,shipped,uni_v1,random,scaled,1,0.9004115660909864,1.6089412249692003,2.0853628657889542,0.07824139495065238,0.021347038958361163,spot,False
CCRCC,shipped,uni_v1,random,scaled,2,0.9001971829449399,1.6093685954313899,2.0888102080904405,0.07895221058366482,0.02085060647139529,spot,False
CCRCC,shipped,uni_v1,random,scaled,3,0.899623373310753,1.6112620128246888,2.097160637065004,0.07880203723691401,0.02157458945233287,spot,False
CCRCC,shipped,uni_v1,random,scaled,4,0.9011351042883347,1.6114374061943735,2.086397910845888,0.07841364011100646,0.020451255600658944,spot,False
CCRCC,shipped,uni_v1,random,scaled,5,0.9007429744674805,1.6131068557186103,2.0875332916848945,0.0785472552378956,0.020709770294623914,spot,False
COAD,shipped,uni_v1,donor,abs,COAD_Oliveira_P1,0.8937145488029467,3.558869995244977,4.638194038296594,0.027535911602209945,0.07874953959484346,donor,False
COAD,shipped,uni_v1,donor,abs,COAD_Oliveira_P2,0.8295238095238094,3.1742775065244957,6.1983091514909985,0.1464969354078265,0.023979255068363976,donor,False
COAD,shipped,uni_v1,donor,abs,COAD_Oliveira_P5,0.892447566091113,3.6399192142947285,5.066738935221154,0.08662569505414107,0.020926738854745882,donor,False
COAD,shipped,uni_v1,donor,abs,COAD_donor_TENX111,0.8266377895911269,3.1673449631547577,5.837487548242144,0.05813217825031173,0.11523003215856138,donor,False
COAD,shipped,uni_v1,donor,scaled,COAD_Oliveira_P1,0.9227071823204419,4.767621706521793,5.580653989642695,0.02383241252302026,0.05346040515653775,donor,False
COAD,shipped,uni_v1,donor,scaled,COAD_Oliveira_P2,0.8304912776991985,3.7919696579295525,6.608410556380676,0.14760961810466763,0.0218991041961339,donor,False
COAD,shipped,uni_v1,donor,scaled,COAD_Oliveira_P5,0.862756804214223,3.9642623590698265,5.570059933244569,0.10588235294117647,0.03136084284460053,donor,False
COAD,shipped,uni_v1,donor,scaled,COAD_donor_TENX111,0.8185863358928923,3.55250545130575,6.105822786406368,0.06257662269475618,0.11883704141235152,donor,False
COAD,shipped,uni_v1,patient,abs,0,0.6183655999162453,1.8848005906959198,11.734022263524738,0.3151636375207232,0.06647076256303154,block,False
COAD,shipped,uni_v1,patient,abs,1,0.8195576557065039,3.18760450383015,5.9519498887483495,0.059347640611668966,0.12109470368182713,slide,False
COAD,shipped,uni_v1,patient,scaled,0,0.5653236484947484,1.7337508789432408,12.735222713540113,0.3573294492816946,0.07734690222355713,block,False
COAD,shipped,uni_v1,patient,scaled,1,0.8018021920325523,3.657056520034155,6.412080279852026,0.0715245783290674,0.12667322963838026,slide,False
COAD,shipped,uni_v1,random,abs,0,0.8951717435625273,2.19471063506767,3.053785052995212,0.05671004733210844,0.048118209105364323,spot,False
COAD,shipped,uni_v1,random,abs,1,0.8970514345531921,2.206854895182204,3.048349002236836,0.05621498005129586,0.04673358539551211,spot,False
COAD,shipped,uni_v1,random,scaled,0,0.8996910393817913,2.3427944986754725,3.0159418144464323,0.06215558920997292,0.03815337140823573,spot,False
COAD,shipped,uni_v1,random,scaled,1,0.9000732773745732,2.342307942273226,3.0114120363080925,0.06231710020286159,0.037609622422565145,spot,False
HCC,shipped,uni_v1,donor,abs,CHC20,0.8075390692083119,1.7049026248111783,3.4085246692004056,0.11438777262579425,0.07807315816589387,block,False
HCC,shipped,uni_v1,donor,abs,CHC23,0.707470805617147,1.4439557608748779,4.31911173958729,0.1863710273466371,0.10615816703621582,block,False
HCC,shipped,uni_v1,donor,scaled,CHC20,0.7549579254679718,3.4868617408680422,6.034396902533415,0.16418684526876182,0.08085522926326635,block,False
HCC,shipped,uni_v1,donor,scaled,CHC23,0.7836895787139689,3.260921628993488,5.766216409235162,0.15900665188470064,0.05730376940133038,block,False
HCC,shipped,uni_v1,patient,abs,0,0.7369371766444938,1.4950592524360358,4.103715278616918,0.1858861788617886,0.07717664449371765,block,False
HCC,shipped,uni_v1,patient,abs,1,0.8025897303795294,1.7055808579444438,3.378951514812067,0.09553151296582518,0.10187875665464537,block,False
HCC,shipped,uni_v1,patient,scaled,0,0.7714589800443458,3.9191166313024497,6.454254649496206,0.17209756097560977,0.056443458980044346,block,False
HCC,shipped,uni_v1,patient,scaled,1,0.7765619096685558,2.7410580353420833,4.97007340227864,0.12989524300188907,0.0935428473295552,block,False
HCC,shipped,uni_v1,random,abs,0,0.9007630166896659,1.5954126137736289,2.154066583896667,0.07204255037115911,0.02719443293917494,spot,False
HCC,shipped,uni_v1,random,abs,1,0.9031371078075064,1.6052605361302095,2.1499638607035094,0.07120728750359778,0.025655604688895755,spot,False
HCC,shipped,uni_v1,random,scaled,0,0.8962154086059156,2.128552199602285,2.78497095276914,0.08579001495298846,0.017994576441095877,spot,False
HCC,shipped,uni_v1,random,scaled,1,0.8987578747006678,2.133013729372111,2.773820927989088,0.08427149141735484,0.01697063388197733,spot,False
IDC,audited,uni_v1,donor,abs,IDC_JanesickSample1,0.9121840699154888,5.485584119209807,7.553353186879228,0.05333809526883525,0.03447783481567591,donor,True
IDC,audited,uni_v1,donor,abs,NCBI783,0.8439534109816972,4.46164851825092,6.36629981026847,0.052658901830282864,0.10338768718801998,donor,True
IDC,audited,uni_v1,donor,abs,NCBI785,0.7128029925187032,3.8466582877720508,8.413829777378862,0.2550573566084788,0.032139650872817956,donor,True
IDC,audited,uni_v1,donor,scaled,IDC_JanesickSample1,0.8697145769079316,43.969531422208036,46.49754650340442,0.07964369366729947,0.05064172942476899,donor,True
IDC,audited,uni_v1,donor,scaled,NCBI783,0.8237271214642263,5.145877078587929,7.714851261096335,0.06975707154742096,0.10651580698835275,donor,True
IDC,audited,uni_v1,donor,scaled,NCBI785,0.7331172069825436,5.103682531391968,9.895627368290025,0.23423940149625935,0.03264339152119701,donor,True
IDC,audited,uni_v1,patient,abs,0,0.8374021803702455,3.8388042201237114,6.3982975818671735,0.03768925710065347,0.12490856252910104,patient,True
IDC,audited,uni_v1,patient,abs,1,0.8550455326460481,4.3149760813308875,7.103336766946517,0.11946563573883162,0.025488831615120274,patient,True
IDC,audited,uni_v1,patient,abs,2,0.6854164588528677,3.9376805292440884,9.364292176453167,0.2911388196176226,0.02344472152950956,patient,True
IDC,audited,uni_v1,patient,abs,3,0.8774930671103717,4.174218237550607,5.9553885472489485,0.06296394897393233,0.05954298391569607,patient,True
IDC,audited,uni_v1,patient,scaled,0,0.8544071415956201,8.932197791080307,11.477142030270057,0.04554501228264535,0.10004784612173466,patient,True
IDC,audited,uni_v1,patient,scaled,1,0.8598505154639176,23.850406883635724,26.63638531076084,0.12052405498281786,0.019625429553264604,patient,True
IDC,audited,uni_v1,patient,scaled,2,0.7454862842892768,9.055790171266159,13.778837479302654,0.23260182876142976,0.02191188694929343,patient,True
IDC,audited,uni_v1,patient,scaled,3,0.8686810870770939,9.567353152733833,11.499247914779415,0.07394120909595119,0.05737770382695508,patient,True
IDC,audited,uni_v1,random,abs,0,0.8799019224565916,2.243095736144818,3.1970848550423296,0.06353562335884931,0.056562454184559185,spot,True
IDC,audited,uni_v1,random,abs,1,0.8786609116507087,2.2353389450152177,3.205802586183359,0.06357291579583264,0.05776617255345863,spot,True
IDC,audited,uni_v1,random,abs,2,0.87773067330354,2.2369784939967863,3.1989747419557566,0.06393079965132616,0.05833852704513376,spot,True
IDC,audited,uni_v1,random,abs,3,0.8780130122442941,2.2415839905311934,3.2209353207128983,0.06370657864045695,0.058280409115248843,spot,True
IDC,audited,uni_v1,random,scaled,0,0.8973795938932468,2.464486774567122,3.1716328307793282,0.05910938468536675,0.04351102142138644,spot,True
IDC,audited,uni_v1,random,scaled,1,0.8954625348602893,2.4478273010685383,3.1701402292262446,0.05991833014570426,0.044619134994006514,spot,True
IDC,audited,uni_v1,random,scaled,2,0.8954489849696554,2.451357009149775,3.1706899250391403,0.06001612305609309,0.04453489197425153,spot,True
IDC,audited,uni_v1,random,scaled,3,0.8952605309730819,2.4549548431109214,3.181753165673552,0.060409949496547065,0.044329519530371064,spot,True
IDC,shipped,uni_v1,donor,abs,IDC_shipped_patient_1,0.8585919111153926,4.114466025516808,6.405894384217923,0.03483679334649905,0.10657129553810833,donor,False
IDC,shipped,uni_v1,donor,abs,IDC_shipped_patient_2,0.8778316151202749,4.684427842260086,7.467724304733335,0.10668384879725086,0.015484536082474227,donor,False
IDC,shipped,uni_v1,donor,abs,NCBI783,0.8817881308929563,4.187767054680706,5.938873143377602,0.07148752079866888,0.046724348308374936,donor,False
IDC,shipped,uni_v1,donor,abs,NCBI785,0.6661030756442229,3.722774875744722,9.373369608387195,0.30734164588528673,0.02655527847049044,donor,False
IDC,shipped,uni_v1,donor,scaled,IDC_shipped_patient_1,0.8709635052903683,9.831393891871572,12.135400323493867,0.03610134386590241,0.09293515084372943,donor,False
IDC,shipped,uni_v1,donor,scaled,IDC_shipped_patient_2,0.8718608247422681,37.631444061476685,40.49823371410644,0.11086082474226804,0.017278350515463916,donor,False
IDC,shipped,uni_v1,donor,scaled,NCBI783,0.8728851913477538,4.680846418037569,6.506562729317808,0.08320798668885192,0.04390682196339435,donor,False
IDC,shipped,uni_v1,donor,scaled,NCBI785,0.6974480465502909,4.5242145885825655,9.514426693219738,0.2820049875311721,0.02054696591853699,donor,False
IDC,shipped,uni_v1,patient,abs,0,0.8409784371337284,3.8189692207815535,6.379391360769831,0.04016055745548545,0.11886100541078626,patient,False
IDC,shipped,uni_v1,patient,abs,1,0.8439931271477663,4.23305813806368,7.3201528926789665,0.13193556701030928,0.024071305841924403,patient,False
IDC,shipped,uni_v1,patient,abs,2,0.6936990856192852,3.845376126945211,8.940247700207921,0.2817489609310058,0.02455195344970906,patient,False
IDC,shipped,uni_v1,patient,abs,3,0.8726655574043262,4.11536916852238,5.9100279267370235,0.057752634498058786,0.06958180809761509,patient,False
IDC,shipped,uni_v1,patient,scaled,0,0.8624918517091342,4.3540542770837325,6.701497854674495,0.04603952924554052,0.09146861904532537,patient,False
IDC,shipped,uni_v1,patient,scaled,1,0.8438814432989691,30.25842817038765,33.446426580728605,0.13467525773195876,0.021443298969072166,patient,False
IDC,shipped,uni_v1,patient,scaled,2,0.7259218620116376,4.528950875541767,8.984902444874427,0.25338320864505404,0.020694929343308396,patient,False
IDC,shipped,uni_v1,patient,scaled,3,0.8574442595673877,10.555226376740377,12.609060995176707,0.07163616195230171,0.0709195784803106,patient,False
IDC,shipped,uni_v1,random,abs,0,0.8809128522887963,2.193385330685384,3.128986531259672,0.06222727321155617,0.05685987449964743,spot,False
IDC,shipped,uni_v1,random,abs,1,0.8791890243120901,2.1850590031806445,3.128904262402499,0.06341987567738681,0.057391100010523034,spot,False
IDC,shipped,uni_v1,random,abs,2,0.8793568732338851,2.1863943402668893,3.125692742190013,0.06278040974858479,0.057862717017530006,spot,False
IDC,shipped,uni_v1,random,abs,3,0.8790560207884832,2.1883172960652106,3.1384429209968245,0.06397429795557386,0.056969681255943,spot,False
IDC,shipped,uni_v1,random,scaled,0,0.8975673089045577,2.2834514489030657,2.950827208382623,0.059393131043161476,0.04303956005228084,spot,False
IDC,shipped,uni_v1,random,scaled,1,0.8977594777544707,2.2860703896189505,2.949979176273863,0.059638119611323946,0.042602402634205325,spot,False
IDC,shipped,uni_v1,random,scaled,2,0.897380501599585,2.28213982175089,2.9514312042133217,0.059562300507394986,0.04305719789302005,spot,False
IDC,shipped,uni_v1,random,scaled,3,0.8976232696525835,2.2924096153700377,2.9546441463222712,0.060153131526643824,0.042223598820772715,spot,False
LUNG,shipped,uni_v1,donor,abs,LUNG_hest_patient_1,0.6085448600040874,2.0570213330446014,8.826751700552414,0.2880768444716943,0.10337829552421827,block,False
LUNG,shipped,uni_v1,donor,abs,LUNG_hest_patient_2,0.6321982167352538,2.0881813872240373,7.3949384814662364,0.1494753086419753,0.2183264746227709,block,False
LUNG,shipped,uni_v1,donor,scaled,LUNG_hest_patient_1,0.6243756386674841,2.509092064080455,9.4884970961154,0.26602902105048026,0.10959534028203556,block,False
LUNG,shipped,uni_v1,donor,scaled,LUNG_hest_patient_2,0.6520679012345679,2.583649094760927,8.171873574237221,0.14184842249657065,0.20608367626886145,block,False
LUNG,shipped,uni_v1,patient,abs,0,0.6216043327202125,2.1351451934409784,8.68811766354162,0.2861516452074392,0.09224402207234826,block,False
LUNG,shipped,uni_v1,patient,abs,1,0.64119341563786,2.1167809787018967,7.19900248779129,0.1401954732510288,0.2186111111111111,block,False
LUNG,shipped,uni_v1,patient,scaled,0,0.6309176374412426,2.6202616319459078,9.479036752957649,0.26846515430206414,0.10061720825669324,block,False
LUNG,shipped,uni_v1,patient,scaled,1,0.6823182441700961,2.823389749232085,7.647260592036786,0.1249451303155007,0.1927366255144033,block,False
LUNG,shipped,uni_v1,random,abs,0,0.9008487857197703,2.0957106938315375,2.7278396870606785,0.04843172772921636,0.05071948655101337,spot,False
LUNG,shipped,uni_v1,random,abs,1,0.8985207015066342,2.078503924172435,2.7153339544055113,0.04864241825686373,0.05283688023650206,spot,False
LUNG,shipped,uni_v1,random,scaled,0,0.9005755584870876,2.595799730068548,3.257486912019106,0.04885698280252482,0.05056745871038761,spot,False
LUNG,shipped,uni_v1,random,scaled,1,0.9028619095951169,2.6311323363757757,3.2705949163073798,0.047033008886694885,0.05010508151818808,spot,False
LYMPH_IDC,shipped,uni_v1,donor,abs,Patient_3,0.9218856837606838,2.5626073626939654,3.4491205064732866,0.06588675213675214,0.012227564102564101,donor,False
LYMPH_IDC,shipped,uni_v1,donor,abs,Patient_6,0.8504767628205129,2.6412409542396653,4.355243228278035,0.07968750000000001,0.06983573717948717,donor,False
LYMPH_IDC,shipped,uni_v1,donor,abs,Patient_7,0.6179136594493451,1.7651061121269525,7.223174556988108,0.3556615878107458,0.026424752739909112,donor,False
LYMPH_IDC,shipped,uni_v1,donor,abs,Patient_8,0.889236111111111,2.709076176559885,3.9928517684749316,0.07939102564102564,0.03137286324786325,donor,False
LYMPH_IDC,shipped,uni_v1,donor,scaled,Patient_3,0.8742935363247862,2.3410589672998277,3.427403631014475,0.11337206196581197,0.012334401709401708,donor,False
LYMPH_IDC,shipped,uni_v1,donor,scaled,Patient_6,0.8462593482905983,2.897663931528328,4.509860353177062,0.08341613247863248,0.07032451923076924,donor,False
LYMPH_IDC,shipped,uni_v1,donor,scaled,Patient_7,0.6581569099171345,2.4105050569182893,7.147941691605085,0.32412456562416464,0.017718524458700882,donor,False
LYMPH_IDC,shipped,uni_v1,donor,scaled,Patient_8,0.8826522435897436,3.9669957652457506,5.194779844859006,0.08804353632478633,0.029304220085470085,donor,False
LYMPH_IDC,shipped,uni_v1,patient,abs,0,0.9126802884615385,2.3767947623320147,3.3265593232942443,0.07284054487179487,0.014479166666666668,patient,False
LYMPH_IDC,shipped,uni_v1,patient,abs,1,0.785269764957265,2.3917868965791977,4.409809434159405,0.08134348290598291,0.13338675213675213,patient,False
LYMPH_IDC,shipped,uni_v1,patient,abs,2,0.6280954290296713,1.805750245936123,7.206015302264973,0.3530152365677626,0.018889334402566158,patient,False
LYMPH_IDC,shipped,uni_v1,patient,abs,3,0.8860096153846153,2.550663045625895,3.898904153380537,0.08370993589743587,0.03028044871794872,patient,False
LYMPH_IDC,shipped,uni_v1,patient,scaled,0,0.8631116452991453,2.2343835508923333,3.4349897612571554,0.1226655982905983,0.01422275641025641,patient,False
LYMPH_IDC,shipped,uni_v1,patient,scaled,1,0.7910964209401709,2.712258001898251,4.6692266163857825,0.08214610042735043,0.12675747863247863,patient,False
LYMPH_IDC,shipped,uni_v1,patient,scaled,2,0.6527145148356055,2.3552955103941486,7.333928578633759,0.33225207163859927,0.015033413525795241,patient,False
LYMPH_IDC,shipped,uni_v1,patient,scaled,3,0.8714383012820512,2.738996416578189,4.133067874170937,0.10014423076923078,0.028417467948717953,patient,False
LYMPH_IDC,shipped,uni_v1,random,abs,0,0.9003356293173648,1.5095663480960815,2.003064324140135,0.06872177729283765,0.030942593389797685,spot,False
LYMPH_IDC,shipped,uni_v1,random,abs,1,0.900585146355293,1.5068515717571704,2.007268038397725,0.06878192204068523,0.030632931604021883,spot,False
LYMPH_IDC,shipped,uni_v1,random,abs,2,0.8998748963936667,1.5052961249199328,2.0076423183090224,0.06985163190794448,0.030273471698388933,spot,False
LYMPH_IDC,shipped,uni_v1,random,abs,3,0.8998313265185072,1.5050133191888482,2.0068414115289603,0.0694110418511027,0.030757631630390237,spot,False
LYMPH_IDC,shipped,uni_v1,random,scaled,0,0.9006658913822075,1.4290194977752164,1.881610713640708,0.08295403497498208,0.016380073642810283,spot,False
LYMPH_IDC,shipped,uni_v1,random,scaled,1,0.8997493741073941,1.4326187043172418,1.8888141571431063,0.08378127578492117,0.016469350107684765,spot,False
LYMPH_IDC,shipped,uni_v1,random,scaled,2,0.8995457280468516,1.428319960017074,1.8862365244777468,0.08417554631708185,0.016278725636066457,spot,False
LYMPH_IDC,shipped,uni_v1,random,scaled,3,0.9005688485301098,1.4344712771245482,1.8858631351601076,0.08314889567859182,0.0162822557912984,spot,False
PAAD,shipped,uni_v1,donor,abs,TENX116,0.8750845771144279,2.9670031138860002,4.024028223872896,0.07496517412935323,0.0499502487562189,donor,False
PAAD,shipped,uni_v1,donor,abs,TENX126,0.9120041004613019,3.483086852014202,4.171771061273659,0.05209636084059457,0.035899538698103535,donor,False
PAAD,shipped,uni_v1,donor,abs,TENX140,0.8902825484764543,2.9529682007222924,4.0942911909189625,0.0709584487534626,0.0387590027700831,donor,False
PAAD,shipped,uni_v1,donor,scaled,TENX116,0.8649850746268656,5.099217884956079,6.608963570358602,0.09437810945273632,0.04063681592039801,donor,False
PAAD,shipped,uni_v1,donor,scaled,TENX126,0.8914915427985649,63.26315553276638,64.44345163849543,0.06110712455151204,0.04740133264992312,donor,False
PAAD,shipped,uni_v1,donor,scaled,TENX140,0.8689806094182825,44.338425717677744,45.827458903677716,0.06710803324099723,0.06391135734072022,donor,False
PAAD,shipped,uni_v1,patient,abs,0,0.8138308457711443,3.1827379031820042,4.9037665214428445,0.14666666666666667,0.039502487562189055,patient,False
PAAD,shipped,uni_v1,patient,abs,1,0.8902825484764543,2.9529682007222924,4.0942911909189625,0.0709584487534626,0.0387590027700831,patient,False
PAAD,shipped,uni_v1,patient,abs,2,0.921783700666325,3.5481680272920837,4.161944319345835,0.05081496668375192,0.02740133264992312,patient,False
PAAD,shipped,uni_v1,patient,scaled,0,0.7982189054726367,5.077479669805353,8.199781791047451,0.14976119402985075,0.052019900497512435,patient,False
PAAD,shipped,uni_v1,patient,scaled,1,0.8689806094182825,44.338425717677744,45.827458903677716,0.06710803324099723,0.06391135734072022,patient,False
PAAD,shipped,uni_v1,patient,scaled,2,0.8898513582778063,15.373912607136496,16.397750395377862,0.06687852383393132,0.04327011788826243,patient,False
PAAD,shipped,uni_v1,random,abs,0,0.8917473380877412,2.040284524441991,2.846038881811094,0.057548965968264254,0.05070369594399454,spot,False
PAAD,shipped,uni_v1,random,abs,1,0.893740994578714,2.0618120468658896,2.8698193683444364,0.05661968093307276,0.0496393244882133,spot,False
PAAD,shipped,uni_v1,random,abs,2,0.8916675299037882,2.044690240057237,2.8711826664627913,0.057602123907580016,0.050730346188631856,spot,False
PAAD,shipped,uni_v1,random,scaled,0,0.9018304538161287,2.3676430608358077,3.0439627276557286,0.054165554194255325,0.04400399198961592,spot,False
PAAD,shipped,uni_v1,random,scaled,1,0.9005713272699275,2.366796885414071,3.057469185501848,0.05507583963678029,0.04435283309329234,spot,False
PAAD,shipped,uni_v1,random,scaled,2,0.9018111914261079,2.3675316834988,3.054985053754252,0.05415057912098141,0.04403822945291076,spot,False
PRAD,shipped,uni_v1,donor,abs,PRAD_patient1,0.82240679345662,1.9331877207463524,3.574904158287199,0.10225996792211427,0.07533323862126572,slide,False
PRAD,shipped,uni_v1,donor,abs,PRAD_patient2,0.9138739204242342,2.6927509105513643,3.363912618369822,0.08116943153097579,0.004956648044790045,slide,False
PRAD,shipped,uni_v1,donor,scaled,PRAD_patient1,0.8431223620605094,1.8947262276517882,3.302387007333936,0.10348763932005835,0.05338999861943214,slide,False
PRAD,shipped,uni_v1,donor,scaled,PRAD_patient2,0.8283548704048099,2.218794889453027,3.8107240828232434,0.16983351095786373,0.0018116186373264296,slide,False
PRAD,shipped,uni_v1,patient,abs,0,0.7968983874896588,1.8671147461726525,3.6772558950478245,0.10134475890241328,0.10175685360792792,slide,False
PRAD,shipped,uni_v1,patient,abs,1,0.9453876798117617,2.6661755744995617,3.0386125946704965,0.05142065631038794,0.003191663877850276,slide,False
PRAD,shipped,uni_v1,patient,scaled,0,0.8441394479682464,1.942832016493717,3.3927068472812607,0.09437478826573503,0.061485763766018546,slide,False
PRAD,shipped,uni_v1,patient,scaled,1,0.908726529961745,2.8866921984476357,3.653646144208127,0.09059335227008869,0.0006801177681663335,slide,False
PRAD,shipped,uni_v1,random,abs,0,0.9035879670202946,1.8443335173134028,2.420631421599112,0.06445274664053444,0.03195928633917082,spot,False
PRAD,shipped,uni_v1,random,abs,1,0.903042931726778,1.8456564439335938,2.4265873230703727,0.06508165029882831,0.031875417974393784,spot,False
PRAD,shipped,uni_v1,random,scaled,0,0.8968021594820847,1.6650505218037863,2.2154732152890526,0.08991985300979469,0.013277987508120717,spot,False
PRAD,shipped,uni_v1,random,scaled,1,0.8968880514410003,1.6683914327815237,2.218978397798947,0.09001467535448371,0.013097273204516072,spot,False
READ,shipped,uni_v1,donor,abs,READ_specimen1,0.9112455285388421,2.009115788677465,2.658973780743685,0.05034691020725502,0.038407561253902864,slide,False
READ,shipped,uni_v1,donor,abs,READ_specimen7,0.7482812367998648,1.3130629158768377,3.4873075332603407,0.18317046126552333,0.06854830193461181,slide,False
READ,shipped,uni_v1,donor,scaled,READ_specimen1,0.8907061782532111,14.974730190778669,15.83307952115502,0.08885024518690447,0.020443576559884512,slide,False
READ,shipped,uni_v1,donor,scaled,READ_specimen7,0.8002371800287235,4.185910649845715,6.023674476278642,0.14720299695868885,0.05255982301258765,slide,False
READ,shipped,uni_v1,patient,abs,0,0.9112455285388421,2.009115788677465,2.658973780743685,0.05034691020725502,0.038407561253902864,slide,False
READ,shipped,uni_v1,patient,abs,1,0.750160144039875,1.3154160257394367,3.5063430158248043,0.1855711962490496,0.06426865971107544,slide,False
READ,shipped,uni_v1,patient,scaled,0,0.8907061782532111,14.974730190778669,15.83307952115502,0.08885024518690447,0.020443576559884512,slide,False
READ,shipped,uni_v1,patient,scaled,1,0.7950947241699755,4.487001105612697,6.380609299717532,0.15157773295598545,0.05332754287403903,slide,False
READ,shipped,uni_v1,random,abs,0,0.8966557072276569,1.433629487195558,2.006788876049017,0.07799376996277382,0.02535052280956932,spot,False
READ,shipped,uni_v1,random,abs,1,0.8981412870062224,1.4407080433169632,2.0005847947293143,0.07653510462986132,0.02532360836391624,spot,False
READ,shipped,uni_v1,random,scaled,0,0.9015513753798545,1.6615631215651128,2.212695255225751,0.09186729950670462,0.006581325113440728,spot,False
READ,shipped,uni_v1,random,scaled,1,0.9024366672741753,1.6606365349300911,2.204767278672576,0.09071939787799474,0.006843934847830087,spot,False
SKCM,shipped,uni_v1,donor,abs,SKCM_hest_patient_1,0.6617684970353185,2.3872750261901863,7.2370183389534,0.09441093065222995,0.24382057231245166,block,False
SKCM,shipped,uni_v1,donor,abs,SKCM_hest_patient_2,0.6918475971663796,2.3767862043953296,7.566960955189824,0.211751866743251,0.09640053609036951,block,False
SKCM,shipped,uni_v1,donor,scaled,SKCM_hest_patient_1,0.6797164217581851,3.731776331247854,9.173908134382094,0.09266821345707656,0.22761536478473834,block,False
SKCM,shipped,uni_v1,donor,scaled,SKCM_hest_patient_2,0.7818112196055907,5.19777914210257,9.31547146784323,0.14763928776565194,0.07054949262875741,block,False
SKCM,shipped,uni_v1,patient,abs,0,0.6620417633410672,2.428073646717723,7.522080500258492,0.09968548594998711,0.2382727507089456,block,False
SKCM,shipped,uni_v1,patient,abs,1,0.7201799731954814,2.5183735822462627,7.339564359282565,0.2050813708596592,0.07473865594485928,block,False
SKCM,shipped,uni_v1,patient,scaled,0,0.6591698891466873,3.8292080181832318,9.805886244262238,0.10257798401649909,0.23825212683681363,block,False
SKCM,shipped,uni_v1,patient,scaled,1,0.7453800497798201,7.337218569789472,12.087372416497457,0.17661880145510245,0.07800114876507754,block,False
SKCM,shipped,uni_v1,random,abs,0,0.9019159256130622,2.296836452472841,3.093131096821172,0.05035677974474499,0.04772729464219278,spot,False
SKCM,shipped,uni_v1,random,abs,1,0.9010402618371695,2.296255748421895,3.0900703885581655,0.0513363407149278,0.04762339744790276,spot,False
SKCM,shipped,uni_v1,random,scaled,0,0.8988926230338636,3.360147685346791,4.191538784564566,0.05279369255524978,0.04831368441088652,spot,False
SKCM,shipped,uni_v1,random,scaled,1,0.9018342610481067,3.396754516302225,4.215586774198557,0.05224270661511564,0.04592303233677769,spot,False
