encoder,task,label_set,design,fold,repeat,cal_draw,calibration_unit,n_units_in_pool,n_cal_units,n_cal_spots,n_cal_slides,n_pool_spots,n_train_natural,n_train_matched,n_match_target,n_train_buffer_dropped,n_blocks_total,n_test,n_test_slides,test_slides,cal_slides,cal_shares_donor_with_test,cal_shares_session_with_test,cal_shares_resolution_group_with_test,cal_shares_exact_session_with_test,cal_status,size_match,superseded_label_set
uni_v1,CCRCC,shipped,random,0,0,0,spot,55849,11170,11170,24,55849,44679,35996,35996,0,,18371,24,INT1;INT10;INT11;INT12;INT13;INT14;INT15;INT16;INT17;INT18;INT19;INT2;INT20;INT21;INT22;INT23;INT24;INT3;INT4;INT5;INT6;INT7;INT8;INT9,INT1;INT10;INT11;INT12;INT13;INT14;INT15;INT16;INT17;INT18;INT19;INT2;INT20;INT21;INT22;INT23;INT24;INT3;INT4;INT5;INT6;INT7;INT8;INT9,True,True,True,,ok,task,False
uni_v1,CCRCC,shipped,random,0,1,0,spot,55849,11170,11170,24,55849,44679,35996,35996,0,,18371,24,INT1;INT10;INT11;INT12;INT13;INT14;INT15;INT16;INT17;INT18;INT19;INT2;INT20;INT21;INT22;INT23;INT24;INT3;INT4;INT5;INT6;INT7;INT8;INT9,INT1;INT10;INT11;INT12;INT13;INT14;INT15;INT16;INT17;INT18;INT19;INT2;INT20;INT21;INT22;INT23;INT24;INT3;INT4;INT5;INT6;INT7;INT8;INT9,True,True,True,,ok,task,False
uni_v1,CCRCC,shipped,random,0,2,0,spot,55849,11170,11170,24,55849,44679,35996,35996,0,,18371,24,INT1;INT10;INT11;INT12;INT13;INT14;INT15;INT16;INT17;INT18;INT19;INT2;INT20;INT21;INT22;INT23;INT24;INT3;INT4;INT5;INT6;INT7;INT8;INT9,INT1;INT10;INT11;INT12;INT13;INT14;INT15;INT16;INT17;INT18;INT19;INT2;INT20;INT21;INT22;INT23;INT24;INT3;INT4;INT5;INT6;INT7;INT8;INT9,True,True,True,,ok,task,False
uni_v1,CCRCC,shipped,random,0,3,0,spot,55849,11170,11170,24,55849,44679,35996,35996,0,,18371,24,INT1;INT10;INT11;INT12;INT13;INT14;INT15;INT16;INT17;INT18;INT19;INT2;INT20;INT21;INT22;INT23;INT24;INT3;INT4;INT5;INT6;INT7;INT8;INT9,INT1;INT10;INT11;INT12;INT13;INT14;INT15;INT16;INT17;INT18;INT19;INT2;INT20;INT21;INT22;INT23;INT24;INT3;INT4;INT5;INT6;INT7;INT8;INT9,True,True,True,,ok,task,False
uni_v1,CCRCC,shipped,random,0,4,0,spot,55849,11170,11170,24,55849,44679,35996,35996,0,,18371,24,INT1;INT10;INT11;INT12;INT13;INT14;INT15;INT16;INT17;INT18;INT19;INT2;INT20;INT21;INT22;INT23;INT24;INT3;INT4;INT5;INT6;INT7;INT8;INT9,INT1;INT10;INT11;INT12;INT13;INT14;INT15;INT16;INT17;INT18;INT19;INT2;INT20;INT21;INT22;INT23;INT24;INT3;INT4;INT5;INT6;INT7;INT8;INT9,True,True,True,,ok,task,False
uni_v1,CCRCC,shipped,random,1,0,0,spot,67651,13531,13531,24,67651,54120,35996,35996,0,,6569,24,INT1;INT10;INT11;INT12;INT13;INT14;INT15;INT16;INT17;INT18;INT19;INT2;INT20;INT21;INT22;INT23;INT24;INT3;INT4;INT5;INT6;INT7;INT8;INT9,INT1;INT10;INT11;INT12;INT13;INT14;INT15;INT16;INT17;INT18;INT19;INT2;INT20;INT21;INT22;INT23;INT24;INT3;INT4;INT5;INT6;INT7;INT8;INT9,True,True,True,,ok,task,False
uni_v1,CCRCC,shipped,random,1,1,0,spot,67651,13531,13531,24,67651,54120,35996,35996,0,,6569,24,INT1;INT10;INT11;INT12;INT13;INT14;INT15;INT16;INT17;INT18;INT19;INT2;INT20;INT21;INT22;INT23;INT24;INT3;INT4;INT5;INT6;INT7;INT8;INT9,INT1;INT10;INT11;INT12;INT13;INT14;INT15;INT16;INT17;INT18;INT19;INT2;INT20;INT21;INT22;INT23;INT24;INT3;INT4;INT5;INT6;INT7;INT8;INT9,True,True,True,,ok,task,False
uni_v1,CCRCC,shipped,random,1,2,0,spot,67651,13531,13531,24,67651,54120,35996,35996,0,,6569,24,INT1;INT10;INT11;INT12;INT13;INT14;INT15;INT16;INT17;INT18;INT19;INT2;INT20;INT21;INT22;INT23;INT24;INT3;INT4;INT5;INT6;INT7;INT8;INT9,INT1;INT10;INT11;INT12;INT13;INT14;INT15;INT16;INT17;INT18;INT19;INT2;INT20;INT21;INT22;INT23;INT24;INT3;INT4;INT5;INT6;INT7;INT8;INT9,True,True,True,,ok,task,False
uni_v1,CCRCC,shipped,random,1,3,0,spot,67651,13531,13531,24,67651,54120,35996,35996,0,,6569,24,INT1;INT10;INT11;INT12;INT13;INT14;INT15;INT16;INT17;INT18;INT19;INT2;INT20;INT21;INT22;INT23;INT24;INT3;INT4;INT5;INT6;INT7;INT8;INT9,INT1;INT10;INT11;INT12;INT13;INT14;INT15;INT16;INT17;INT18;INT19;INT2;INT20;INT21;INT22;INT23;INT24;INT3;INT4;INT5;INT6;INT7;INT8;INT9,True,True,True,,ok,task,False
uni_v1,CCRCC,shipped,random,1,4,0,spot,67651,13531,13531,24,67651,54120,35996,35996,0,,6569,24,INT1;INT10;INT11;INT12;INT13;INT14;INT15;INT16;INT17;INT18;INT19;INT2;INT20;INT21;INT22;INT23;INT24;INT3;INT4;INT5;INT6;INT7;INT8;INT9,INT1;INT10;INT11;INT12;INT13;INT14;INT15;INT16;INT17;INT18;INT19;INT2;INT20;INT21;INT22;INT23;INT24;INT3;INT4;INT5;INT6;INT7;INT8;INT9,True,True,True,,ok,task,False
uni_v1,CCRCC,shipped,random,2,0,0,spot,63464,12693,12693,24,63464,50771,35996,35996,0,,10756,24,INT1;INT10;INT11;INT12;INT13;INT14;INT15;INT16;INT17;INT18;INT19;INT2;INT20;INT21;INT22;INT23;INT24;INT3;INT4;INT5;INT6;INT7;INT8;INT9,INT1;INT10;INT11;INT12;INT13;INT14;INT15;INT16;INT17;INT18;INT19;INT2;INT20;INT21;INT22;INT23;INT24;INT3;INT4;INT5;INT6;INT7;INT8;INT9,True,True,True,,ok,task,False
uni_v1,CCRCC,shipped,random,2,1,0,spot,63464,12693,12693,24,63464,50771,35996,35996,0,,10756,24,INT1;INT10;INT11;INT12;INT13;INT14;INT15;INT16;INT17;INT18;INT19;INT2;INT20;INT21;INT22;INT23;INT24;INT3;INT4;INT5;INT6;INT7;INT8;INT9,INT1;INT10;INT11;INT12;INT13;INT14;INT15;INT16;INT17;INT18;INT19;INT2;INT20;INT21;INT22;INT23;INT24;INT3;INT4;INT5;INT6;INT7;INT8;INT9,True,True,True,,ok,task,False
uni_v1,CCRCC,shipped,random,2,2,0,spot,63464,12693,12693,24,63464,50771,35996,35996,0,,10756,24,INT1;INT10;INT11;INT12;INT13;INT14;INT15;INT16;INT17;INT18;INT19;INT2;INT20;INT21;INT22;INT23;INT24;INT3;INT4;INT5;INT6;INT7;INT8;INT9,INT1;INT10;INT11;INT12;INT13;INT14;INT15;INT16;INT17;INT18;INT19;INT2;INT20;INT21;INT22;INT23;INT24;INT3;INT4;INT5;INT6;INT7;INT8;INT9,True,True,True,,ok,task,False
uni_v1,CCRCC,shipped,random,2,3,0,spot,63464,12693,12693,24,63464,50771,35996,35996,0,,10756,24,INT1;INT10;INT11;INT12;INT13;INT14;INT15;INT16;INT17;INT18;INT19;INT2;INT20;INT21;INT22;INT23;INT24;INT3;INT4;INT5;INT6;INT7;INT8;INT9,INT1;INT10;INT11;INT12;INT13;INT14;INT15;INT16;INT17;INT18;INT19;INT2;INT20;INT21;INT22;INT23;INT24;INT3;INT4;INT5;INT6;INT7;INT8;INT9,True,True,True,,ok,task,False
uni_v1,CCRCC,shipped,random,2,4,0,spot,63464,12693,12693,24,63464,50771,35996,35996,0,,10756,24,INT1;INT10;INT11;INT12;INT13;INT14;INT15;INT16;INT17;INT18;INT19;INT2;INT20;INT21;INT22;INT23;INT24;INT3;INT4;INT5;INT6;INT7;INT8;INT9,INT1;INT10;INT11;INT12;INT13;INT14;INT15;INT16;INT17;INT18;INT19;INT2;INT20;INT21;INT22;INT23;INT24;INT3;INT4;INT5;INT6;INT7;INT8;INT9,True,True,True,,ok,task,False
uni_v1,CCRCC,shipped,random,3,0,0,spot,67098,13420,13420,24,67098,53678,35996,35996,0,,7122,24,INT1;INT10;INT11;INT12;INT13;INT14;INT15;INT16;INT17;INT18;INT19;INT2;INT20;INT21;INT22;INT23;INT24;INT3;INT4;INT5;INT6;INT7;INT8;INT9,INT1;INT10;INT11;INT12;INT13;INT14;INT15;INT16;INT17;INT18;INT19;INT2;INT20;INT21;INT22;INT23;INT24;INT3;INT4;INT5;INT6;INT7;INT8;INT9,True,True,True,,ok,task,False
uni_v1,CCRCC,shipped,random,3,1,0,spot,67098,13420,13420,24,67098,53678,35996,35996,0,,7122,24,INT1;INT10;INT11;INT12;INT13;INT14;INT15;INT16;INT17;INT18;INT19;INT2;INT20;INT21;INT22;INT23;INT24;INT3;INT4;INT5;INT6;INT7;INT8;INT9,INT1;INT10;INT11;INT12;INT13;INT14;INT15;INT16;INT17;INT18;INT19;INT2;INT20;INT21;INT22;INT23;INT24;INT3;INT4;INT5;INT6;INT7;INT8;INT9,True,True,True,,ok,task,False
uni_v1,CCRCC,shipped,random,3,2,0,spot,67098,13420,13420,24,67098,53678,35996,35996,0,,7122,24,INT1;INT10;INT11;INT12;INT13;INT14;INT15;INT16;INT17;INT18;INT19;INT2;INT20;INT21;INT22;INT23;INT24;INT3;INT4;INT5;INT6;INT7;INT8;INT9,INT1;INT10;INT11;INT12;INT13;INT14;INT15;INT16;INT17;INT18;INT19;INT2;INT20;INT21;INT22;INT23;INT24;INT3;INT4;INT5;INT6;INT7;INT8;INT9,True,True,True,,ok,task,False
uni_v1,CCRCC,shipped,random,3,3,0,spot,67098,13420,13420,24,67098,53678,35996,35996,0,,7122,24,INT1;INT10;INT11;INT12;INT13;INT14;INT15;INT16;INT17;INT18;INT19;INT2;INT20;INT21;INT22;INT23;INT24;INT3;INT4;INT5;INT6;INT7;INT8;INT9,INT1;INT10;INT11;INT12;INT13;INT14;INT15;INT16;INT17;INT18;INT19;INT2;INT20;INT21;INT22;INT23;INT24;INT3;INT4;INT5;INT6;INT7;INT8;INT9,True,True,True,,ok,task,False
uni_v1,CCRCC,shipped,random,3,4,0,spot,67098,13420,13420,24,67098,53678,35996,35996,0,,7122,24,INT1;INT10;INT11;INT12;INT13;INT14;INT15;INT16;INT17;INT18;INT19;INT2;INT20;INT21;INT22;INT23;INT24;INT3;INT4;INT5;INT6;INT7;INT8;INT9,INT1;INT10;INT11;INT12;INT13;INT14;INT15;INT16;INT17;INT18;INT19;INT2;INT20;INT21;INT22;INT23;INT24;INT3;INT4;INT5;INT6;INT7;INT8;INT9,True,True,True,,ok,task,False
uni_v1,CCRCC,shipped,random,4,0,0,spot,59472,11895,11895,24,59472,47577,35996,35996,0,,14748,24,INT1;INT10;INT11;INT12;INT13;INT14;INT15;INT16;INT17;INT18;INT19;INT2;INT20;INT21;INT22;INT23;INT24;INT3;INT4;INT5;INT6;INT7;INT8;INT9,INT1;INT10;INT11;INT12;INT13;INT14;INT15;INT16;INT17;INT18;INT19;INT2;INT20;INT21;INT22;INT23;INT24;INT3;INT4;INT5;INT6;INT7;INT8;INT9,True,True,True,,ok,task,False
uni_v1,CCRCC,shipped,random,4,1,0,spot,59472,11895,11895,24,59472,47577,35996,35996,0,,14748,24,INT1;INT10;INT11;INT12;INT13;INT14;INT15;INT16;INT17;INT18;INT19;INT2;INT20;INT21;INT22;INT23;INT24;INT3;INT4;INT5;INT6;INT7;INT8;INT9,INT1;INT10;INT11;INT12;INT13;INT14;INT15;INT16;INT17;INT18;INT19;INT2;INT20;INT21;INT22;INT23;INT24;INT3;INT4;INT5;INT6;INT7;INT8;INT9,True,True,True,,ok,task,False
uni_v1,CCRCC,shipped,random,4,2,0,spot,59472,11895,11895,24,59472,47577,35996,35996,0,,14748,24,INT1;INT10;INT11;INT12;INT13;INT14;INT15;INT16;INT17;INT18;INT19;INT2;INT20;INT21;INT22;INT23;INT24;INT3;INT4;INT5;INT6;INT7;INT8;INT9,INT1;INT10;INT11;INT12;INT13;INT14;INT15;INT16;INT17;INT18;INT19;INT2;INT20;INT21;INT22;INT23;INT24;INT3;INT4;INT5;INT6;INT7;INT8;INT9,True,True,True,,ok,task,False
uni_v1,CCRCC,shipped,random,4,3,0,spot,59472,11895,11895,24,59472,47577,35996,35996,0,,14748,24,INT1;INT10;INT11;INT12;INT13;INT14;INT15;INT16;INT17;INT18;INT19;INT2;INT20;INT21;INT22;INT23;INT24;INT3;INT4;INT5;INT6;INT7;INT8;INT9,INT1;INT10;INT11;INT12;INT13;INT14;INT15;INT16;INT17;INT18;INT19;INT2;INT20;INT21;INT22;INT23;INT24;INT3;INT4;INT5;INT6;INT7;INT8;INT9,True,True,True,,ok,task,False
uni_v1,CCRCC,shipped,random,4,4,0,spot,59472,11895,11895,24,59472,47577,35996,35996,0,,14748,24,INT1;INT10;INT11;INT12;INT13;INT14;INT15;INT16;INT17;INT18;INT19;INT2;INT20;INT21;INT22;INT23;INT24;INT3;INT4;INT5;INT6;INT7;INT8;INT9,INT1;INT10;INT11;INT12;INT13;INT14;INT15;INT16;INT17;INT18;INT19;INT2;INT20;INT21;INT22;INT23;INT24;INT3;INT4;INT5;INT6;INT7;INT8;INT9,True,True,True,,ok,task,False
uni_v1,CCRCC,shipped,random,5,0,0,spot,57566,11514,11514,24,57566,46052,35996,35996,0,,16654,24,INT1;INT10;INT11;INT12;INT13;INT14;INT15;INT16;INT17;INT18;INT19;INT2;INT20;INT21;INT22;INT23;INT24;INT3;INT4;INT5;INT6;INT7;INT8;INT9,INT1;INT10;INT11;INT12;INT13;INT14;INT15;INT16;INT17;INT18;INT19;INT2;INT20;INT21;INT22;INT23;INT24;INT3;INT4;INT5;INT6;INT7;INT8;INT9,True,True,True,,ok,task,False
uni_v1,CCRCC,shipped,random,5,1,0,spot,57566,11514,11514,24,57566,46052,35996,35996,0,,16654,24,INT1;INT10;INT11;INT12;INT13;INT14;INT15;INT16;INT17;INT18;INT19;INT2;INT20;INT21;INT22;INT23;INT24;INT3;INT4;INT5;INT6;INT7;INT8;INT9,INT1;INT10;INT11;INT12;INT13;INT14;INT15;INT16;INT17;INT18;INT19;INT2;INT20;INT21;INT22;INT23;INT24;INT3;INT4;INT5;INT6;INT7;INT8;INT9,True,True,True,,ok,task,False
uni_v1,CCRCC,shipped,random,5,2,0,spot,57566,11514,11514,24,57566,46052,35996,35996,0,,16654,24,INT1;INT10;INT11;INT12;INT13;INT14;INT15;INT16;INT17;INT18;INT19;INT2;INT20;INT21;INT22;INT23;INT24;INT3;INT4;INT5;INT6;INT7;INT8;INT9,INT1;INT10;INT11;INT12;INT13;INT14;INT15;INT16;INT17;INT18;INT19;INT2;INT20;INT21;INT22;INT23;INT24;INT3;INT4;INT5;INT6;INT7;INT8;INT9,True,True,True,,ok,task,False
uni_v1,CCRCC,shipped,random,5,3,0,spot,57566,11514,11514,24,57566,46052,35996,35996,0,,16654,24,INT1;INT10;INT11;INT12;INT13;INT14;INT15;INT16;INT17;INT18;INT19;INT2;INT20;INT21;INT22;INT23;INT24;INT3;INT4;INT5;INT6;INT7;INT8;INT9,INT1;INT10;INT11;INT12;INT13;INT14;INT15;INT16;INT17;INT18;INT19;INT2;INT20;INT21;INT22;INT23;INT24;INT3;INT4;INT5;INT6;INT7;INT8;INT9,True,True,True,,ok,task,False
uni_v1,CCRCC,shipped,random,5,4,0,spot,57566,11514,11514,24,57566,46052,35996,35996,0,,16654,24,INT1;INT10;INT11;INT12;INT13;INT14;INT15;INT16;INT17;INT18;INT19;INT2;INT20;INT21;INT22;INT23;INT24;INT3;INT4;INT5;INT6;INT7;INT8;INT9,INT1;INT10;INT11;INT12;INT13;INT14;INT15;INT16;INT17;INT18;INT19;INT2;INT20;INT21;INT22;INT23;INT24;INT3;INT4;INT5;INT6;INT7;INT8;INT9,True,True,True,,ok,task,False
uni_v1,CCRCC,shipped,patient,0,-1,0,patient,20,5,10905,5,55849,44944,35996,35996,0,,18371,4,INT13;INT14;INT15;INT24,INT1;INT11;INT23;INT6;INT8,False,True,True,,ok,task,False
uni_v1,CCRCC,shipped,patient,0,-1,1,patient,20,5,11411,5,55849,44438,35996,35996,0,,18371,4,INT13;INT14;INT15;INT24,INT10;INT12;INT16;INT17;INT5,False,True,True,,ok,task,False
uni_v1,CCRCC,shipped,patient,0,-1,2,patient,20,5,19853,5,55849,35996,35996,35996,0,,18371,4,INT13;INT14;INT15;INT24,INT18;INT19;INT21;INT22;INT5,False,True,True,,ok,task,False
uni_v1,CCRCC,shipped,patient,1,-1,0,patient,20,5,22810,5,67651,44841,35996,35996,0,,6569,4,INT10;INT11;INT12;INT9,INT15;INT17;INT18;INT20;INT24,False,True,True,,ok,task,False
uni_v1,CCRCC,shipped,patient,1,-1,1,patient,20,5,15985,5,67651,51666,35996,35996,0,,6569,4,INT10;INT11;INT12;INT9,INT13;INT16;INT20;INT5;INT7,False,True,True,,ok,task,False
uni_v1,CCRCC,shipped,patient,1,-1,2,patient,20,5,17775,5,67651,49876,35996,35996,0,,6569,4,INT10;INT11;INT12;INT9,INT16;INT2;INT20;INT23;INT7,False,True,True,,ok,task,False
uni_v1,CCRCC,shipped,patient,2,-1,0,patient,20,5,19567,5,63464,43897,35996,35996,0,,10756,4,INT23;INT6;INT7;INT8,INT13;INT14;INT16;INT2;INT20,False,True,True,,ok,task,False
uni_v1,CCRCC,shipped,patient,2,-1,1,patient,20,5,12886,5,63464,50578,35996,35996,0,,10756,4,INT23;INT6;INT7;INT8,INT10;INT11;INT14;INT16;INT9,False,True,True,,ok,task,False
uni_v1,CCRCC,shipped,patient,2,-1,2,patient,20,5,10039,5,63464,53425,35996,35996,0,,10756,4,INT23;INT6;INT7;INT8,INT1;INT10;INT16;INT2;INT5,False,True,True,,ok,task,False
uni_v1,CCRCC,shipped,patient,3,-1,0,patient,20,5,13757,5,67098,53341,35996,35996,0,,7122,4,INT2;INT3;INT4;INT5,INT10;INT14;INT17;INT6;INT8,False,True,True,,ok,task,False
uni_v1,CCRCC,shipped,patient,3,-1,1,patient,20,5,19412,5,67098,47686,35996,35996,0,,7122,4,INT2;INT3;INT4;INT5,INT10;INT13;INT17;INT21;INT24,False,True,True,,ok,task,False
uni_v1,CCRCC,shipped,patient,3,-1,2,patient,20,5,17796,5,67098,49302,35996,35996,0,,7122,4,INT2;INT3;INT4;INT5,INT15;INT17;INT19;INT7;INT8,False,True,True,,ok,task,False
uni_v1,CCRCC,shipped,patient,4,-1,0,patient,20,5,13132,5,59472,46340,35996,35996,0,,14748,4,INT1;INT20;INT21;INT22,INT11;INT17;INT18;INT3;INT5,False,True,True,,ok,task,False
uni_v1,CCRCC,shipped,patient,4,-1,1,patient,20,5,14385,5,59472,45087,35996,35996,0,,14748,4,INT1;INT20;INT21;INT22,INT12;INT13;INT19;INT6;INT8,False,True,True,,ok,task,False
uni_v1,CCRCC,shipped,patient,4,-1,2,patient,20,5,17076,5,59472,42396,35996,35996,0,,14748,4,INT1;INT20;INT21;INT22,INT12;INT13;INT14;INT23;INT8,False,True,True,,ok,task,False
uni_v1,CCRCC,shipped,patient,5,-1,0,patient,20,5,15607,5,57566,41959,35996,35996,0,,16654,4,INT16;INT17;INT18;INT19,INT10;INT15;INT2;INT23;INT4,False,True,True,,ok,task,False
uni_v1,CCRCC,shipped,patient,5,-1,1,patient,20,5,10535,5,57566,47031,35996,35996,0,,16654,4,INT16;INT17;INT18;INT19,INT10;INT22;INT4;INT6;INT9,False,True,True,,ok,task,False
uni_v1,CCRCC,shipped,patient,5,-1,2,patient,20,5,10145,5,57566,47421,35996,35996,0,,16654,4,INT16;INT17;INT18;INT19,INT10;INT12;INT22;INT5;INT9,False,True,True,,ok,task,False
uni_v1,CCRCC,shipped,donor,INT1,-1,0,donor,23,6,22105,6,73136,51031,35996,35996,0,,1084,1,INT1,INT14;INT16;INT19;INT2;INT20;INT8,False,True,True,,ok,task,False
uni_v1,CCRCC,shipped,donor,INT1,-1,1,donor,23,6,22542,6,73136,50594,35996,35996,0,,1084,1,INT1,INT13;INT14;INT15;INT18;INT2;INT5,False,True,True,,ok,task,False
uni_v1,CCRCC,shipped,donor,INT1,-1,2,donor,23,6,17537,6,73136,55599,35996,35996,0,,1084,1,INT1,INT11;INT17;INT2;INT22;INT23;INT4,False,True,True,,ok,task,False
uni_v1,CCRCC,shipped,donor,INT10,-1,0,donor,23,6,20751,6,72237,51486,35996,35996,0,,1983,1,INT10,INT13;INT20;INT22;INT24;INT3;INT5,False,True,True,,ok,task,False
uni_v1,CCRCC,shipped,donor,INT10,-1,1,donor,23,6,19589,6,72237,52648,35996,35996,0,,1983,1,INT10,INT11;INT14;INT23;INT24;INT7;INT8,False,True,True,,ok,task,False
uni_v1,CCRCC,shipped,donor,INT10,-1,2,donor,23,6,15682,6,72237,56555,35996,35996,0,,1983,1,INT10,INT1;INT12;INT14;INT15;INT8;INT9,False,True,True,,ok,task,False
uni_v1,CCRCC,shipped,donor,INT11,-1,0,donor,23,6,18765,6,72781,54016,35996,35996,0,,1439,1,INT11,INT12;INT15;INT20;INT22;INT3;INT6,False,True,True,,ok,task,False
uni_v1,CCRCC,shipped,donor,INT11,-1,1,donor,23,6,19774,6,72781,53007,35996,35996,0,,1439,1,INT11,INT14;INT19;INT23;INT5;INT7;INT8,False,True,True,,ok,task,False
uni_v1,CCRCC,shipped,donor,INT11,-1,2,donor,23,6,16893,6,72781,55888,35996,35996,0,,1439,1,INT11,INT12;INT19;INT20;INT3;INT6;INT8,False,True,True,,ok,task,False
uni_v1,CCRCC,shipped,donor,INT12,-1,0,donor,23,6,19276,6,72769,53493,35996,35996,0,,1451,1,INT12,INT13;INT23;INT24;INT3;INT8;INT9,False,True,True,,ok,task,False
uni_v1,CCRCC,shipped,donor,INT12,-1,1,donor,23,6,19118,6,72769,53651,35996,35996,0,,1451,1,INT12,INT1;INT19;INT21;INT23;INT3;INT4,False,True,True,,ok,task,False
uni_v1,CCRCC,shipped,donor,INT12,-1,2,donor,23,6,13495,6,72769,59274,35996,35996,0,,1451,1,INT12,INT17;INT2;INT3;INT6;INT8;INT9,False,True,True,,ok,task,False
uni_v1,CCRCC,shipped,donor,INT13,-1,0,donor,23,6,14763,6,69861,55098,35996,35996,0,,4359,1,INT13,INT1;INT17;INT2;INT22;INT3;INT6,False,True,True,,ok,task,False
uni_v1,CCRCC,shipped,donor,INT13,-1,1,donor,23,6,15569,6,69861,54292,35996,35996,0,,4359,1,INT13,INT1;INT10;INT16;INT18;INT3;INT7,False,True,True,,ok,task,False
uni_v1,CCRCC,shipped,donor,INT13,-1,2,donor,23,6,17605,6,69861,52256,35996,35996,0,,4359,1,INT13,INT16;INT17;INT23;INT3;INT6;INT7,False,True,True,,ok,task,False
uni_v1,CCRCC,shipped,donor,INT14,-1,0,donor,23,6,20484,6,69658,49174,35996,35996,0,,4562,1,INT14,INT12;INT17;INT18;INT22;INT23;INT8,False,True,True,,ok,task,False
uni_v1,CCRCC,shipped,donor,INT14,-1,1,donor,23,6,10569,6,69658,59089,35996,35996,0,,4562,1,INT14,INT11;INT12;INT3;INT4;INT7;INT8,False,True,True,,ok,task,False
uni_v1,CCRCC,shipped,donor,INT14,-1,2,donor,23,6,19870,6,69658,49788,35996,35996,0,,4562,1,INT14,INT11;INT13;INT2;INT21;INT24;INT3,False,True,True,,ok,task,False
uni_v1,CCRCC,shipped,donor,INT15,-1,0,donor,23,6,21635,6,69280,47645,35996,35996,0,,4940,1,INT15,INT10;INT16;INT18;INT20;INT21;INT9,False,True,True,,ok,task,False
uni_v1,CCRCC,shipped,donor,INT15,-1,1,donor,23,6,19409,6,69280,49871,35996,35996,0,,4940,1,INT15,INT16;INT17;INT18;INT24;INT3;INT5,False,True,True,,ok,task,False
uni_v1,CCRCC,shipped,donor,INT15,-1,2,donor,23,6,22370,6,69280,46910,35996,35996,0,,4940,1,INT15,INT14;INT19;INT2;INT22;INT23;INT9,False,True,True,,ok,task,False
uni_v1,CCRCC,shipped,donor,INT16,-1,0,donor,23,6,16890,6,71014,54124,35996,35996,0,,3206,1,INT16,INT12;INT2;INT21;INT24;INT6;INT9,False,True,True,,ok,task,False
uni_v1,CCRCC,shipped,donor,INT16,-1,1,donor,23,6,16496,6,71014,54518,35996,35996,0,,3206,1,INT16,INT1;INT19;INT2;INT24;INT6;INT9,False,True,True,,ok,task,False
uni_v1,CCRCC,shipped,donor,INT16,-1,2,donor,23,6,20702,6,71014,50312,35996,35996,0,,3206,1,INT16,INT1;INT14;INT17;INT18;INT20;INT9,False,True,True,,ok,task,False
uni_v1,CCRCC,shipped,donor,INT17,-1,0,donor,23,6,22814,6,70635,47821,35996,35996,0,,3585,1,INT17,INT1;INT15;INT19;INT20;INT21;INT3,False,True,True,,ok,task,False
uni_v1,CCRCC,shipped,donor,INT17,-1,1,donor,23,6,18516,6,70635,52119,35996,35996,0,,3585,1,INT17,INT1;INT13;INT18;INT20;INT4;INT8,False,True,True,,ok,task,False
uni_v1,CCRCC,shipped,donor,INT17,-1,2,donor,23,6,21742,6,70635,48893,35996,35996,0,,3585,1,INT17,INT1;INT13;INT18;INT2;INT21;INT22,False,True,True,,ok,task,False
uni_v1,CCRCC,shipped,donor,INT18,-1,0,donor,23,6,20693,6,69305,48612,35996,35996,0,,4915,1,INT18,INT17;INT19;INT21;INT22;INT3;INT4,False,True,True,,ok,task,False
uni_v1,CCRCC,shipped,donor,INT18,-1,1,donor,23,6,12528,6,69305,56777,35996,35996,0,,4915,1,INT18,INT1;INT24;INT5;INT6;INT7;INT9,False,True,True,,ok,task,False
uni_v1,CCRCC,shipped,donor,INT18,-1,2,donor,23,6,17768,6,69305,51537,35996,35996,0,,4915,1,INT18,INT1;INT12;INT14;INT21;INT24;INT5,False,True,True,,ok,task,False
uni_v1,CCRCC,shipped,donor,INT19,-1,0,donor,23,6,17973,6,69272,51299,35996,35996,0,,4948,1,INT19,INT13;INT2;INT21;INT3;INT6;INT7,False,True,True,,ok,task,False
uni_v1,CCRCC,shipped,donor,INT19,-1,1,donor,23,6,16852,6,69272,52420,35996,35996,0,,4948,1,INT19,INT1;INT12;INT2;INT21;INT23;INT3,False,True,True,,ok,task,False
uni_v1,CCRCC,shipped,donor,INT19,-1,2,donor,23,6,16547,6,69272,52725,35996,35996,0,,4948,1,INT19,INT12;INT17;INT2;INT21;INT3;INT8,False,True,True,,ok,task,False
uni_v1,CCRCC,shipped,donor,INT2,-1,0,donor,23,6,17105,6,71640,54535,35996,35996,0,,2580,1,INT2,INT10;INT15;INT24;INT4;INT7;INT8,False,True,True,,ok,task,False
uni_v1,CCRCC,shipped,donor,INT2,-1,1,donor,23,6,17025,6,71640,54615,35996,35996,0,,2580,1,INT2,INT1;INT10;INT15;INT19;INT7;INT9,False,True,True,,ok,task,False
uni_v1,CCRCC,shipped,donor,INT2,-1,2,donor,23,6,17316,6,71640,54324,35996,35996,0,,2580,1,INT2,INT10;INT13;INT18;INT3;INT6;INT7,False,True,True,,ok,task,False
uni_v1,CCRCC,shipped,donor,INT20,-1,0,donor,23,6,12289,6,69360,57071,35996,35996,0,,4860,1,INT20,INT1;INT16;INT2;INT4;INT7;INT9,False,True,True,,ok,task,False
uni_v1,CCRCC,shipped,donor,INT20,-1,1,donor,23,6,22582,6,69360,46778,35996,35996,0,,4860,1,INT20,INT13;INT16;INT17;INT18;INT24;INT3,False,True,True,,ok,task,False
uni_v1,CCRCC,shipped,donor,INT20,-1,2,donor,23,6,23616,6,69360,45744,35996,35996,0,,4860,1,INT20,INT13;INT16;INT18;INT19;INT24;INT6,False,True,True,,ok,task,False
uni_v1,CCRCC,shipped,donor,INT21,-1,0,donor,23,6,13913,6,69245,55332,35996,35996,0,,4975,1,INT21,INT1;INT11;INT12;INT13;INT16;INT7,False,True,True,,ok,task,False
uni_v1,CCRCC,shipped,donor,INT21,-1,1,donor,23,6,10996,6,69245,58249,35996,35996,0,,4975,1,INT21,INT1;INT11;INT12;INT22;INT3;INT5,False,True,True,,ok,task,False
uni_v1,CCRCC,shipped,donor,INT21,-1,2,donor,23,6,15758,6,69245,53487,35996,35996,0,,4975,1,INT21,INT11;INT12;INT2;INT22;INT24;INT8,False,True,True,,ok,task,False
uni_v1,CCRCC,shipped,donor,INT22,-1,0,donor,23,6,17587,6,70391,52804,35996,35996,0,,3829,1,INT22,INT11;INT13;INT16;INT20;INT4;INT7,False,True,True,,ok,task,False
uni_v1,CCRCC,shipped,donor,INT22,-1,1,donor,23,6,21427,6,70391,48964,35996,35996,0,,3829,1,INT22,INT14;INT16;INT19;INT23;INT3;INT8,False,True,True,,ok,task,False
uni_v1,CCRCC,shipped,donor,INT22,-1,2,donor,23,6,23361,6,70391,47030,35996,35996,0,,3829,1,INT22,INT16;INT17;INT19;INT20;INT23;INT3,False,True,True,,ok,task,False
uni_v1,CCRCC,shipped,donor,INT23,-1,0,donor,23,6,21452,6,69465,48013,35996,35996,0,,4755,1,INT23,INT13;INT16;INT20;INT21;INT6;INT7,False,True,True,,ok,task,False
uni_v1,CCRCC,shipped,donor,INT23,-1,1,donor,23,6,17479,6,69465,51986,35996,35996,0,,4755,1,INT23,INT11;INT13;INT16;INT18;INT5;INT7,False,True,True,,ok,task,False
uni_v1,CCRCC,shipped,donor,INT23,-1,2,donor,23,6,13269,6,69465,56196,35996,35996,0,,4755,1,INT23,INT1;INT10;INT12;INT13;INT16;INT5,False,True,True,,ok,task,False
uni_v1,CCRCC,shipped,donor,INT24,-1,0,donor,23,6,18859,6,69710,50851,35996,35996,0,,4510,1,INT24,INT15;INT2;INT21;INT22;INT4;INT5,False,True,True,,ok,task,False
uni_v1,CCRCC,shipped,donor,INT24,-1,1,donor,23,6,24159,6,69710,45551,35996,35996,0,,4510,1,INT24,INT10;INT13;INT14;INT17;INT18;INT23,False,True,True,,ok,task,False
uni_v1,CCRCC,shipped,donor,INT24,-1,2,donor,23,6,17964,6,69710,51746,35996,35996,0,,4510,1,INT24,INT12;INT18;INT19;INT2;INT7;INT9,False,True,True,,ok,task,False
uni_v1,CCRCC,shipped,donor,INT3,-1,0,donor,23,6,20344,6,72213,51869,35996,35996,0,,2007,1,INT3,INT13;INT15;INT16;INT21;INT5;INT6,False,True,True,,ok,task,False
uni_v1,CCRCC,shipped,donor,INT3,-1,1,donor,23,6,19219,6,72213,52994,35996,35996,0,,2007,1,INT3,INT11;INT18;INT21;INT23;INT5;INT8,False,True,True,,ok,task,False
uni_v1,CCRCC,shipped,donor,INT3,-1,2,donor,23,6,17234,6,72213,54979,35996,35996,0,,2007,1,INT3,INT1;INT10;INT16;INT18;INT20;INT5,False,True,True,,ok,task,False
uni_v1,CCRCC,shipped,donor,INT4,-1,0,donor,23,6,13610,6,72871,59261,35996,35996,0,,1349,1,INT4,INT1;INT10;INT12;INT17;INT22;INT6,False,True,True,,ok,task,False
uni_v1,CCRCC,shipped,donor,INT4,-1,1,donor,23,6,20622,6,72871,52249,35996,35996,0,,1349,1,INT4,INT10;INT13;INT15;INT16;INT19;INT5,False,True,True,,ok,task,False
uni_v1,CCRCC,shipped,donor,INT4,-1,2,donor,23,6,18248,6,72871,54623,35996,35996,0,,1349,1,INT4,INT10;INT12;INT13;INT19;INT22;INT6,False,True,True,,ok,task,False
uni_v1,CCRCC,shipped,donor,INT5,-1,0,donor,23,6,24596,6,73034,48438,35996,35996,0,,1186,1,INT5,INT1;INT13;INT15;INT19;INT23;INT24,False,True,True,,ok,task,False
uni_v1,CCRCC,shipped,donor,INT5,-1,1,donor,23,6,17266,6,73034,55768,35996,35996,0,,1186,1,INT5,INT10;INT11;INT15;INT19;INT3;INT8,False,True,True,,ok,task,False
uni_v1,CCRCC,shipped,donor,INT5,-1,2,donor,23,6,22330,6,73034,50704,35996,35996,0,,1186,1,INT5,INT12;INT15;INT20;INT21;INT23;INT4,False,True,True,,ok,task,False
uni_v1,CCRCC,shipped,donor,INT6,-1,0,donor,23,6,17592,6,72542,54950,35996,35996,0,,1678,1,INT6,INT10;INT12;INT20;INT21;INT7;INT8,False,True,True,,ok,task,False
uni_v1,CCRCC,shipped,donor,INT6,-1,1,donor,23,6,19422,6,72542,53120,35996,35996,0,,1678,1,INT6,INT12;INT15;INT2;INT23;INT24;INT5,False,True,True,,ok,task,False
uni_v1,CCRCC,shipped,donor,INT6,-1,2,donor,23,6,19847,6,72542,52695,35996,35996,0,,1678,1,INT6,INT12;INT13;INT15;INT2;INT24;INT3,False,True,True,,ok,task,False
uni_v1,CCRCC,shipped,donor,INT7,-1,0,donor,23,6,18917,6,71846,52929,35996,35996,0,,2374,1,INT7,INT10;INT11;INT13;INT19;INT24;INT6,False,True,True,,ok,task,False
uni_v1,CCRCC,shipped,donor,INT7,-1,1,donor,23,6,24820,6,71846,47026,35996,35996,0,,2374,1,INT7,INT15;INT18;INT19;INT22;INT24;INT6,False,True,True,,ok,task,False
uni_v1,CCRCC,shipped,donor,INT7,-1,2,donor,23,6,22623,6,71846,49223,35996,35996,0,,2374,1,INT7,INT10;INT12;INT13;INT15;INT18;INT21,False,True,True,,ok,task,False
uni_v1,CCRCC,shipped,donor,INT8,-1,0,donor,23,6,22774,6,72271,49497,35996,35996,0,,1949,1,INT8,INT12;INT13;INT20;INT21;INT23;INT7,False,True,True,,ok,task,False
uni_v1,CCRCC,shipped,donor,INT8,-1,1,donor,23,6,18471,6,72271,53800,35996,35996,0,,1949,1,INT8,INT1;INT13;INT20;INT21;INT3;INT5,False,True,True,,ok,task,False
uni_v1,CCRCC,shipped,donor,INT8,-1,2,donor,23,6,21619,6,72271,50652,35996,35996,0,,1949,1,INT8,INT1;INT15;INT16;INT17;INT21;INT22,False,True,True,,ok,task,False
uni_v1,CCRCC,shipped,donor,INT9,-1,0,donor,23,6,12609,6,72524,59915,35996,35996,0,,1696,1,INT9,INT1;INT12;INT13;INT2;INT5;INT8,False,True,True,,ok,task,False
uni_v1,CCRCC,shipped,donor,INT9,-1,1,donor,23,6,20533,6,72524,51991,35996,35996,0,,1696,1,INT9,INT16;INT18;INT20;INT22;INT4;INT7,False,True,True,,ok,task,False
uni_v1,CCRCC,shipped,donor,INT9,-1,2,donor,23,6,17614,6,72524,54910,35996,35996,0,,1696,1,INT9,INT10;INT11;INT15;INT16;INT20;INT5,False,True,True,,ok,task,False
uni_v1,COAD,shipped,random,0,0,0,spot,5079,1016,1016,4,5079,4063,3389,3389,0,,10572,4,TENX111;TENX147;TENX148;TENX149,TENX111;TENX147;TENX148;TENX149,True,True,True,,ok,task,False
uni_v1,COAD,shipped,random,0,1,0,spot,5079,1016,1016,4,5079,4063,3389,3389,0,,10572,4,TENX111;TENX147;TENX148;TENX149,TENX111;TENX147;TENX148;TENX149,True,True,True,,ok,task,False
uni_v1,COAD,shipped,random,0,2,0,spot,5079,1016,1016,4,5079,4063,3389,3389,0,,10572,4,TENX111;TENX147;TENX148;TENX149,TENX111;TENX147;TENX148;TENX149,True,True,True,,ok,task,False
uni_v1,COAD,shipped,random,0,3,0,spot,5079,1016,1016,4,5079,4063,3389,3389,0,,10572,4,TENX111;TENX147;TENX148;TENX149,TENX111;TENX147;TENX148;TENX149,True,True,True,,ok,task,False
uni_v1,COAD,shipped,random,0,4,0,spot,5079,1016,1016,4,5079,4063,3389,3389,0,,10572,4,TENX111;TENX147;TENX148;TENX149,TENX111;TENX147;TENX148;TENX149,True,True,True,,ok,task,False
uni_v1,COAD,shipped,random,1,0,0,spot,10572,2115,2115,4,10572,8457,3389,3389,0,,5079,4,TENX111;TENX147;TENX148;TENX149,TENX111;TENX147;TENX148;TENX149,True,True,True,,ok,task,False
uni_v1,COAD,shipped,random,1,1,0,spot,10572,2115,2115,4,10572,8457,3389,3389,0,,5079,4,TENX111;TENX147;TENX148;TENX149,TENX111;TENX147;TENX148;TENX149,True,True,True,,ok,task,False
uni_v1,COAD,shipped,random,1,2,0,spot,10572,2115,2115,4,10572,8457,3389,3389,0,,5079,4,TENX111;TENX147;TENX148;TENX149,TENX111;TENX147;TENX148;TENX149,True,True,True,,ok,task,False
uni_v1,COAD,shipped,random,1,3,0,spot,10572,2115,2115,4,10572,8457,3389,3389,0,,5079,4,TENX111;TENX147;TENX148;TENX149,TENX111;TENX147;TENX148;TENX149,True,True,True,,ok,task,False
uni_v1,COAD,shipped,random,1,4,0,spot,10572,2115,2115,4,10572,8457,3389,3389,0,,5079,4,TENX111;TENX147;TENX148;TENX149,TENX111;TENX147;TENX148;TENX149,True,True,True,,ok,task,False
uni_v1,COAD,shipped,patient,0,-1,0,block,35,7,1075,1,5079,3596,3389,3389,408,35.0,10572,3,TENX147;TENX148;TENX149,TENX111,False,True,True,,ok,task,False
uni_v1,COAD,shipped,patient,0,-1,1,block,35,8,1143,1,5079,3414,3389,3389,522,35.0,10572,3,TENX147;TENX148;TENX149,TENX111,False,True,True,,ok,task,False
uni_v1,COAD,shipped,patient,0,-1,2,block,35,8,1163,1,5079,3389,3389,3389,527,35.0,10572,3,TENX147;TENX148;TENX149,TENX111,False,True,True,,ok,task,False
uni_v1,COAD,shipped,patient,1,-1,0,slide,3,1,3620,1,10572,6952,3389,3389,0,,5079,1,TENX111,TENX149,False,True,True,,ok,task,False
uni_v1,COAD,shipped,patient,1,-1,1,slide,3,1,3417,1,10572,7155,3389,3389,0,,5079,1,TENX111,TENX147,False,True,True,,ok,task,False
uni_v1,COAD,shipped,patient,1,-1,2,slide,3,1,3620,1,10572,6952,3389,3389,0,,5079,1,TENX111,TENX149,False,True,True,,ok,task,False
uni_v1,COAD,shipped,donor,COAD_Oliveira_P1,-1,0,donor,3,1,3535,1,12031,8496,3389,3389,0,,3620,1,TENX149,TENX148,False,True,True,,ok,task,False
uni_v1,COAD,shipped,donor,COAD_Oliveira_P1,-1,1,donor,3,1,3417,1,12031,8614,3389,3389,0,,3620,1,TENX149,TENX147,False,True,True,,ok,task,False
uni_v1,COAD,shipped,donor,COAD_Oliveira_P1,-1,2,donor,3,1,3535,1,12031,8496,3389,3389,0,,3620,1,TENX149,TENX148,False,True,True,,ok,task,False
uni_v1,COAD,shipped,donor,COAD_Oliveira_P2,-1,0,donor,3,1,3620,1,12116,8496,3389,3389,0,,3535,1,TENX148,TENX149,False,True,True,,ok,task,False
uni_v1,COAD,shipped,donor,COAD_Oliveira_P2,-1,1,donor,3,1,3417,1,12116,8699,3389,3389,0,,3535,1,TENX148,TENX147,False,True,True,,ok,task,False
uni_v1,COAD,shipped,donor,COAD_Oliveira_P2,-1,2,donor,3,1,3417,1,12116,8699,3389,3389,0,,3535,1,TENX148,TENX147,False,True,True,,ok,task,False
uni_v1,COAD,shipped,donor,COAD_Oliveira_P5,-1,0,donor,3,1,3535,1,12234,8699,3389,3389,0,,3417,1,TENX147,TENX148,False,True,True,,ok,task,False
uni_v1,COAD,shipped,donor,COAD_Oliveira_P5,-1,1,donor,3,1,3620,1,12234,8614,3389,3389,0,,3417,1,TENX147,TENX149,False,True,True,,ok,task,False
uni_v1,COAD,shipped,donor,COAD_Oliveira_P5,-1,2,donor,3,1,3535,1,12234,8699,3389,3389,0,,3417,1,TENX147,TENX148,False,True,True,,ok,task,False
uni_v1,COAD,shipped,donor,COAD_donor_TENX111,-1,0,donor,3,1,3620,1,10572,6952,3389,3389,0,,5079,1,TENX111,TENX149,False,True,True,,ok,task,False
uni_v1,COAD,shipped,donor,COAD_donor_TENX111,-1,1,donor,3,1,3417,1,10572,7155,3389,3389,0,,5079,1,TENX111,TENX147,False,True,True,,ok,task,False
uni_v1,COAD,shipped,donor,COAD_donor_TENX111,-1,2,donor,3,1,3417,1,10572,7155,3389,3389,0,,5079,1,TENX111,TENX147,False,True,True,,ok,task,False
uni_v1,HCC,shipped,random,0,0,0,spot,1941,389,389,2,1941,1552,1203,1203,0,,2255,2,NCBI642;NCBI643,NCBI642;NCBI643,True,True,True,,ok,task,False
uni_v1,HCC,shipped,random,0,1,0,spot,1941,389,389,2,1941,1552,1203,1203,0,,2255,2,NCBI642;NCBI643,NCBI642;NCBI643,True,True,True,,ok,task,False
uni_v1,HCC,shipped,random,0,2,0,spot,1941,389,389,2,1941,1552,1203,1203,0,,2255,2,NCBI642;NCBI643,NCBI642;NCBI643,True,True,True,,ok,task,False
uni_v1,HCC,shipped,random,0,3,0,spot,1941,389,389,2,1941,1552,1203,1203,0,,2255,2,NCBI642;NCBI643,NCBI642;NCBI643,True,True,True,,ok,task,False
uni_v1,HCC,shipped,random,0,4,0,spot,1941,389,389,2,1941,1552,1203,1203,0,,2255,2,NCBI642;NCBI643,NCBI642;NCBI643,True,True,True,,ok,task,False
uni_v1,HCC,shipped,random,1,0,0,spot,2255,451,451,2,2255,1804,1203,1203,0,,1941,2,NCBI642;NCBI643,NCBI642;NCBI643,True,True,True,,ok,task,False
uni_v1,HCC,shipped,random,1,1,0,spot,2255,451,451,2,2255,1804,1203,1203,0,,1941,2,NCBI642;NCBI643,NCBI642;NCBI643,True,True,True,,ok,task,False
uni_v1,HCC,shipped,random,1,2,0,spot,2255,451,451,2,2255,1804,1203,1203,0,,1941,2,NCBI642;NCBI643,NCBI642;NCBI643,True,True,True,,ok,task,False
uni_v1,HCC,shipped,random,1,3,0,spot,2255,451,451,2,2255,1804,1203,1203,0,,1941,2,NCBI642;NCBI643,NCBI642;NCBI643,True,True,True,,ok,task,False
uni_v1,HCC,shipped,random,1,4,0,spot,2255,451,451,2,2255,1804,1203,1203,0,,1941,2,NCBI642;NCBI643,NCBI642;NCBI643,True,True,True,,ok,task,False
uni_v1,HCC,shipped,patient,0,-1,0,block,32,6,407,1,1941,1321,1203,1203,213,32.0,2255,1,NCBI643,NCBI642,False,True,True,,ok,task,False
uni_v1,HCC,shipped,patient,0,-1,1,block,32,6,400,1,1941,1226,1203,1203,315,32.0,2255,1,NCBI643,NCBI642,False,True,True,,ok,task,False
uni_v1,HCC,shipped,patient,0,-1,2,block,32,8,421,1,1941,1215,1203,1203,305,32.0,2255,1,NCBI643,NCBI642,False,True,True,,ok,task,False
uni_v1,HCC,shipped,patient,1,-1,0,block,31,5,471,1,2255,1474,1203,1203,310,31.0,1941,1,NCBI642,NCBI643,False,True,True,,ok,task,False
uni_v1,HCC,shipped,patient,1,-1,1,block,31,7,497,1,2255,1461,1203,1203,297,31.0,1941,1,NCBI642,NCBI643,False,True,True,,ok,task,False
uni_v1,HCC,shipped,patient,1,-1,2,block,31,6,457,1,2255,1468,1203,1203,330,31.0,1941,1,NCBI642,NCBI643,False,True,True,,ok,task,False
uni_v1,HCC,shipped,donor,CHC20,-1,0,block,31,6,513,1,2255,1415,1203,1203,327,31.0,1941,1,NCBI642,NCBI643,False,True,True,,ok,task,False
uni_v1,HCC,shipped,donor,CHC20,-1,1,block,31,7,452,1,2255,1497,1203,1203,306,31.0,1941,1,NCBI642,NCBI643,False,True,True,,ok,task,False
uni_v1,HCC,shipped,donor,CHC20,-1,2,block,31,6,483,1,2255,1482,1203,1203,290,31.0,1941,1,NCBI642,NCBI643,False,True,True,,ok,task,False
uni_v1,HCC,shipped,donor,CHC23,-1,0,block,32,8,401,1,1941,1211,1203,1203,329,32.0,2255,1,NCBI643,NCBI642,False,True,True,,ok,task,False
uni_v1,HCC,shipped,donor,CHC23,-1,1,block,32,6,430,1,1941,1203,1203,1203,308,32.0,2255,1,NCBI643,NCBI642,False,True,True,,ok,task,False
uni_v1,HCC,shipped,donor,CHC23,-1,2,block,32,7,408,1,1941,1324,1203,1203,209,32.0,2255,1,NCBI643,NCBI642,False,True,True,,ok,task,False
uni_v1,IDC,shipped,random,0,0,0,spot,14775,2955,2955,4,14775,11820,7015,7015,0,,20761,4,NCBI783;NCBI785;TENX95;TENX99,NCBI783;NCBI785;TENX95;TENX99,True,True,True,,ok,task,False
uni_v1,IDC,shipped,random,0,1,0,spot,14775,2955,2955,4,14775,11820,7015,7015,0,,20761,4,NCBI783;NCBI785;TENX95;TENX99,NCBI783;NCBI785;TENX95;TENX99,True,True,True,,ok,task,False
uni_v1,IDC,shipped,random,0,2,0,spot,14775,2955,2955,4,14775,11820,7015,7015,0,,20761,4,NCBI783;NCBI785;TENX95;TENX99,NCBI783;NCBI785;TENX95;TENX99,True,True,True,,ok,task,False
uni_v1,IDC,shipped,random,0,3,0,spot,14775,2955,2955,4,14775,11820,7015,7015,0,,20761,4,NCBI783;NCBI785;TENX95;TENX99,NCBI783;NCBI785;TENX95;TENX99,True,True,True,,ok,task,False
uni_v1,IDC,shipped,random,0,4,0,spot,14775,2955,2955,4,14775,11820,7015,7015,0,,20761,4,NCBI783;NCBI785;TENX95;TENX99,NCBI783;NCBI785;TENX95;TENX99,True,True,True,,ok,task,False
uni_v1,IDC,shipped,random,1,0,0,spot,27776,5556,5556,4,27776,22220,7015,7015,0,,7760,4,NCBI783;NCBI785;TENX95;TENX99,NCBI783;NCBI785;TENX95;TENX99,True,True,True,,ok,task,False
uni_v1,IDC,shipped,random,1,1,0,spot,27776,5556,5556,4,27776,22220,7015,7015,0,,7760,4,NCBI783;NCBI785;TENX95;TENX99,NCBI783;NCBI785;TENX95;TENX99,True,True,True,,ok,task,False
uni_v1,IDC,shipped,random,1,2,0,spot,27776,5556,5556,4,27776,22220,7015,7015,0,,7760,4,NCBI783;NCBI785;TENX95;TENX99,NCBI783;NCBI785;TENX95;TENX99,True,True,True,,ok,task,False
uni_v1,IDC,shipped,random,1,3,0,spot,27776,5556,5556,4,27776,22220,7015,7015,0,,7760,4,NCBI783;NCBI785;TENX95;TENX99,NCBI783;NCBI785;TENX95;TENX99,True,True,True,,ok,task,False
uni_v1,IDC,shipped,random,1,4,0,spot,27776,5556,5556,4,27776,22220,7015,7015,0,,7760,4,NCBI783;NCBI785;TENX95;TENX99,NCBI783;NCBI785;TENX95;TENX99,True,True,True,,ok,task,False
uni_v1,IDC,shipped,random,2,0,0,spot,31526,6306,6306,4,31526,25220,7015,7015,0,,4010,4,NCBI783;NCBI785;TENX95;TENX99,NCBI783;NCBI785;TENX95;TENX99,True,True,True,,ok,task,False
uni_v1,IDC,shipped,random,2,1,0,spot,31526,6306,6306,4,31526,25220,7015,7015,0,,4010,4,NCBI783;NCBI785;TENX95;TENX99,NCBI783;NCBI785;TENX95;TENX99,True,True,True,,ok,task,False
uni_v1,IDC,shipped,random,2,2,0,spot,31526,6306,6306,4,31526,25220,7015,7015,0,,4010,4,NCBI783;NCBI785;TENX95;TENX99,NCBI783;NCBI785;TENX95;TENX99,True,True,True,,ok,task,False
uni_v1,IDC,shipped,random,2,3,0,spot,31526,6306,6306,4,31526,25220,7015,7015,0,,4010,4,NCBI783;NCBI785;TENX95;TENX99,NCBI783;NCBI785;TENX95;TENX99,True,True,True,,ok,task,False
uni_v1,IDC,shipped,random,2,4,0,spot,31526,6306,6306,4,31526,25220,7015,7015,0,,4010,4,NCBI783;NCBI785;TENX95;TENX99,NCBI783;NCBI785;TENX95;TENX99,True,True,True,,ok,task,False
uni_v1,IDC,shipped,random,3,0,0,spot,32531,6507,6507,4,32531,26024,7015,7015,0,,3005,4,NCBI783;NCBI785;TENX95;TENX99,NCBI783;NCBI785;TENX95;TENX99,True,True,True,,ok,task,False
uni_v1,IDC,shipped,random,3,1,0,spot,32531,6507,6507,4,32531,26024,7015,7015,0,,3005,4,NCBI783;NCBI785;TENX95;TENX99,NCBI783;NCBI785;TENX95;TENX99,True,True,True,,ok,task,False
uni_v1,IDC,shipped,random,3,2,0,spot,32531,6507,6507,4,32531,26024,7015,7015,0,,3005,4,NCBI783;NCBI785;TENX95;TENX99,NCBI783;NCBI785;TENX95;TENX99,True,True,True,,ok,task,False
uni_v1,IDC,shipped,random,3,3,0,spot,32531,6507,6507,4,32531,26024,7015,7015,0,,3005,4,NCBI783;NCBI785;TENX95;TENX99,NCBI783;NCBI785;TENX95;TENX99,True,True,True,,ok,task,False
uni_v1,IDC,shipped,random,3,4,0,spot,32531,6507,6507,4,32531,26024,7015,7015,0,,3005,4,NCBI783;NCBI785;TENX95;TENX99,NCBI783;NCBI785;TENX95;TENX99,True,True,True,,ok,task,False
uni_v1,IDC,shipped,patient,0,-1,0,patient,3,1,3005,1,14775,11770,7015,7015,0,,20761,1,TENX99,NCBI783,False,False,False,,ok,task,False
uni_v1,IDC,shipped,patient,0,-1,1,patient,3,1,3005,1,14775,11770,7015,7015,0,,20761,1,TENX99,NCBI783,False,False,False,,ok,task,False
uni_v1,IDC,shipped,patient,0,-1,2,patient,3,1,7760,1,14775,7015,7015,7015,0,,20761,1,TENX99,TENX95,False,True,True,,ok,task,False
uni_v1,IDC,shipped,patient,1,-1,0,patient,3,1,3005,1,27776,24771,7015,7015,0,,7760,1,TENX95,NCBI783,False,False,False,,ok,task,False
uni_v1,IDC,shipped,patient,1,-1,1,patient,3,1,3005,1,27776,24771,7015,7015,0,,7760,1,TENX95,NCBI783,False,False,False,,ok,task,False
uni_v1,IDC,shipped,patient,1,-1,2,patient,3,1,4010,1,27776,23766,7015,7015,0,,7760,1,TENX95,NCBI785,False,False,False,,ok,task,False
uni_v1,IDC,shipped,patient,2,-1,0,patient,3,1,7760,1,31526,23766,7015,7015,0,,4010,1,NCBI785,TENX95,False,False,False,,ok,task,False
uni_v1,IDC,shipped,patient,2,-1,1,patient,3,1,3005,1,31526,28521,7015,7015,0,,4010,1,NCBI785,NCBI783,False,False,False,,ok,task,False
uni_v1,IDC,shipped,patient,2,-1,2,patient,3,1,3005,1,31526,28521,7015,7015,0,,4010,1,NCBI785,NCBI783,False,False,False,,ok,task,False
uni_v1,IDC,shipped,patient,3,-1,0,patient,3,1,4010,1,32531,28521,7015,7015,0,,3005,1,NCBI783,NCBI785,False,False,False,,ok,task,False
uni_v1,IDC,shipped,patient,3,-1,1,patient,3,1,20761,1,32531,11770,7015,7015,0,,3005,1,NCBI783,TENX99,False,False,False,,ok,task,False
uni_v1,IDC,shipped,patient,3,-1,2,patient,3,1,7760,1,32531,24771,7015,7015,0,,3005,1,NCBI783,TENX95,False,False,False,,ok,task,False
uni_v1,IDC,shipped,donor,IDC_shipped_patient_1,-1,0,donor,3,1,4010,1,14775,10765,7015,7015,0,,20761,1,TENX99,NCBI785,False,False,False,,ok,task,False
uni_v1,IDC,shipped,donor,IDC_shipped_patient_1,-1,1,donor,3,1,7760,1,14775,7015,7015,7015,0,,20761,1,TENX99,TENX95,False,True,True,,ok,task,False
uni_v1,IDC,shipped,donor,IDC_shipped_patient_1,-1,2,donor,3,1,3005,1,14775,11770,7015,7015,0,,20761,1,TENX99,NCBI783,False,False,False,,ok,task,False
uni_v1,IDC,shipped,donor,IDC_shipped_patient_2,-1,0,donor,3,1,4010,1,27776,23766,7015,7015,0,,7760,1,TENX95,NCBI785,False,False,False,,ok,task,False
uni_v1,IDC,shipped,donor,IDC_shipped_patient_2,-1,1,donor,3,1,3005,1,27776,24771,7015,7015,0,,7760,1,TENX95,NCBI783,False,False,False,,ok,task,False
uni_v1,IDC,shipped,donor,IDC_shipped_patient_2,-1,2,donor,3,1,4010,1,27776,23766,7015,7015,0,,7760,1,TENX95,NCBI785,False,False,False,,ok,task,False
uni_v1,IDC,shipped,donor,NCBI783,-1,0,donor,3,1,4010,1,32531,28521,7015,7015,0,,3005,1,NCBI783,NCBI785,False,False,False,,ok,task,False
uni_v1,IDC,shipped,donor,NCBI783,-1,1,donor,3,1,7760,1,32531,24771,7015,7015,0,,3005,1,NCBI783,TENX95,False,False,False,,ok,task,False
uni_v1,IDC,shipped,donor,NCBI783,-1,2,donor,3,1,7760,1,32531,24771,7015,7015,0,,3005,1,NCBI783,TENX95,False,False,False,,ok,task,False
uni_v1,IDC,shipped,donor,NCBI785,-1,0,donor,3,1,3005,1,31526,28521,7015,7015,0,,4010,1,NCBI785,NCBI783,False,False,False,,ok,task,False
uni_v1,IDC,shipped,donor,NCBI785,-1,1,donor,3,1,20761,1,31526,10765,7015,7015,0,,4010,1,NCBI785,TENX99,False,False,False,,ok,task,False
uni_v1,IDC,shipped,donor,NCBI785,-1,2,donor,3,1,20761,1,31526,10765,7015,7015,0,,4010,1,NCBI785,TENX99,False,False,False,,ok,task,False
uni_v1,IDC,audited,random,0,0,0,spot,14775,2955,2955,4,14775,11820,3005,3005,0,,20761,4,NCBI783;NCBI785;TENX95;TENX99,NCBI783;NCBI785;TENX95;TENX99,True,True,True,,ok,task,True
uni_v1,IDC,audited,random,0,1,0,spot,14775,2955,2955,4,14775,11820,3005,3005,0,,20761,4,NCBI783;NCBI785;TENX95;TENX99,NCBI783;NCBI785;TENX95;TENX99,True,True,True,,ok,task,True
uni_v1,IDC,audited,random,0,2,0,spot,14775,2955,2955,4,14775,11820,3005,3005,0,,20761,4,NCBI783;NCBI785;TENX95;TENX99,NCBI783;NCBI785;TENX95;TENX99,True,True,True,,ok,task,True
uni_v1,IDC,audited,random,0,3,0,spot,14775,2955,2955,4,14775,11820,3005,3005,0,,20761,4,NCBI783;NCBI785;TENX95;TENX99,NCBI783;NCBI785;TENX95;TENX99,True,True,True,,ok,task,True
uni_v1,IDC,audited,random,0,4,0,spot,14775,2955,2955,4,14775,11820,3005,3005,0,,20761,4,NCBI783;NCBI785;TENX95;TENX99,NCBI783;NCBI785;TENX95;TENX99,True,True,True,,ok,task,True
uni_v1,IDC,audited,random,1,0,0,spot,27776,5556,5556,4,27776,22220,3005,3005,0,,7760,4,NCBI783;NCBI785;TENX95;TENX99,NCBI783;NCBI785;TENX95;TENX99,True,True,True,,ok,task,True
uni_v1,IDC,audited,random,1,1,0,spot,27776,5556,5556,4,27776,22220,3005,3005,0,,7760,4,NCBI783;NCBI785;TENX95;TENX99,NCBI783;NCBI785;TENX95;TENX99,True,True,True,,ok,task,True
uni_v1,IDC,audited,random,1,2,0,spot,27776,5556,5556,4,27776,22220,3005,3005,0,,7760,4,NCBI783;NCBI785;TENX95;TENX99,NCBI783;NCBI785;TENX95;TENX99,True,True,True,,ok,task,True
uni_v1,IDC,audited,random,1,3,0,spot,27776,5556,5556,4,27776,22220,3005,3005,0,,7760,4,NCBI783;NCBI785;TENX95;TENX99,NCBI783;NCBI785;TENX95;TENX99,True,True,True,,ok,task,True
uni_v1,IDC,audited,random,1,4,0,spot,27776,5556,5556,4,27776,22220,3005,3005,0,,7760,4,NCBI783;NCBI785;TENX95;TENX99,NCBI783;NCBI785;TENX95;TENX99,True,True,True,,ok,task,True
uni_v1,IDC,audited,random,2,0,0,spot,31526,6306,6306,4,31526,25220,3005,3005,0,,4010,4,NCBI783;NCBI785;TENX95;TENX99,NCBI783;NCBI785;TENX95;TENX99,True,True,True,,ok,task,True
uni_v1,IDC,audited,random,2,1,0,spot,31526,6306,6306,4,31526,25220,3005,3005,0,,4010,4,NCBI783;NCBI785;TENX95;TENX99,NCBI783;NCBI785;TENX95;TENX99,True,True,True,,ok,task,True
uni_v1,IDC,audited,random,2,2,0,spot,31526,6306,6306,4,31526,25220,3005,3005,0,,4010,4,NCBI783;NCBI785;TENX95;TENX99,NCBI783;NCBI785;TENX95;TENX99,True,True,True,,ok,task,True
uni_v1,IDC,audited,random,2,3,0,spot,31526,6306,6306,4,31526,25220,3005,3005,0,,4010,4,NCBI783;NCBI785;TENX95;TENX99,NCBI783;NCBI785;TENX95;TENX99,True,True,True,,ok,task,True
uni_v1,IDC,audited,random,2,4,0,spot,31526,6306,6306,4,31526,25220,3005,3005,0,,4010,4,NCBI783;NCBI785;TENX95;TENX99,NCBI783;NCBI785;TENX95;TENX99,True,True,True,,ok,task,True
uni_v1,IDC,audited,random,3,0,0,spot,32531,6507,6507,4,32531,26024,3005,3005,0,,3005,4,NCBI783;NCBI785;TENX95;TENX99,NCBI783;NCBI785;TENX95;TENX99,True,True,True,,ok,task,True
uni_v1,IDC,audited,random,3,1,0,spot,32531,6507,6507,4,32531,26024,3005,3005,0,,3005,4,NCBI783;NCBI785;TENX95;TENX99,NCBI783;NCBI785;TENX95;TENX99,True,True,True,,ok,task,True
uni_v1,IDC,audited,random,3,2,0,spot,32531,6507,6507,4,32531,26024,3005,3005,0,,3005,4,NCBI783;NCBI785;TENX95;TENX99,NCBI783;NCBI785;TENX95;TENX99,True,True,True,,ok,task,True
uni_v1,IDC,audited,random,3,3,0,spot,32531,6507,6507,4,32531,26024,3005,3005,0,,3005,4,NCBI783;NCBI785;TENX95;TENX99,NCBI783;NCBI785;TENX95;TENX99,True,True,True,,ok,task,True
uni_v1,IDC,audited,random,3,4,0,spot,32531,6507,6507,4,32531,26024,3005,3005,0,,3005,4,NCBI783;NCBI785;TENX95;TENX99,NCBI783;NCBI785;TENX95;TENX99,True,True,True,,ok,task,True
uni_v1,IDC,audited,patient,0,-1,0,patient,3,1,3005,1,14775,11770,3005,3005,0,,20761,1,TENX99,NCBI783,False,False,False,,ok,task,True
uni_v1,IDC,audited,patient,0,-1,1,patient,3,1,3005,1,14775,11770,3005,3005,0,,20761,1,TENX99,NCBI783,False,False,False,,ok,task,True
uni_v1,IDC,audited,patient,0,-1,2,patient,3,1,7760,1,14775,7015,3005,3005,0,,20761,1,TENX99,TENX95,True,True,True,,ok,task,True
uni_v1,IDC,audited,patient,1,-1,0,patient,3,1,3005,1,27776,24771,3005,3005,0,,7760,1,TENX95,NCBI783,False,False,False,,ok,task,True
uni_v1,IDC,audited,patient,1,-1,1,patient,3,1,3005,1,27776,24771,3005,3005,0,,7760,1,TENX95,NCBI783,False,False,False,,ok,task,True
uni_v1,IDC,audited,patient,1,-1,2,patient,3,1,4010,1,27776,23766,3005,3005,0,,7760,1,TENX95,NCBI785,False,False,False,,ok,task,True
uni_v1,IDC,audited,patient,2,-1,0,patient,3,1,7760,1,31526,23766,3005,3005,0,,4010,1,NCBI785,TENX95,False,False,False,,ok,task,True
uni_v1,IDC,audited,patient,2,-1,1,patient,3,1,3005,1,31526,28521,3005,3005,0,,4010,1,NCBI785,NCBI783,False,False,False,,ok,task,True
uni_v1,IDC,audited,patient,2,-1,2,patient,3,1,3005,1,31526,28521,3005,3005,0,,4010,1,NCBI785,NCBI783,False,False,False,,ok,task,True
uni_v1,IDC,audited,patient,3,-1,0,patient,3,1,4010,1,32531,28521,3005,3005,0,,3005,1,NCBI783,NCBI785,False,False,False,,ok,task,True
uni_v1,IDC,audited,patient,3,-1,1,patient,3,1,20761,1,32531,11770,3005,3005,0,,3005,1,NCBI783,TENX99,False,False,False,,ok,task,True
uni_v1,IDC,audited,patient,3,-1,2,patient,3,1,7760,1,32531,24771,3005,3005,0,,3005,1,NCBI783,TENX95,False,False,False,,ok,task,True
uni_v1,IDC,audited,donor,IDC_JanesickSample1,-1,0,donor,2,1,4010,1,7015,3005,3005,3005,0,,28521,2,TENX95;TENX99,NCBI785,False,False,False,,ok,task,True
uni_v1,IDC,audited,donor,NCBI783,-1,0,donor,2,1,28521,2,32531,4010,3005,3005,0,,3005,1,NCBI783,TENX95;TENX99,False,False,False,,ok,task,True
uni_v1,IDC,audited,donor,NCBI785,-1,0,donor,2,1,3005,1,31526,28521,3005,3005,0,,4010,1,NCBI785,NCBI783,False,False,False,,ok,task,True
uni_v1,LUNG,shipped,random,0,0,0,spot,1944,389,389,2,1944,1555,1027,1027,0,,3262,2,TENX118;TENX141,TENX118;TENX141,True,True,True,,ok,task,False
uni_v1,LUNG,shipped,random,0,1,0,spot,1944,389,389,2,1944,1555,1027,1027,0,,3262,2,TENX118;TENX141,TENX118;TENX141,True,True,True,,ok,task,False
uni_v1,LUNG,shipped,random,0,2,0,spot,1944,389,389,2,1944,1555,1027,1027,0,,3262,2,TENX118;TENX141,TENX118;TENX141,True,True,True,,ok,task,False
uni_v1,LUNG,shipped,random,0,3,0,spot,1944,389,389,2,1944,1555,1027,1027,0,,3262,2,TENX118;TENX141,TENX118;TENX141,True,True,True,,ok,task,False
uni_v1,LUNG,shipped,random,0,4,0,spot,1944,389,389,2,1944,1555,1027,1027,0,,3262,2,TENX118;TENX141,TENX118;TENX141,True,True,True,,ok,task,False
uni_v1,LUNG,shipped,random,1,0,0,spot,3262,653,653,2,3262,2609,1027,1027,0,,1944,2,TENX118;TENX141,TENX118;TENX141,True,True,True,,ok,task,False
uni_v1,LUNG,shipped,random,1,1,0,spot,3262,653,653,2,3262,2609,1027,1027,0,,1944,2,TENX118;TENX141,TENX118;TENX141,True,True,True,,ok,task,False
uni_v1,LUNG,shipped,random,1,2,0,spot,3262,653,653,2,3262,2609,1027,1027,0,,1944,2,TENX118;TENX141,TENX118;TENX141,True,True,True,,ok,task,False
uni_v1,LUNG,shipped,random,1,3,0,spot,3262,653,653,2,3262,2609,1027,1027,0,,1944,2,TENX118;TENX141,TENX118;TENX141,True,True,True,,ok,task,False
uni_v1,LUNG,shipped,random,1,4,0,spot,3262,653,653,2,3262,2609,1027,1027,0,,1944,2,TENX118;TENX141,TENX118;TENX141,True,True,True,,ok,task,False
uni_v1,LUNG,shipped,patient,0,-1,0,block,31,8,478,1,1944,1027,1027,1027,439,31.0,3262,1,TENX141,TENX118,False,True,True,,ok,task,False
uni_v1,LUNG,shipped,patient,0,-1,1,block,31,7,390,1,1944,1227,1027,1027,327,31.0,3262,1,TENX141,TENX118,False,True,True,,ok,task,False
uni_v1,LUNG,shipped,patient,0,-1,2,block,31,7,423,1,1944,1098,1027,1027,423,31.0,3262,1,TENX141,TENX118,False,True,True,,ok,task,False
uni_v1,LUNG,shipped,patient,1,-1,0,block,36,8,684,1,3262,2115,1027,1027,463,36.0,1944,1,TENX118,TENX141,False,True,True,,ok,task,False
uni_v1,LUNG,shipped,patient,1,-1,1,block,36,8,703,1,3262,2140,1027,1027,419,36.0,1944,1,TENX118,TENX141,False,True,True,,ok,task,False
uni_v1,LUNG,shipped,patient,1,-1,2,block,36,8,748,1,3262,1992,1027,1027,522,36.0,1944,1,TENX118,TENX141,False,True,True,,ok,task,False
uni_v1,LUNG,shipped,donor,LUNG_hest_patient_1,-1,0,block,31,7,453,1,1944,1126,1027,1027,365,31.0,3262,1,TENX141,TENX118,False,True,True,,ok,task,False
uni_v1,LUNG,shipped,donor,LUNG_hest_patient_1,-1,1,block,31,6,428,1,1944,1199,1027,1027,317,31.0,3262,1,TENX141,TENX118,False,True,True,,ok,task,False
uni_v1,LUNG,shipped,donor,LUNG_hest_patient_1,-1,2,block,31,7,430,1,1944,1154,1027,1027,360,31.0,3262,1,TENX141,TENX118,False,True,True,,ok,task,False
uni_v1,LUNG,shipped,donor,LUNG_hest_patient_2,-1,0,block,36,8,682,1,3262,2034,1027,1027,546,36.0,1944,1,TENX118,TENX141,False,True,True,,ok,task,False
uni_v1,LUNG,shipped,donor,LUNG_hest_patient_2,-1,1,block,36,8,731,1,3262,2092,1027,1027,439,36.0,1944,1,TENX118,TENX141,False,True,True,,ok,task,False
uni_v1,LUNG,shipped,donor,LUNG_hest_patient_2,-1,2,block,36,7,674,1,3262,2177,1027,1027,411,36.0,1944,1,TENX118,TENX141,False,True,True,,ok,task,False
uni_v1,LYMPH_IDC,shipped,random,0,0,0,spot,14972,2995,2995,4,14972,11977,9980,9980,0,,4992,4,NCBI681;NCBI682;NCBI683;NCBI684,NCBI681;NCBI682;NCBI683;NCBI684,True,True,True,,ok,task,False
uni_v1,LYMPH_IDC,shipped,random,0,1,0,spot,14972,2995,2995,4,14972,11977,9980,9980,0,,4992,4,NCBI681;NCBI682;NCBI683;NCBI684,NCBI681;NCBI682;NCBI683;NCBI684,True,True,True,,ok,task,False
uni_v1,LYMPH_IDC,shipped,random,0,2,0,spot,14972,2995,2995,4,14972,11977,9980,9980,0,,4992,4,NCBI681;NCBI682;NCBI683;NCBI684,NCBI681;NCBI682;NCBI683;NCBI684,True,True,True,,ok,task,False
uni_v1,LYMPH_IDC,shipped,random,0,3,0,spot,14972,2995,2995,4,14972,11977,9980,9980,0,,4992,4,NCBI681;NCBI682;NCBI683;NCBI684,NCBI681;NCBI682;NCBI683;NCBI684,True,True,True,,ok,task,False
uni_v1,LYMPH_IDC,shipped,random,0,4,0,spot,14972,2995,2995,4,14972,11977,9980,9980,0,,4992,4,NCBI681;NCBI682;NCBI683;NCBI684,NCBI681;NCBI682;NCBI683;NCBI684,True,True,True,,ok,task,False
uni_v1,LYMPH_IDC,shipped,random,1,0,0,spot,14972,2995,2995,4,14972,11977,9980,9980,0,,4992,4,NCBI681;NCBI682;NCBI683;NCBI684,NCBI681;NCBI682;NCBI683;NCBI684,True,True,True,,ok,task,False
uni_v1,LYMPH_IDC,shipped,random,1,1,0,spot,14972,2995,2995,4,14972,11977,9980,9980,0,,4992,4,NCBI681;NCBI682;NCBI683;NCBI684,NCBI681;NCBI682;NCBI683;NCBI684,True,True,True,,ok,task,False
uni_v1,LYMPH_IDC,shipped,random,1,2,0,spot,14972,2995,2995,4,14972,11977,9980,9980,0,,4992,4,NCBI681;NCBI682;NCBI683;NCBI684,NCBI681;NCBI682;NCBI683;NCBI684,True,True,True,,ok,task,False
uni_v1,LYMPH_IDC,shipped,random,1,3,0,spot,14972,2995,2995,4,14972,11977,9980,9980,0,,4992,4,NCBI681;NCBI682;NCBI683;NCBI684,NCBI681;NCBI682;NCBI683;NCBI684,True,True,True,,ok,task,False
uni_v1,LYMPH_IDC,shipped,random,1,4,0,spot,14972,2995,2995,4,14972,11977,9980,9980,0,,4992,4,NCBI681;NCBI682;NCBI683;NCBI684,NCBI681;NCBI682;NCBI683;NCBI684,True,True,True,,ok,task,False
uni_v1,LYMPH_IDC,shipped,random,2,0,0,spot,14976,2996,2996,4,14976,11980,9980,9980,0,,4988,4,NCBI681;NCBI682;NCBI683;NCBI684,NCBI681;NCBI682;NCBI683;NCBI684,True,True,True,,ok,task,False
uni_v1,LYMPH_IDC,shipped,random,2,1,0,spot,14976,2996,2996,4,14976,11980,9980,9980,0,,4988,4,NCBI681;NCBI682;NCBI683;NCBI684,NCBI681;NCBI682;NCBI683;NCBI684,True,True,True,,ok,task,False
uni_v1,LYMPH_IDC,shipped,random,2,2,0,spot,14976,2996,2996,4,14976,11980,9980,9980,0,,4988,4,NCBI681;NCBI682;NCBI683;NCBI684,NCBI681;NCBI682;NCBI683;NCBI684,True,True,True,,ok,task,False
uni_v1,LYMPH_IDC,shipped,random,2,3,0,spot,14976,2996,2996,4,14976,11980,9980,9980,0,,4988,4,NCBI681;NCBI682;NCBI683;NCBI684,NCBI681;NCBI682;NCBI683;NCBI684,True,True,True,,ok,task,False
uni_v1,LYMPH_IDC,shipped,random,2,4,0,spot,14976,2996,2996,4,14976,11980,9980,9980,0,,4988,4,NCBI681;NCBI682;NCBI683;NCBI684,NCBI681;NCBI682;NCBI683;NCBI684,True,True,True,,ok,task,False
uni_v1,LYMPH_IDC,shipped,random,3,0,0,spot,14972,2995,2995,4,14972,11977,9980,9980,0,,4992,4,NCBI681;NCBI682;NCBI683;NCBI684,NCBI681;NCBI682;NCBI683;NCBI684,True,True,True,,ok,task,False
uni_v1,LYMPH_IDC,shipped,random,3,1,0,spot,14972,2995,2995,4,14972,11977,9980,9980,0,,4992,4,NCBI681;NCBI682;NCBI683;NCBI684,NCBI681;NCBI682;NCBI683;NCBI684,True,True,True,,ok,task,False
uni_v1,LYMPH_IDC,shipped,random,3,2,0,spot,14972,2995,2995,4,14972,11977,9980,9980,0,,4992,4,NCBI681;NCBI682;NCBI683;NCBI684,NCBI681;NCBI682;NCBI683;NCBI684,True,True,True,,ok,task,False
uni_v1,LYMPH_IDC,shipped,random,3,3,0,spot,14972,2995,2995,4,14972,11977,9980,9980,0,,4992,4,NCBI681;NCBI682;NCBI683;NCBI684,NCBI681;NCBI682;NCBI683;NCBI684,True,True,True,,ok,task,False
uni_v1,LYMPH_IDC,shipped,random,3,4,0,spot,14972,2995,2995,4,14972,11977,9980,9980,0,,4992,4,NCBI681;NCBI682;NCBI683;NCBI684,NCBI681;NCBI682;NCBI683;NCBI684,True,True,True,,ok,task,False
uni_v1,LYMPH_IDC,shipped,patient,0,-1,0,patient,3,1,4992,1,14972,9980,9980,9980,0,,4992,1,NCBI684,NCBI683,False,True,True,,ok,task,False
uni_v1,LYMPH_IDC,shipped,patient,0,-1,1,patient,3,1,4992,1,14972,9980,9980,9980,0,,4992,1,NCBI684,NCBI681,False,True,True,,ok,task,False
uni_v1,LYMPH_IDC,shipped,patient,0,-1,2,patient,3,1,4992,1,14972,9980,9980,9980,0,,4992,1,NCBI684,NCBI683,False,True,True,,ok,task,False
uni_v1,LYMPH_IDC,shipped,patient,1,-1,0,patient,3,1,4988,1,14972,9984,9980,9980,0,,4992,1,NCBI683,NCBI682,False,True,True,,ok,task,False
uni_v1,LYMPH_IDC,shipped,patient,1,-1,1,patient,3,1,4992,1,14972,9980,9980,9980,0,,4992,1,NCBI683,NCBI681,False,True,True,,ok,task,False
uni_v1,LYMPH_IDC,shipped,patient,1,-1,2,patient,3,1,4992,1,14972,9980,9980,9980,0,,4992,1,NCBI683,NCBI684,False,True,True,,ok,task,False
uni_v1,LYMPH_IDC,shipped,patient,2,-1,0,patient,3,1,4992,1,14976,9984,9980,9980,0,,4988,1,NCBI682,NCBI681,False,True,True,,ok,task,False
uni_v1,LYMPH_IDC,shipped,patient,2,-1,1,patient,3,1,4992,1,14976,9984,9980,9980,0,,4988,1,NCBI682,NCBI681,False,True,True,,ok,task,False
uni_v1,LYMPH_IDC,shipped,patient,2,-1,2,patient,3,1,4992,1,14976,9984,9980,9980,0,,4988,1,NCBI682,NCBI684,False,True,True,,ok,task,False
uni_v1,LYMPH_IDC,shipped,patient,3,-1,0,patient,3,1,4992,1,14972,9980,9980,9980,0,,4992,1,NCBI681,NCBI683,False,True,True,,ok,task,False
uni_v1,LYMPH_IDC,shipped,patient,3,-1,1,patient,3,1,4992,1,14972,9980,9980,9980,0,,4992,1,NCBI681,NCBI683,False,True,True,,ok,task,False
uni_v1,LYMPH_IDC,shipped,patient,3,-1,2,patient,3,1,4992,1,14972,9980,9980,9980,0,,4992,1,NCBI681,NCBI683,False,True,True,,ok,task,False
uni_v1,LYMPH_IDC,shipped,donor,Patient_3,-1,0,donor,3,1,4992,1,14972,9980,9980,9980,0,,4992,1,NCBI684,NCBI681,False,True,True,,ok,task,False
uni_v1,LYMPH_IDC,shipped,donor,Patient_3,-1,1,donor,3,1,4992,1,14972,9980,9980,9980,0,,4992,1,NCBI684,NCBI683,False,True,True,,ok,task,False
uni_v1,LYMPH_IDC,shipped,donor,Patient_3,-1,2,donor,3,1,4988,1,14972,9984,9980,9980,0,,4992,1,NCBI684,NCBI682,False,True,True,,ok,task,False
uni_v1,LYMPH_IDC,shipped,donor,Patient_6,-1,0,donor,3,1,4988,1,14972,9984,9980,9980,0,,4992,1,NCBI683,NCBI682,False,True,True,,ok,task,False
uni_v1,LYMPH_IDC,shipped,donor,Patient_6,-1,1,donor,3,1,4988,1,14972,9984,9980,9980,0,,4992,1,NCBI683,NCBI682,False,True,True,,ok,task,False
uni_v1,LYMPH_IDC,shipped,donor,Patient_6,-1,2,donor,3,1,4992,1,14972,9980,9980,9980,0,,4992,1,NCBI683,NCBI684,False,True,True,,ok,task,False
uni_v1,LYMPH_IDC,shipped,donor,Patient_7,-1,0,donor,3,1,4992,1,14976,9984,9980,9980,0,,4988,1,NCBI682,NCBI684,False,True,True,,ok,task,False
uni_v1,LYMPH_IDC,shipped,donor,Patient_7,-1,1,donor,3,1,4992,1,14976,9984,9980,9980,0,,4988,1,NCBI682,NCBI681,False,True,True,,ok,task,False
uni_v1,LYMPH_IDC,shipped,donor,Patient_7,-1,2,donor,3,1,4992,1,14976,9984,9980,9980,0,,4988,1,NCBI682,NCBI683,False,True,True,,ok,task,False
uni_v1,LYMPH_IDC,shipped,donor,Patient_8,-1,0,donor,3,1,4992,1,14972,9980,9980,9980,0,,4992,1,NCBI681,NCBI683,False,True,True,,ok,task,False
uni_v1,LYMPH_IDC,shipped,donor,Patient_8,-1,1,donor,3,1,4988,1,14972,9984,9980,9980,0,,4992,1,NCBI681,NCBI682,False,True,True,,ok,task,False
uni_v1,LYMPH_IDC,shipped,donor,Patient_8,-1,2,donor,3,1,4992,1,14972,9980,9980,9980,0,,4992,1,NCBI681,NCBI683,False,True,True,,ok,task,False
uni_v1,PAAD,shipped,random,0,0,0,spot,5561,1113,1113,3,5561,4448,1951,1951,0,,2010,3,TENX116;TENX126;TENX140,TENX116;TENX126;TENX140,True,True,True,,ok,task,False
uni_v1,PAAD,shipped,random,0,1,0,spot,5561,1113,1113,3,5561,4448,1951,1951,0,,2010,3,TENX116;TENX126;TENX140,TENX116;TENX126;TENX140,True,True,True,,ok,task,False
uni_v1,PAAD,shipped,random,0,2,0,spot,5561,1113,1113,3,5561,4448,1951,1951,0,,2010,3,TENX116;TENX126;TENX140,TENX116;TENX126;TENX140,True,True,True,,ok,task,False
uni_v1,PAAD,shipped,random,0,3,0,spot,5561,1113,1113,3,5561,4448,1951,1951,0,,2010,3,TENX116;TENX126;TENX140,TENX116;TENX126;TENX140,True,True,True,,ok,task,False
uni_v1,PAAD,shipped,random,0,4,0,spot,5561,1113,1113,3,5561,4448,1951,1951,0,,2010,3,TENX116;TENX126;TENX140,TENX116;TENX126;TENX140,True,True,True,,ok,task,False
uni_v1,PAAD,shipped,random,1,0,0,spot,3961,793,793,3,3961,3168,1951,1951,0,,3610,3,TENX116;TENX126;TENX140,TENX116;TENX126;TENX140,True,True,True,,ok,task,False
uni_v1,PAAD,shipped,random,1,1,0,spot,3961,793,793,3,3961,3168,1951,1951,0,,3610,3,TENX116;TENX126;TENX140,TENX116;TENX126;TENX140,True,True,True,,ok,task,False
uni_v1,PAAD,shipped,random,1,2,0,spot,3961,793,793,3,3961,3168,1951,1951,0,,3610,3,TENX116;TENX126;TENX140,TENX116;TENX126;TENX140,True,True,True,,ok,task,False
uni_v1,PAAD,shipped,random,1,3,0,spot,3961,793,793,3,3961,3168,1951,1951,0,,3610,3,TENX116;TENX126;TENX140,TENX116;TENX126;TENX140,True,True,True,,ok,task,False
uni_v1,PAAD,shipped,random,1,4,0,spot,3961,793,793,3,3961,3168,1951,1951,0,,3610,3,TENX116;TENX126;TENX140,TENX116;TENX126;TENX140,True,True,True,,ok,task,False
uni_v1,PAAD,shipped,random,2,0,0,spot,5620,1124,1124,3,5620,4496,1951,1951,0,,1951,3,TENX116;TENX126;TENX140,TENX116;TENX126;TENX140,True,True,True,,ok,task,False
uni_v1,PAAD,shipped,random,2,1,0,spot,5620,1124,1124,3,5620,4496,1951,1951,0,,1951,3,TENX116;TENX126;TENX140,TENX116;TENX126;TENX140,True,True,True,,ok,task,False
uni_v1,PAAD,shipped,random,2,2,0,spot,5620,1124,1124,3,5620,4496,1951,1951,0,,1951,3,TENX116;TENX126;TENX140,TENX116;TENX126;TENX140,True,True,True,,ok,task,False
uni_v1,PAAD,shipped,random,2,3,0,spot,5620,1124,1124,3,5620,4496,1951,1951,0,,1951,3,TENX116;TENX126;TENX140,TENX116;TENX126;TENX140,True,True,True,,ok,task,False
uni_v1,PAAD,shipped,random,2,4,0,spot,5620,1124,1124,3,5620,4496,1951,1951,0,,1951,3,TENX116;TENX126;TENX140,TENX116;TENX126;TENX140,True,True,True,,ok,task,False
uni_v1,PAAD,shipped,patient,0,-1,0,patient,2,1,1951,1,5561,3610,1951,1951,0,,2010,1,TENX116,TENX126,False,False,False,,ok,task,False
uni_v1,PAAD,shipped,patient,1,-1,0,patient,2,1,2010,1,3961,1951,1951,1951,0,,3610,1,TENX140,TENX116,False,False,False,,ok,task,False
uni_v1,PAAD,shipped,patient,2,-1,0,patient,2,1,2010,1,5620,3610,1951,1951,0,,1951,1,TENX126,TENX116,False,False,False,,ok,task,False
uni_v1,PAAD,shipped,donor,TENX116,-1,0,donor,2,1,3610,1,5561,1951,1951,1951,0,,2010,1,TENX116,TENX140,False,False,False,,ok,task,False
uni_v1,PAAD,shipped,donor,TENX126,-1,0,donor,2,1,2010,1,5620,3610,1951,1951,0,,1951,1,TENX126,TENX116,False,False,False,,ok,task,False
uni_v1,PAAD,shipped,donor,TENX140,-1,0,donor,2,1,2010,1,3961,1951,1951,1951,0,,3610,1,TENX140,TENX116,False,False,False,,ok,task,False
uni_v1,PRAD,shipped,random,0,0,0,spot,36819,7364,7364,23,36819,29455,19299,19299,0,,25891,23,MEND139;MEND140;MEND141;MEND142;MEND143;MEND144;MEND145;MEND146;MEND147;MEND148;MEND149;MEND150;MEND151;MEND152;MEND153;MEND154;MEND156;MEND157;MEND158;MEND159;MEND160;MEND161;MEND162,MEND139;MEND140;MEND141;MEND142;MEND143;MEND144;MEND145;MEND146;MEND147;MEND148;MEND149;MEND150;MEND151;MEND152;MEND153;MEND154;MEND156;MEND157;MEND158;MEND159;MEND160;MEND161;MEND162,True,True,True,True,ok,task,False
uni_v1,PRAD,shipped,random,0,1,0,spot,36819,7364,7364,23,36819,29455,19299,19299,0,,25891,23,MEND139;MEND140;MEND141;MEND142;MEND143;MEND144;MEND145;MEND146;MEND147;MEND148;MEND149;MEND150;MEND151;MEND152;MEND153;MEND154;MEND156;MEND157;MEND158;MEND159;MEND160;MEND161;MEND162,MEND139;MEND140;MEND141;MEND142;MEND143;MEND144;MEND145;MEND146;MEND147;MEND148;MEND149;MEND150;MEND151;MEND152;MEND153;MEND154;MEND156;MEND157;MEND158;MEND159;MEND160;MEND161;MEND162,True,True,True,True,ok,task,False
uni_v1,PRAD,shipped,random,0,2,0,spot,36819,7364,7364,23,36819,29455,19299,19299,0,,25891,23,MEND139;MEND140;MEND141;MEND142;MEND143;MEND144;MEND145;MEND146;MEND147;MEND148;MEND149;MEND150;MEND151;MEND152;MEND153;MEND154;MEND156;MEND157;MEND158;MEND159;MEND160;MEND161;MEND162,MEND139;MEND140;MEND141;MEND142;MEND143;MEND144;MEND145;MEND146;MEND147;MEND148;MEND149;MEND150;MEND151;MEND152;MEND153;MEND154;MEND156;MEND157;MEND158;MEND159;MEND160;MEND161;MEND162,True,True,True,True,ok,task,False
uni_v1,PRAD,shipped,random,0,3,0,spot,36819,7364,7364,23,36819,29455,19299,19299,0,,25891,23,MEND139;MEND140;MEND141;MEND142;MEND143;MEND144;MEND145;MEND146;MEND147;MEND148;MEND149;MEND150;MEND151;MEND152;MEND153;MEND154;MEND156;MEND157;MEND158;MEND159;MEND160;MEND161;MEND162,MEND139;MEND140;MEND141;MEND142;MEND143;MEND144;MEND145;MEND146;MEND147;MEND148;MEND149;MEND150;MEND151;MEND152;MEND153;MEND154;MEND156;MEND157;MEND158;MEND159;MEND160;MEND161;MEND162,True,True,True,True,ok,task,False
uni_v1,PRAD,shipped,random,0,4,0,spot,36819,7364,7364,23,36819,29455,19299,19299,0,,25891,23,MEND139;MEND140;MEND141;MEND142;MEND143;MEND144;MEND145;MEND146;MEND147;MEND148;MEND149;MEND150;MEND151;MEND152;MEND153;MEND154;MEND156;MEND157;MEND158;MEND159;MEND160;MEND161;MEND162,MEND139;MEND140;MEND141;MEND142;MEND143;MEND144;MEND145;MEND146;MEND147;MEND148;MEND149;MEND150;MEND151;MEND152;MEND153;MEND154;MEND156;MEND157;MEND158;MEND159;MEND160;MEND161;MEND162,True,True,True,True,ok,task,False
uni_v1,PRAD,shipped,random,1,0,0,spot,25891,5179,5179,23,25891,20712,19299,19299,0,,36819,23,MEND139;MEND140;MEND141;MEND142;MEND143;MEND144;MEND145;MEND146;MEND147;MEND148;MEND149;MEND150;MEND151;MEND152;MEND153;MEND154;MEND156;MEND157;MEND158;MEND159;MEND160;MEND161;MEND162,MEND139;MEND140;MEND141;MEND142;MEND143;MEND144;MEND145;MEND146;MEND147;MEND148;MEND149;MEND150;MEND151;MEND152;MEND153;MEND154;MEND156;MEND157;MEND158;MEND159;MEND160;MEND161;MEND162,True,True,True,True,ok,task,False
uni_v1,PRAD,shipped,random,1,1,0,spot,25891,5179,5179,23,25891,20712,19299,19299,0,,36819,23,MEND139;MEND140;MEND141;MEND142;MEND143;MEND144;MEND145;MEND146;MEND147;MEND148;MEND149;MEND150;MEND151;MEND152;MEND153;MEND154;MEND156;MEND157;MEND158;MEND159;MEND160;MEND161;MEND162,MEND139;MEND140;MEND141;MEND142;MEND143;MEND144;MEND145;MEND146;MEND147;MEND148;MEND149;MEND150;MEND151;MEND152;MEND153;MEND154;MEND156;MEND157;MEND158;MEND159;MEND160;MEND161;MEND162,True,True,True,True,ok,task,False
uni_v1,PRAD,shipped,random,1,2,0,spot,25891,5179,5179,23,25891,20712,19299,19299,0,,36819,23,MEND139;MEND140;MEND141;MEND142;MEND143;MEND144;MEND145;MEND146;MEND147;MEND148;MEND149;MEND150;MEND151;MEND152;MEND153;MEND154;MEND156;MEND157;MEND158;MEND159;MEND160;MEND161;MEND162,MEND139;MEND140;MEND141;MEND142;MEND143;MEND144;MEND145;MEND146;MEND147;MEND148;MEND149;MEND150;MEND151;MEND152;MEND153;MEND154;MEND156;MEND157;MEND158;MEND159;MEND160;MEND161;MEND162,True,True,True,True,ok,task,False
uni_v1,PRAD,shipped,random,1,3,0,spot,25891,5179,5179,23,25891,20712,19299,19299,0,,36819,23,MEND139;MEND140;MEND141;MEND142;MEND143;MEND144;MEND145;MEND146;MEND147;MEND148;MEND149;MEND150;MEND151;MEND152;MEND153;MEND154;MEND156;MEND157;MEND158;MEND159;MEND160;MEND161;MEND162,MEND139;MEND140;MEND141;MEND142;MEND143;MEND144;MEND145;MEND146;MEND147;MEND148;MEND149;MEND150;MEND151;MEND152;MEND153;MEND154;MEND156;MEND157;MEND158;MEND159;MEND160;MEND161;MEND162,True,True,True,True,ok,task,False
uni_v1,PRAD,shipped,random,1,4,0,spot,25891,5179,5179,23,25891,20712,19299,19299,0,,36819,23,MEND139;MEND140;MEND141;MEND142;MEND143;MEND144;MEND145;MEND146;MEND147;MEND148;MEND149;MEND150;MEND151;MEND152;MEND153;MEND154;MEND156;MEND157;MEND158;MEND159;MEND160;MEND161;MEND162,MEND139;MEND140;MEND141;MEND142;MEND143;MEND144;MEND145;MEND146;MEND147;MEND148;MEND149;MEND150;MEND151;MEND152;MEND153;MEND154;MEND156;MEND157;MEND158;MEND159;MEND160;MEND161;MEND162,True,True,True,True,ok,task,False
uni_v1,PRAD,shipped,patient,0,-1,0,slide,15,4,7216,4,36819,29603,19299,19299,0,,25891,8,MEND154;MEND156;MEND157;MEND158;MEND159;MEND160;MEND161;MEND162,MEND141;MEND149;MEND150;MEND153,False,False,False,,ok,task,False
uni_v1,PRAD,shipped,patient,0,-1,1,slide,15,4,11236,4,36819,25583,19299,19299,0,,25891,8,MEND154;MEND156;MEND157;MEND158;MEND159;MEND160;MEND161;MEND162,MEND139;MEND143;MEND149;MEND153,False,False,False,,ok,task,False
uni_v1,PRAD,shipped,patient,0,-1,2,slide,15,4,7471,4,36819,29348,19299,19299,0,,25891,8,MEND154;MEND156;MEND157;MEND158;MEND159;MEND160;MEND161;MEND162,MEND145;MEND148;MEND151;MEND153,False,False,False,,ok,task,False
uni_v1,PRAD,shipped,patient,1,-1,0,slide,8,2,6290,2,25891,19601,19299,19299,0,,36819,15,MEND139;MEND140;MEND141;MEND142;MEND143;MEND144;MEND145;MEND146;MEND147;MEND148;MEND149;MEND150;MEND151;MEND152;MEND153,MEND154;MEND156,False,False,False,False,ok,task,False
uni_v1,PRAD,shipped,patient,1,-1,1,slide,8,2,5384,2,25891,20507,19299,19299,0,,36819,15,MEND139;MEND140;MEND141;MEND142;MEND143;MEND144;MEND145;MEND146;MEND147;MEND148;MEND149;MEND150;MEND151;MEND152;MEND153,MEND161;MEND162,False,False,False,False,ok,task,False
uni_v1,PRAD,shipped,patient,1,-1,2,slide,8,2,5828,2,25891,20063,19299,19299,0,,36819,15,MEND139;MEND140;MEND141;MEND142;MEND143;MEND144;MEND145;MEND146;MEND147;MEND148;MEND149;MEND150;MEND151;MEND152;MEND153,MEND154;MEND158,False,False,False,False,ok,task,False
uni_v1,PRAD,shipped,donor,PRAD_patient1,-1,0,slide,15,4,12280,4,36819,24539,19299,19299,0,,25891,8,MEND154;MEND156;MEND157;MEND158;MEND159;MEND160;MEND161;MEND162,MEND139;MEND143;MEND148;MEND152,False,False,False,,ok,task,False
uni_v1,PRAD,shipped,donor,PRAD_patient1,-1,1,slide,15,4,10917,4,36819,25902,19299,19299,0,,25891,8,MEND154;MEND156;MEND157;MEND158;MEND159;MEND160;MEND161;MEND162,MEND139;MEND147;MEND150;MEND152,False,False,False,,ok,task,False
uni_v1,PRAD,shipped,donor,PRAD_patient1,-1,2,slide,15,4,9866,4,36819,26953,19299,19299,0,,25891,8,MEND154;MEND156;MEND157;MEND158;MEND159;MEND160;MEND161;MEND162,MEND143;MEND146;MEND147;MEND150,False,False,False,,ok,task,False
uni_v1,PRAD,shipped,donor,PRAD_patient2,-1,0,slide,8,2,6163,2,25891,19728,19299,19299,0,,36819,15,MEND139;MEND140;MEND141;MEND142;MEND143;MEND144;MEND145;MEND146;MEND147;MEND148;MEND149;MEND150;MEND151;MEND152;MEND153,MEND156;MEND162,False,False,False,False,ok,task,False
uni_v1,PRAD,shipped,donor,PRAD_patient2,-1,1,slide,8,2,5799,2,25891,20092,19299,19299,0,,36819,15,MEND139;MEND140;MEND141;MEND142;MEND143;MEND144;MEND145;MEND146;MEND147;MEND148;MEND149;MEND150;MEND151;MEND152;MEND153,MEND157;MEND162,False,False,False,False,ok,task,False
uni_v1,PRAD,shipped,donor,PRAD_patient2,-1,2,slide,8,2,6592,2,25891,19299,19299,19299,0,,36819,15,MEND139;MEND140;MEND141;MEND142;MEND143;MEND144;MEND145;MEND146;MEND147;MEND148;MEND149;MEND150;MEND151;MEND152;MEND153,MEND154;MEND159,False,False,False,False,ok,task,False
uni_v1,READ,shipped,random,0,0,0,spot,3819,764,764,4,3819,3055,2128,2128,0,,4588,4,ZEN36;ZEN40;ZEN48;ZEN49,ZEN36;ZEN40;ZEN48;ZEN49,True,True,True,,ok,task,False
uni_v1,READ,shipped,random,0,1,0,spot,3819,764,764,4,3819,3055,2128,2128,0,,4588,4,ZEN36;ZEN40;ZEN48;ZEN49,ZEN36;ZEN40;ZEN48;ZEN49,True,True,True,,ok,task,False
uni_v1,READ,shipped,random,0,2,0,spot,3819,764,764,4,3819,3055,2128,2128,0,,4588,4,ZEN36;ZEN40;ZEN48;ZEN49,ZEN36;ZEN40;ZEN48;ZEN49,True,True,True,,ok,task,False
uni_v1,READ,shipped,random,0,3,0,spot,3819,764,764,4,3819,3055,2128,2128,0,,4588,4,ZEN36;ZEN40;ZEN48;ZEN49,ZEN36;ZEN40;ZEN48;ZEN49,True,True,True,,ok,task,False
uni_v1,READ,shipped,random,0,4,0,spot,3819,764,764,4,3819,3055,2128,2128,0,,4588,4,ZEN36;ZEN40;ZEN48;ZEN49,ZEN36;ZEN40;ZEN48;ZEN49,True,True,True,,ok,task,False
uni_v1,READ,shipped,random,1,0,0,spot,4588,918,918,4,4588,3670,2128,2128,0,,3819,4,ZEN36;ZEN40;ZEN48;ZEN49,ZEN36;ZEN40;ZEN48;ZEN49,True,True,True,,ok,task,False
uni_v1,READ,shipped,random,1,1,0,spot,4588,918,918,4,4588,3670,2128,2128,0,,3819,4,ZEN36;ZEN40;ZEN48;ZEN49,ZEN36;ZEN40;ZEN48;ZEN49,True,True,True,,ok,task,False
uni_v1,READ,shipped,random,1,2,0,spot,4588,918,918,4,4588,3670,2128,2128,0,,3819,4,ZEN36;ZEN40;ZEN48;ZEN49,ZEN36;ZEN40;ZEN48;ZEN49,True,True,True,,ok,task,False
uni_v1,READ,shipped,random,1,3,0,spot,4588,918,918,4,4588,3670,2128,2128,0,,3819,4,ZEN36;ZEN40;ZEN48;ZEN49,ZEN36;ZEN40;ZEN48;ZEN49,True,True,True,,ok,task,False
uni_v1,READ,shipped,random,1,4,0,spot,4588,918,918,4,4588,3670,2128,2128,0,,3819,4,ZEN36;ZEN40;ZEN48;ZEN49,ZEN36;ZEN40;ZEN48;ZEN49,True,True,True,,ok,task,False
uni_v1,READ,shipped,patient,0,-1,0,slide,2,1,1691,1,3819,2128,2128,2128,0,,4588,2,ZEN48;ZEN49,ZEN36,False,True,True,,ok,task,False
uni_v1,READ,shipped,patient,1,-1,0,slide,2,1,2385,1,4588,2203,2128,2128,0,,3819,2,ZEN36;ZEN40,ZEN48,False,True,True,,ok,task,False
uni_v1,READ,shipped,donor,READ_specimen1,-1,0,slide,2,1,1691,1,3819,2128,2128,2128,0,,4588,2,ZEN48;ZEN49,ZEN36,False,True,True,,ok,task,False
uni_v1,READ,shipped,donor,READ_specimen7,-1,0,slide,2,1,2385,1,4588,2203,2128,2128,0,,3819,2,ZEN36;ZEN40,ZEN48,False,True,True,,ok,task,False
uni_v1,SKCM,shipped,random,0,0,0,spot,1741,349,349,2,1741,1392,693,693,0,,1293,2,TENX115;TENX117,TENX115;TENX117,True,True,True,,ok,task,False
uni_v1,SKCM,shipped,random,0,1,0,spot,1741,349,349,2,1741,1392,693,693,0,,1293,2,TENX115;TENX117,TENX115;TENX117,True,True,True,,ok,task,False
uni_v1,SKCM,shipped,random,0,2,0,spot,1741,349,349,2,1741,1392,693,693,0,,1293,2,TENX115;TENX117,TENX115;TENX117,True,True,True,,ok,task,False
uni_v1,SKCM,shipped,random,0,3,0,spot,1741,349,349,2,1741,1392,693,693,0,,1293,2,TENX115;TENX117,TENX115;TENX117,True,True,True,,ok,task,False
uni_v1,SKCM,shipped,random,0,4,0,spot,1741,349,349,2,1741,1392,693,693,0,,1293,2,TENX115;TENX117,TENX115;TENX117,True,True,True,,ok,task,False
uni_v1,SKCM,shipped,random,1,0,0,spot,1293,259,259,2,1293,1034,693,693,0,,1741,2,TENX115;TENX117,TENX115;TENX117,True,True,True,,ok,task,False
uni_v1,SKCM,shipped,random,1,1,0,spot,1293,259,259,2,1293,1034,693,693,0,,1741,2,TENX115;TENX117,TENX115;TENX117,True,True,True,,ok,task,False
uni_v1,SKCM,shipped,random,1,2,0,spot,1293,259,259,2,1293,1034,693,693,0,,1741,2,TENX115;TENX117,TENX115;TENX117,True,True,True,,ok,task,False
uni_v1,SKCM,shipped,random,1,3,0,spot,1293,259,259,2,1293,1034,693,693,0,,1741,2,TENX115;TENX117,TENX115;TENX117,True,True,True,,ok,task,False
uni_v1,SKCM,shipped,random,1,4,0,spot,1293,259,259,2,1293,1034,693,693,0,,1741,2,TENX115;TENX117,TENX115;TENX117,True,True,True,,ok,task,False
uni_v1,SKCM,shipped,patient,0,-1,0,block,27,8,351,1,1741,1059,693,693,331,27.0,1293,1,TENX117,TENX115,False,False,False,,ok,task,False
uni_v1,SKCM,shipped,patient,0,-1,1,block,27,5,364,1,1741,1146,693,693,231,27.0,1293,1,TENX117,TENX115,False,False,False,,ok,task,False
uni_v1,SKCM,shipped,patient,0,-1,2,block,27,6,378,1,1741,1108,693,693,255,27.0,1293,1,TENX117,TENX115,False,False,False,,ok,task,False
uni_v1,SKCM,shipped,patient,1,-1,0,block,33,7,306,1,1293,693,693,693,294,33.0,1741,1,TENX115,TENX117,False,False,False,,ok,task,False
uni_v1,SKCM,shipped,patient,1,-1,1,block,33,9,285,1,1293,742,693,693,266,33.0,1741,1,TENX115,TENX117,False,False,False,,ok,task,False
uni_v1,SKCM,shipped,patient,1,-1,2,block,33,6,262,1,1293,777,693,693,254,33.0,1741,1,TENX115,TENX117,False,False,False,,ok,task,False
uni_v1,SKCM,shipped,donor,SKCM_hest_patient_1,-1,0,block,27,5,413,1,1741,1110,693,693,218,27.0,1293,1,TENX117,TENX115,False,False,False,,ok,task,False
uni_v1,SKCM,shipped,donor,SKCM_hest_patient_1,-1,1,block,27,5,360,1,1741,1136,693,693,245,27.0,1293,1,TENX117,TENX115,False,False,False,,ok,task,False
uni_v1,SKCM,shipped,donor,SKCM_hest_patient_1,-1,2,block,27,6,429,1,1741,1017,693,693,295,27.0,1293,1,TENX117,TENX115,False,False,False,,ok,task,False
uni_v1,SKCM,shipped,donor,SKCM_hest_patient_2,-1,0,block,33,7,274,1,1293,743,693,693,276,33.0,1741,1,TENX115,TENX117,False,False,False,,ok,task,False
uni_v1,SKCM,shipped,donor,SKCM_hest_patient_2,-1,1,block,33,8,299,1,1293,779,693,693,215,33.0,1741,1,TENX115,TENX117,False,False,False,,ok,task,False
uni_v1,SKCM,shipped,donor,SKCM_hest_patient_2,-1,2,block,33,7,287,1,1293,728,693,693,278,33.0,1741,1,TENX115,TENX117,False,False,False,,ok,task,False
