encoder,task,label_set,design,fold,repeat,cal_draw,sigma_floor,frac_cal_at_floor,frac_test_at_floor,sigma_median_cal,sigma_median_test,sigma_min_raw_cal,score_p90_cal,score_p99_cal,superseded_label_set
gigapath,PRAD,shipped,slide_out,MEND139,-1,0,0.001,0.001146830040614029,9.069085089357161e-05,0.4176223784063087,0.49521995476612846,-0.1525484969253279,2.2261400378022103,5.4593870901476835,False
gigapath,PRAD,shipped,slide_out,MEND139,-1,1,0.001,0.00014220626812094437,4.267804747932782e-05,0.3899068789853656,0.5122338478499764,-0.061639542535502245,2.520934267174745,5.881591815098081,False
gigapath,PRAD,shipped,slide_out,MEND139,-1,2,0.001,0.00043536850834456305,3.734329154441184e-05,0.4423280269266814,0.5099264429813695,-0.1604115126585801,2.1726285969269217,4.846921391271494,False
gigapath,PRAD,shipped,slide_out,MEND140,-1,0,0.001,0.0006984330712872346,0.00037209302325581393,0.4390324763468646,0.39013408089719903,-0.1908874060418349,2.138677920485611,5.0498607020358115,False
gigapath,PRAD,shipped,slide_out,MEND140,-1,1,0.001,0.00036574682435392027,7.23514211886305e-05,0.39919911296635807,0.4075314190405024,-0.09935103915849042,2.238290220653353,5.435476191363702,False
gigapath,PRAD,shipped,slide_out,MEND140,-1,2,0.001,0.00036328206555779805,0.00036175710594315246,0.36828343874642167,0.3935375072927594,-0.32924236744319546,2.173164176315541,4.883614781662401,False
gigapath,PRAD,shipped,slide_out,MEND141,-1,0,0.001,0.0003302987861811391,0.001181716833890747,0.4330417702873147,0.33294226147406003,-0.12961533296364847,1.9938395051085969,4.230507355980306,False
gigapath,PRAD,shipped,slide_out,MEND141,-1,1,0.001,0.0010327132777421424,0.0003455964325529543,0.4281759912997052,0.3346652129747818,-0.15889806941877527,2.8326719546504617,6.554389032801425,False
gigapath,PRAD,shipped,slide_out,MEND141,-1,2,0.001,0.00029665524169719893,0.0004347826086956522,0.45882704461873536,0.3396314159511499,-0.15028381082986642,1.8170496654096069,3.9096541441021673,False
gigapath,PRAD,shipped,slide_out,MEND142,-1,0,0.001,0.0013221649484536082,2.002002002002002e-05,0.3968209092677569,0.42818007048748347,-0.17060676746085507,2.3754179156763184,5.4016493178909855,False
gigapath,PRAD,shipped,slide_out,MEND142,-1,1,0.001,0.0005474642392717815,0.0,0.4193783190651943,0.42745415184161056,-0.2016472628792535,1.9785927867711286,4.412985046025228,False
gigapath,PRAD,shipped,slide_out,MEND142,-1,2,0.001,0.00012747875354107648,6.67334000667334e-06,0.4714527616952723,0.43739106089717233,-0.11622426622278315,2.034239482440028,3.7905851478116204,False
gigapath,PRAD,shipped,slide_out,MEND143,-1,0,0.001,0.00033361389547784836,0.0004507337526205451,0.3968988433346931,0.3383319295309066,-0.20331318257575293,2.0696050726122635,4.609779649656476,False
gigapath,PRAD,shipped,slide_out,MEND143,-1,1,0.001,0.0004214489585231068,0.00027253668763102724,0.3953495545800837,0.351630782406657,-0.1786150100918572,2.0045675882945413,4.580752943521792,False
gigapath,PRAD,shipped,slide_out,MEND143,-1,2,0.001,0.0001295045045045045,0.00027253668763102724,0.4228803189078527,0.3402761351465636,-0.0750845739938798,2.386167689739522,5.285501371964782,False
gigapath,PRAD,shipped,slide_out,MEND144,-1,0,0.001,0.0004274116523400191,0.0001374570446735395,0.4392479885219248,0.3422704646344808,-0.12018018627864946,2.2212796398934596,4.836730240547209,False
gigapath,PRAD,shipped,slide_out,MEND144,-1,1,0.001,0.0009256049810642532,0.0005351006381934217,0.4037148797345853,0.3291535291490985,-0.1860739556840838,2.157023366813323,5.227383462947563,False
gigapath,PRAD,shipped,slide_out,MEND144,-1,2,0.001,8.202876783548033e-05,0.00044673539518900345,0.46972610884835964,0.3336917041695145,-0.13020174096872728,1.919299153602496,3.768361871166626,False
gigapath,PRAD,shipped,slide_out,MEND145,-1,0,0.001,0.00068718169428305,0.00029619181946403386,0.38227379912747317,0.32046817382041787,-0.1175411449864393,2.5418914106853587,5.508466071859277,False
gigapath,PRAD,shipped,slide_out,MEND145,-1,1,0.001,0.00012038949542637946,8.46262341325811e-05,0.41172039611654243,0.33494711644483655,-0.05031017418079997,2.472249586488763,5.1918342292926365,False
gigapath,PRAD,shipped,slide_out,MEND145,-1,2,0.001,0.00029185782986015143,0.0009026798307475317,0.43632887146391097,0.31295732584872726,-0.11275530286820928,1.9410092645358825,4.1979123252139825,False
gigapath,PRAD,shipped,slide_out,MEND146,-1,0,0.001,0.00024116378118258752,0.0002443991853360489,0.4340337730857585,0.30944850151805847,-0.220869861156459,2.168292724551345,5.008893670081424,False
gigapath,PRAD,shipped,slide_out,MEND146,-1,1,0.001,0.001331197009146138,0.0003360488798370672,0.36439867610385945,0.330047211529206,-0.1530647081212561,2.201732170656884,5.702805048736384,False
gigapath,PRAD,shipped,slide_out,MEND146,-1,2,0.001,0.00037053209406774374,0.0002443991853360489,0.42544367450295073,0.32062912336068616,-0.3128608031851624,1.9882349069513798,4.3321383120832255,False
gigapath,PRAD,shipped,slide_out,MEND147,-1,0,0.001,7.624032771961767e-05,0.00011134903640256959,0.4803134195480977,0.42904394447072036,-0.11693239129021671,2.0577462155825574,4.085918342762272,False
gigapath,PRAD,shipped,slide_out,MEND147,-1,1,0.001,0.0001389897313556685,0.00023126338329764454,0.46801988747898265,0.3995665908228133,-0.08190176310037639,2.400436694880324,4.927378906168276,False
gigapath,PRAD,shipped,slide_out,MEND147,-1,2,0.001,0.0013245832390435242,0.00015417558886509635,0.3964189986371024,0.433996194125102,-0.16746146719195937,2.3260514570467428,5.807002217950754,False
gigapath,PRAD,shipped,slide_out,MEND148,-1,0,0.001,0.0003218727139722019,0.003600734843845683,0.492619273531676,0.27009882086990256,-0.13907589312866375,2.1081823032432156,4.235254440902312,False
gigapath,PRAD,shipped,slide_out,MEND148,-1,1,0.001,0.0007065420560747664,0.0026209430496019594,0.3960372729522713,0.28922849451802346,-0.2043392162619344,2.0674870401412693,4.725799032487917,False
gigapath,PRAD,shipped,slide_out,MEND148,-1,2,0.001,0.00043238537434706905,0.0004654011022657685,0.44478392701784203,0.2933532241335165,-0.1374165355202457,2.2839224957515945,4.8920287650830465,False
gigapath,PRAD,shipped,slide_out,MEND149,-1,0,0.001,0.0012989588497768964,0.00010804970286331713,0.35187556208999693,0.3786393346465559,-0.16552537780092225,2.2752187191713658,5.695344581026186,False
gigapath,PRAD,shipped,slide_out,MEND149,-1,1,0.001,4.3626303468823156e-05,0.00014046461372231226,0.41615657624904556,0.374414315777061,-0.08455935844981077,2.094096201280324,5.0013279122610514,False
gigapath,PRAD,shipped,slide_out,MEND149,-1,2,0.001,0.0013095324130953242,0.0001728795245813074,0.39673059402501315,0.3824707589657282,-0.15474666847352125,2.5489374426219307,6.199491465074037,False
gigapath,PRAD,shipped,slide_out,MEND150,-1,0,0.001,0.00016091954022988506,7.99543118218161e-05,0.43946893647882324,0.4328308698783427,-0.08350187730338643,2.4594615254526055,5.270870389718086,False
gigapath,PRAD,shipped,slide_out,MEND150,-1,1,0.001,0.0005758611622403366,0.00010279840091376356,0.4778707863322309,0.4197245561388131,-0.14648848110960377,2.136893441474259,4.829274911349427,False
gigapath,PRAD,shipped,slide_out,MEND150,-1,2,0.001,0.0006628851073295518,6.853226727584238e-05,0.3858982708581805,0.4265221308652891,-0.2298552337105162,2.349258604992145,5.310352603915582,False
gigapath,PRAD,shipped,slide_out,MEND151,-1,0,0.001,0.0007792699073198411,0.0001076923076923077,0.40838904748450355,0.4356528255732015,-0.14804830122512502,2.130917121404041,4.912693115272307,False
gigapath,PRAD,shipped,slide_out,MEND151,-1,1,0.001,0.0001412398921832884,0.00046923076923076926,0.4898043495283763,0.40416405863580995,-0.08920030902022036,2.146612966208786,4.842594621460914,False
gigapath,PRAD,shipped,slide_out,MEND151,-1,2,0.001,0.0004671319225574066,0.00014615384615384615,0.44938301039962664,0.40815731007811035,-0.17031626219330642,2.371877040625343,5.144577406383997,False
gigapath,PRAD,shipped,slide_out,MEND152,-1,0,0.001,0.0007666143380429095,0.0005645684620376379,0.38266186891128123,0.4572195805008328,-0.19172191460288163,2.3512870857147483,5.345334516610479,False
gigapath,PRAD,shipped,slide_out,MEND152,-1,1,0.001,0.0004005019915970972,0.00036988968202465933,0.4151670798621869,0.4542782435743717,-0.10423255893380434,2.46714654275453,5.635396614832082,False
gigapath,PRAD,shipped,slide_out,MEND152,-1,2,0.001,0.0012100547141384505,0.000973393900064893,0.41782661152885103,0.4925470761854993,-0.14644602412614754,2.395503905814482,5.942494698036369,False
gigapath,PRAD,shipped,slide_out,MEND153,-1,0,0.001,0.0006015037593984962,5.4945054945054945e-05,0.42367935546499874,0.43771731477757525,-0.192082823824269,2.0114799453790706,4.52521675281897,False
gigapath,PRAD,shipped,slide_out,MEND153,-1,1,0.001,0.0004961103772200205,0.0002967032967032967,0.4362768929803369,0.43869090991927373,-0.13432614602917448,2.0278770815569667,4.622310292435773,False
gigapath,PRAD,shipped,slide_out,MEND153,-1,2,0.001,0.00029182219205972176,7.692307692307693e-05,0.4145530771963511,0.4310200087653597,-0.16824472920544675,2.2667750323505818,4.979107062567564,False
gigapath,PRAD,shipped,slide_out,MEND154,-1,0,0.001,0.00024551583767968454,0.00046783625730994154,0.39850671252557085,0.5295433805617399,-0.13259166216969848,2.0458286283625773,4.287177161571199,False
gigapath,PRAD,shipped,slide_out,MEND154,-1,1,0.001,0.0009680996803444452,0.0007529239766081872,0.3461901276841757,0.4930418114020446,-0.1398980103522668,2.2799517932102376,5.734448081903391,False
gigapath,PRAD,shipped,slide_out,MEND154,-1,2,0.001,0.0004757869249394673,0.0001388888888888889,0.4393760757539012,0.45160207138904995,-0.1506096003829409,2.5494141952609803,5.965719085153887,False
gigapath,PRAD,shipped,slide_out,MEND156,-1,0,0.001,0.0005860023724792408,1.1254924029262803e-05,0.40054477781733305,0.5312788435592417,-0.17416521200183094,2.17299407715713,4.985769926223179,False
gigapath,PRAD,shipped,slide_out,MEND156,-1,1,0.001,0.0001209652533481454,1.6882386043894204e-05,0.40035012142899157,0.5219915657564231,-0.09182189741236713,1.9800408108159433,4.24193197634325,False
gigapath,PRAD,shipped,slide_out,MEND156,-1,2,0.001,0.00010417859187178019,0.0,0.44360545715657734,0.48376103238636015,-0.09015140428600699,2.019174380903291,4.016989924817212,False
gigapath,PRAD,shipped,slide_out,MEND157,-1,0,0.001,0.00047879528927215393,0.0,0.40664602464907423,0.5281697633202529,-0.28416809600016935,1.9216153922225838,4.36764997547087,False
gigapath,PRAD,shipped,slide_out,MEND157,-1,1,0.001,0.00026069089508154615,3.134796238244514e-05,0.41429261097564146,0.44968750994569556,-0.11963653167150917,2.44254984353771,5.952195657233377,False
gigapath,PRAD,shipped,slide_out,MEND157,-1,2,0.001,0.0008194384181491353,0.0,0.3913114134069949,0.5373416828085456,-0.11681535325639997,2.380067243359113,5.337642695596983,False
gigapath,PRAD,shipped,slide_out,MEND158,-1,0,0.001,0.00022471910112359551,0.0019404915912031048,0.42132339894515763,0.4128628078605959,-0.242347691915902,2.2076514938600718,4.718561326618116,False
gigapath,PRAD,shipped,slide_out,MEND158,-1,1,0.001,0.00012885411872986654,0.0013454075032341526,0.4067146417033033,0.39919074396221144,-0.06937620310014636,2.298931255655457,5.376182991804946,False
gigapath,PRAD,shipped,slide_out,MEND158,-1,2,0.001,0.0002221277500265703,0.0014359637774902976,0.4469775489671213,0.4100841451253281,-0.12223498170473596,2.2560014890604396,4.442314126836788,False
gigapath,PRAD,shipped,slide_out,MEND159,-1,0,0.001,0.0001524743039956436,6.742738589211618e-05,0.3866304452931205,0.7084141026760672,-0.2008739593877531,1.9047547574330996,4.115395831474256,False
gigapath,PRAD,shipped,slide_out,MEND159,-1,1,0.001,0.00012828819489438901,4.149377593360996e-05,0.4173671336357563,0.6784984052530837,-0.1531619954661131,1.9226201999845427,3.979005194962305,False
gigapath,PRAD,shipped,slide_out,MEND159,-1,2,0.001,0.0005086456300881383,2.074688796680498e-05,0.3599434197190171,0.6832401325996665,-0.12122884464995898,2.7503815063590578,6.1811990721830234,False
gigapath,PRAD,shipped,slide_out,MEND160,-1,0,0.001,0.000641213249966742,0.000225545476832557,0.3876693219124734,0.5345507558582276,-0.34434661324396476,1.9847909207687962,4.7328422723892185,False
gigapath,PRAD,shipped,slide_out,MEND160,-1,1,0.001,0.00030084458418099994,3.9225300318705564e-05,0.5055080067764594,0.5542020738592894,-0.20973090179156095,2.0458549538830533,3.991760276208763,False
gigapath,PRAD,shipped,slide_out,MEND160,-1,2,0.001,0.0002103533278553821,0.00014219171365530768,0.41241551457643966,0.5458168287230638,-0.07579400789990831,2.093869252704504,4.129098009768128,False
gigapath,PRAD,shipped,slide_out,MEND161,-1,0,0.001,0.00046473661297344364,5.7657657657657655e-05,0.4206878582127076,0.4693808009857182,-0.12509687417860027,2.089789610607635,4.911578622000132,False
gigapath,PRAD,shipped,slide_out,MEND161,-1,1,0.001,0.00012914485165794066,0.0,0.41055054801987706,0.5056379208511055,-0.07663395838566989,2.161500642815324,5.589175244105705,False
gigapath,PRAD,shipped,slide_out,MEND161,-1,2,0.001,0.0002157484154071185,6.486486486486486e-05,0.3938206924448632,0.4488774992805265,-0.15618344187055566,1.8774326960507148,4.259169618162271,False
gigapath,PRAD,shipped,slide_out,MEND162,-1,0,0.001,0.0006011622470108877,0.001471828286699885,0.3880497987684846,0.29345241449604975,-0.21676357889237563,2.236797998703582,5.031963589771543,False
gigapath,PRAD,shipped,slide_out,MEND162,-1,1,0.001,0.0001720400975345435,0.0008049060942889997,0.42635252604812696,0.287464650063799,-0.23253130572360126,1.8314438585865662,3.897288271388555,False
gigapath,PRAD,shipped,slide_out,MEND162,-1,2,0.001,0.000233618867504728,0.0006899195093905711,0.4435762459818434,0.2964019247048602,-0.38651683711432483,2.15507855311151,4.49300516331364,False
gigapath,READ,shipped,slide_out,ZEN36,-1,0,0.001,0.015478892419428052,0.019976345357776464,0.25636079441827986,0.27897645731804677,-0.3610013215919402,2.918344599151008,111.37502630085116,False
gigapath,READ,shipped,slide_out,ZEN36,-1,1,0.001,0.011231203007518797,0.030183323477232408,0.30586055229596315,0.28544605129075523,-0.3618179595460694,3.6703447632129818,44.0969320726151,False
gigapath,READ,shipped,slide_out,ZEN36,-1,2,0.001,0.014843395369950068,0.01634535777646363,0.2607021357265398,0.28127920438596155,-0.29158219158814264,2.8477385126807224,113.72767487557152,False
gigapath,READ,shipped,slide_out,ZEN40,-1,0,0.001,0.010576486609169315,0.006033834586466166,0.26828856766165887,0.3539992616054767,-0.2592302148172621,2.6704518195437883,51.88625727517912,False
gigapath,READ,shipped,slide_out,ZEN40,-1,1,0.001,0.009811320754716982,0.002828947368421053,0.2678485060157242,0.35935399948347485,-0.19120182356974813,2.4316355358478683,49.03885549237336,False
gigapath,READ,shipped,slide_out,ZEN40,-1,2,0.001,0.00989517819706499,0.0033928571428571428,0.26835963776864247,0.36186237788590936,-0.22198782257606958,2.4315589387433745,50.168647232838254,False
gigapath,READ,shipped,slide_out,ZEN48,-1,0,0.001,0.02253104671791839,0.023547169811320753,0.2624327363753022,0.2448070480502315,-0.31372039586001893,5.338890304946508,204.7616415504275,False
gigapath,READ,shipped,slide_out,ZEN48,-1,1,0.001,0.020689968225147525,0.030071278825995806,0.3134681211958234,0.2942747343551081,-0.4237858503774017,3.432778546571598,262.54138146181856,False
gigapath,READ,shipped,slide_out,ZEN48,-1,2,0.001,0.02144293317563572,0.02140880503144654,0.2648475568439251,0.25208243351025006,-0.27355416820638134,5.23851812531755,194.4547800633433,False
gigapath,READ,shipped,slide_out,ZEN49,-1,0,0.001,0.005620300751879699,0.010449387199273718,0.35762932288853383,0.27093031376722293,-0.2789127997498068,2.2235101846608534,9.248148177783479,False
gigapath,READ,shipped,slide_out,ZEN49,-1,1,0.001,0.030071278825995806,0.020689968225147525,0.2942747343551081,0.3134681211958234,-0.3295366306358186,3.740962742589013,388.9751410726833,False
gigapath,READ,shipped,slide_out,ZEN49,-1,2,0.001,0.015422826729745712,0.014271448025419882,0.28263769680588235,0.2550547546231833,-0.31878112169157635,4.501296475387223,138.62464549992941,False
gigapath,IDC,audited,slide_out,NCBI783,-1,0,0.001,0.0003092783505154639,0.0012512479201331115,0.5504876478554657,0.4957800431726509,-0.13502992402511282,4.669288253810545,18.87586842483498,True
gigapath,IDC,audited,slide_out,NCBI783,-1,1,0.001,0.0034663341645885287,0.004638935108153078,0.5002316596124208,0.5007062564611341,-0.5196256930080754,7.021686040725487,20.41797154848345,True
gigapath,IDC,audited,slide_out,NCBI783,-1,2,0.001,0.00572568578553616,0.002995008319467554,0.4807334272448693,0.5065168455179649,-0.27502873279663,7.096290602949464,37.62680997918965,True
gigapath,IDC,audited,slide_out,NCBI785,-1,0,0.001,0.004851913477537438,0.005012468827930175,0.4835830361474668,0.468423761498273,-0.28604304758547594,4.806794287756897,15.545174667969471,True
gigapath,IDC,audited,slide_out,NCBI785,-1,1,0.001,0.0012831751842396803,0.00313216957605985,0.4688590389634121,0.520413730812952,-0.22741331600071513,4.7304367133866165,16.520849894373043,True
gigapath,IDC,audited,slide_out,NCBI785,-1,2,0.001,0.0014373103415057078,0.0047830423940149625,0.4665581655073693,0.5241512827914847,-0.26778750121601513,4.7865467670188,16.94766881429578,True
gigapath,IDC,audited,slide_out,TENX95,-1,0,0.001,0.003236907730673317,0.0014304123711340207,0.4937961318524518,0.5237161253947424,-0.24849311356941017,6.824577955667336,22.610457594221838,True
gigapath,IDC,audited,slide_out,TENX95,-1,1,0.001,0.0023840399002493765,0.0013195876288659794,0.5113894373007215,0.5133533806725991,-0.3461749661993755,6.472367526772346,16.800365514164948,True
gigapath,IDC,audited,slide_out,TENX95,-1,2,0.001,5.587399450893502e-05,3.8659793814432987e-05,0.5528424929172113,0.5683770939617213,-0.1275083770045542,4.432378984647807,9.786410564926305,True
gigapath,IDC,audited,slide_out,TENX99,-1,0,0.001,0.006224438902743142,0.001987380183998844,0.5598565804755903,0.47234469487865904,-0.2651887972264614,5.524937077597649,28.963312269110197,True
gigapath,IDC,audited,slide_out,TENX99,-1,1,0.001,3.8659793814432987e-05,5.587399450893502e-05,0.5683770939617213,0.5528424929172113,-0.10244909418615522,4.345954671528579,11.923891091055946,True
gigapath,IDC,audited,slide_out,TENX99,-1,2,0.001,0.0009051580698835274,0.000847743364963152,0.514011416868434,0.45992005433382466,-0.22715899940040296,4.105067189758523,9.285246888702828,True
