encoder,task,label_set,design,fold,repeat,cal_draw,n_T,n_C,n_E,overlap_T_C,overlap_T_E,overlap_C_E,disjoint,scaler_pca_fit_rows_equal_T,n_samples_seen,pca_n_samples,max_abs_scaler_mean_minus_T,max_abs_scaler_var_minus_T,max_abs_pca_mean_minus_T
hoptimus0,CCRCC,shipped,random,0,0,0,35996,11170,18371,0,0,0,True,True,35996,35996,0.0,0.0,0.0
hoptimus0,CCRCC,shipped,random,0,1,0,35996,11170,18371,0,0,0,True,True,35996,35996,0.0,0.0,0.0
hoptimus0,CCRCC,shipped,random,0,2,0,35996,11170,18371,0,0,0,True,True,35996,35996,0.0,0.0,0.0
hoptimus0,CCRCC,shipped,random,0,3,0,35996,11170,18371,0,0,0,True,True,35996,35996,0.0,0.0,0.0
hoptimus0,CCRCC,shipped,random,0,4,0,35996,11170,18371,0,0,0,True,True,35996,35996,0.0,0.0,0.0
hoptimus0,CCRCC,shipped,random,1,0,0,35996,13531,6569,0,0,0,True,True,35996,35996,0.0,0.0,0.0
hoptimus0,CCRCC,shipped,random,1,1,0,35996,13531,6569,0,0,0,True,True,35996,35996,0.0,0.0,0.0
hoptimus0,CCRCC,shipped,random,1,2,0,35996,13531,6569,0,0,0,True,True,35996,35996,0.0,0.0,0.0
hoptimus0,CCRCC,shipped,random,1,3,0,35996,13531,6569,0,0,0,True,True,35996,35996,0.0,0.0,0.0
hoptimus0,CCRCC,shipped,random,1,4,0,35996,13531,6569,0,0,0,True,True,35996,35996,0.0,0.0,0.0
hoptimus0,CCRCC,shipped,random,2,0,0,35996,12693,10756,0,0,0,True,True,35996,35996,0.0,0.0,0.0
hoptimus0,CCRCC,shipped,random,2,1,0,35996,12693,10756,0,0,0,True,True,35996,35996,0.0,0.0,0.0
hoptimus0,CCRCC,shipped,random,2,2,0,35996,12693,10756,0,0,0,True,True,35996,35996,0.0,0.0,0.0
hoptimus0,CCRCC,shipped,random,2,3,0,35996,12693,10756,0,0,0,True,True,35996,35996,0.0,0.0,0.0
hoptimus0,CCRCC,shipped,random,2,4,0,35996,12693,10756,0,0,0,True,True,35996,35996,0.0,0.0,0.0
hoptimus0,CCRCC,shipped,random,3,0,0,35996,13420,7122,0,0,0,True,True,35996,35996,0.0,0.0,0.0
hoptimus0,CCRCC,shipped,random,3,1,0,35996,13420,7122,0,0,0,True,True,35996,35996,0.0,0.0,0.0
hoptimus0,CCRCC,shipped,random,3,2,0,35996,13420,7122,0,0,0,True,True,35996,35996,0.0,0.0,0.0
hoptimus0,CCRCC,shipped,random,3,3,0,35996,13420,7122,0,0,0,True,True,35996,35996,0.0,0.0,0.0
hoptimus0,CCRCC,shipped,random,3,4,0,35996,13420,7122,0,0,0,True,True,35996,35996,0.0,0.0,0.0
hoptimus0,CCRCC,shipped,random,4,0,0,35996,11895,14748,0,0,0,True,True,35996,35996,0.0,0.0,0.0
hoptimus0,CCRCC,shipped,random,4,1,0,35996,11895,14748,0,0,0,True,True,35996,35996,0.0,0.0,0.0
hoptimus0,CCRCC,shipped,random,4,2,0,35996,11895,14748,0,0,0,True,True,35996,35996,0.0,0.0,0.0
hoptimus0,CCRCC,shipped,random,4,3,0,35996,11895,14748,0,0,0,True,True,35996,35996,0.0,0.0,0.0
hoptimus0,CCRCC,shipped,random,4,4,0,35996,11895,14748,0,0,0,True,True,35996,35996,0.0,0.0,0.0
hoptimus0,CCRCC,shipped,random,5,0,0,35996,11514,16654,0,0,0,True,True,35996,35996,0.0,0.0,0.0
hoptimus0,CCRCC,shipped,random,5,1,0,35996,11514,16654,0,0,0,True,True,35996,35996,0.0,0.0,0.0
hoptimus0,CCRCC,shipped,random,5,2,0,35996,11514,16654,0,0,0,True,True,35996,35996,0.0,0.0,0.0
hoptimus0,CCRCC,shipped,random,5,3,0,35996,11514,16654,0,0,0,True,True,35996,35996,0.0,0.0,0.0
hoptimus0,CCRCC,shipped,random,5,4,0,35996,11514,16654,0,0,0,True,True,35996,35996,0.0,0.0,0.0
hoptimus0,CCRCC,shipped,patient,0,-1,0,35996,10905,18371,0,0,0,True,True,35996,35996,0.0,0.0,0.0
hoptimus0,CCRCC,shipped,patient,0,-1,1,35996,11411,18371,0,0,0,True,True,35996,35996,0.0,0.0,0.0
hoptimus0,CCRCC,shipped,patient,0,-1,2,35996,19853,18371,0,0,0,True,True,35996,35996,0.0,0.0,0.0
hoptimus0,CCRCC,shipped,patient,1,-1,0,35996,22810,6569,0,0,0,True,True,35996,35996,0.0,0.0,0.0
hoptimus0,CCRCC,shipped,patient,1,-1,1,35996,15985,6569,0,0,0,True,True,35996,35996,0.0,0.0,0.0
hoptimus0,CCRCC,shipped,patient,1,-1,2,35996,17775,6569,0,0,0,True,True,35996,35996,0.0,0.0,0.0
hoptimus0,CCRCC,shipped,patient,2,-1,0,35996,19567,10756,0,0,0,True,True,35996,35996,0.0,0.0,0.0
hoptimus0,CCRCC,shipped,patient,2,-1,1,35996,12886,10756,0,0,0,True,True,35996,35996,0.0,0.0,0.0
hoptimus0,CCRCC,shipped,patient,2,-1,2,35996,10039,10756,0,0,0,True,True,35996,35996,0.0,0.0,0.0
hoptimus0,CCRCC,shipped,patient,3,-1,0,35996,13757,7122,0,0,0,True,True,35996,35996,0.0,0.0,0.0
hoptimus0,CCRCC,shipped,patient,3,-1,1,35996,19412,7122,0,0,0,True,True,35996,35996,0.0,0.0,0.0
hoptimus0,CCRCC,shipped,patient,3,-1,2,35996,17796,7122,0,0,0,True,True,35996,35996,0.0,0.0,0.0
hoptimus0,CCRCC,shipped,patient,4,-1,0,35996,13132,14748,0,0,0,True,True,35996,35996,0.0,0.0,0.0
hoptimus0,CCRCC,shipped,patient,4,-1,1,35996,14385,14748,0,0,0,True,True,35996,35996,0.0,0.0,0.0
hoptimus0,CCRCC,shipped,patient,4,-1,2,35996,17076,14748,0,0,0,True,True,35996,35996,0.0,0.0,0.0
hoptimus0,CCRCC,shipped,patient,5,-1,0,35996,15607,16654,0,0,0,True,True,35996,35996,0.0,0.0,0.0
hoptimus0,CCRCC,shipped,patient,5,-1,1,35996,10535,16654,0,0,0,True,True,35996,35996,0.0,0.0,0.0
hoptimus0,CCRCC,shipped,patient,5,-1,2,35996,10145,16654,0,0,0,True,True,35996,35996,0.0,0.0,0.0
hoptimus0,CCRCC,shipped,donor,INT1,-1,0,35996,22105,1084,0,0,0,True,True,35996,35996,0.0,0.0,0.0
hoptimus0,CCRCC,shipped,donor,INT1,-1,1,35996,22542,1084,0,0,0,True,True,35996,35996,0.0,0.0,0.0
hoptimus0,CCRCC,shipped,donor,INT1,-1,2,35996,17537,1084,0,0,0,True,True,35996,35996,0.0,0.0,0.0
hoptimus0,CCRCC,shipped,donor,INT10,-1,0,35996,20751,1983,0,0,0,True,True,35996,35996,0.0,0.0,0.0
hoptimus0,CCRCC,shipped,donor,INT10,-1,1,35996,19589,1983,0,0,0,True,True,35996,35996,0.0,0.0,0.0
hoptimus0,CCRCC,shipped,donor,INT10,-1,2,35996,15682,1983,0,0,0,True,True,35996,35996,0.0,0.0,0.0
hoptimus0,CCRCC,shipped,donor,INT11,-1,0,35996,18765,1439,0,0,0,True,True,35996,35996,0.0,0.0,0.0
hoptimus0,CCRCC,shipped,donor,INT11,-1,1,35996,19774,1439,0,0,0,True,True,35996,35996,0.0,0.0,0.0
hoptimus0,CCRCC,shipped,donor,INT11,-1,2,35996,16893,1439,0,0,0,True,True,35996,35996,0.0,0.0,0.0
hoptimus0,CCRCC,shipped,donor,INT12,-1,0,35996,19276,1451,0,0,0,True,True,35996,35996,0.0,0.0,0.0
hoptimus0,CCRCC,shipped,donor,INT12,-1,1,35996,19118,1451,0,0,0,True,True,35996,35996,0.0,0.0,0.0
hoptimus0,CCRCC,shipped,donor,INT12,-1,2,35996,13495,1451,0,0,0,True,True,35996,35996,0.0,0.0,0.0
hoptimus0,CCRCC,shipped,donor,INT13,-1,0,35996,14763,4359,0,0,0,True,True,35996,35996,0.0,0.0,0.0
hoptimus0,CCRCC,shipped,donor,INT13,-1,1,35996,15569,4359,0,0,0,True,True,35996,35996,0.0,0.0,0.0
hoptimus0,CCRCC,shipped,donor,INT13,-1,2,35996,17605,4359,0,0,0,True,True,35996,35996,0.0,0.0,0.0
hoptimus0,CCRCC,shipped,donor,INT14,-1,0,35996,20484,4562,0,0,0,True,True,35996,35996,0.0,0.0,0.0
hoptimus0,CCRCC,shipped,donor,INT14,-1,1,35996,10569,4562,0,0,0,True,True,35996,35996,0.0,0.0,0.0
hoptimus0,CCRCC,shipped,donor,INT14,-1,2,35996,19870,4562,0,0,0,True,True,35996,35996,0.0,0.0,0.0
hoptimus0,CCRCC,shipped,donor,INT15,-1,0,35996,21635,4940,0,0,0,True,True,35996,35996,0.0,0.0,0.0
hoptimus0,CCRCC,shipped,donor,INT15,-1,1,35996,19409,4940,0,0,0,True,True,35996,35996,0.0,0.0,0.0
hoptimus0,CCRCC,shipped,donor,INT15,-1,2,35996,22370,4940,0,0,0,True,True,35996,35996,0.0,0.0,0.0
hoptimus0,CCRCC,shipped,donor,INT16,-1,0,35996,16890,3206,0,0,0,True,True,35996,35996,0.0,0.0,0.0
hoptimus0,CCRCC,shipped,donor,INT16,-1,1,35996,16496,3206,0,0,0,True,True,35996,35996,0.0,0.0,0.0
hoptimus0,CCRCC,shipped,donor,INT16,-1,2,35996,20702,3206,0,0,0,True,True,35996,35996,0.0,0.0,0.0
hoptimus0,CCRCC,shipped,donor,INT17,-1,0,35996,22814,3585,0,0,0,True,True,35996,35996,0.0,0.0,0.0
hoptimus0,CCRCC,shipped,donor,INT17,-1,1,35996,18516,3585,0,0,0,True,True,35996,35996,0.0,0.0,0.0
hoptimus0,CCRCC,shipped,donor,INT17,-1,2,35996,21742,3585,0,0,0,True,True,35996,35996,0.0,0.0,0.0
hoptimus0,CCRCC,shipped,donor,INT18,-1,0,35996,20693,4915,0,0,0,True,True,35996,35996,0.0,0.0,0.0
hoptimus0,CCRCC,shipped,donor,INT18,-1,1,35996,12528,4915,0,0,0,True,True,35996,35996,0.0,0.0,0.0
hoptimus0,CCRCC,shipped,donor,INT18,-1,2,35996,17768,4915,0,0,0,True,True,35996,35996,0.0,0.0,0.0
hoptimus0,CCRCC,shipped,donor,INT19,-1,0,35996,17973,4948,0,0,0,True,True,35996,35996,0.0,0.0,0.0
hoptimus0,CCRCC,shipped,donor,INT19,-1,1,35996,16852,4948,0,0,0,True,True,35996,35996,0.0,0.0,0.0
hoptimus0,CCRCC,shipped,donor,INT19,-1,2,35996,16547,4948,0,0,0,True,True,35996,35996,0.0,0.0,0.0
hoptimus0,CCRCC,shipped,donor,INT2,-1,0,35996,17105,2580,0,0,0,True,True,35996,35996,0.0,0.0,0.0
hoptimus0,CCRCC,shipped,donor,INT2,-1,1,35996,17025,2580,0,0,0,True,True,35996,35996,0.0,0.0,0.0
hoptimus0,CCRCC,shipped,donor,INT2,-1,2,35996,17316,2580,0,0,0,True,True,35996,35996,0.0,0.0,0.0
hoptimus0,CCRCC,shipped,donor,INT20,-1,0,35996,12289,4860,0,0,0,True,True,35996,35996,0.0,0.0,0.0
hoptimus0,CCRCC,shipped,donor,INT20,-1,1,35996,22582,4860,0,0,0,True,True,35996,35996,0.0,0.0,0.0
hoptimus0,CCRCC,shipped,donor,INT20,-1,2,35996,23616,4860,0,0,0,True,True,35996,35996,0.0,0.0,0.0
hoptimus0,CCRCC,shipped,donor,INT21,-1,0,35996,13913,4975,0,0,0,True,True,35996,35996,0.0,0.0,0.0
hoptimus0,CCRCC,shipped,donor,INT21,-1,1,35996,10996,4975,0,0,0,True,True,35996,35996,0.0,0.0,0.0
hoptimus0,CCRCC,shipped,donor,INT21,-1,2,35996,15758,4975,0,0,0,True,True,35996,35996,0.0,0.0,0.0
hoptimus0,CCRCC,shipped,donor,INT22,-1,0,35996,17587,3829,0,0,0,True,True,35996,35996,0.0,0.0,0.0
hoptimus0,CCRCC,shipped,donor,INT22,-1,1,35996,21427,3829,0,0,0,True,True,35996,35996,0.0,0.0,0.0
hoptimus0,CCRCC,shipped,donor,INT22,-1,2,35996,23361,3829,0,0,0,True,True,35996,35996,0.0,0.0,0.0
hoptimus0,CCRCC,shipped,donor,INT23,-1,0,35996,21452,4755,0,0,0,True,True,35996,35996,0.0,0.0,0.0
hoptimus0,CCRCC,shipped,donor,INT23,-1,1,35996,17479,4755,0,0,0,True,True,35996,35996,0.0,0.0,0.0
hoptimus0,CCRCC,shipped,donor,INT23,-1,2,35996,13269,4755,0,0,0,True,True,35996,35996,0.0,0.0,0.0
hoptimus0,CCRCC,shipped,donor,INT24,-1,0,35996,18859,4510,0,0,0,True,True,35996,35996,0.0,0.0,0.0
hoptimus0,CCRCC,shipped,donor,INT24,-1,1,35996,24159,4510,0,0,0,True,True,35996,35996,0.0,0.0,0.0
hoptimus0,CCRCC,shipped,donor,INT24,-1,2,35996,17964,4510,0,0,0,True,True,35996,35996,0.0,0.0,0.0
hoptimus0,CCRCC,shipped,donor,INT3,-1,0,35996,20344,2007,0,0,0,True,True,35996,35996,0.0,0.0,0.0
hoptimus0,CCRCC,shipped,donor,INT3,-1,1,35996,19219,2007,0,0,0,True,True,35996,35996,0.0,0.0,0.0
hoptimus0,CCRCC,shipped,donor,INT3,-1,2,35996,17234,2007,0,0,0,True,True,35996,35996,0.0,0.0,0.0
hoptimus0,CCRCC,shipped,donor,INT4,-1,0,35996,13610,1349,0,0,0,True,True,35996,35996,0.0,0.0,0.0
hoptimus0,CCRCC,shipped,donor,INT4,-1,1,35996,20622,1349,0,0,0,True,True,35996,35996,0.0,0.0,0.0
hoptimus0,CCRCC,shipped,donor,INT4,-1,2,35996,18248,1349,0,0,0,True,True,35996,35996,0.0,0.0,0.0
hoptimus0,CCRCC,shipped,donor,INT5,-1,0,35996,24596,1186,0,0,0,True,True,35996,35996,0.0,0.0,0.0
hoptimus0,CCRCC,shipped,donor,INT5,-1,1,35996,17266,1186,0,0,0,True,True,35996,35996,0.0,0.0,0.0
hoptimus0,CCRCC,shipped,donor,INT5,-1,2,35996,22330,1186,0,0,0,True,True,35996,35996,0.0,0.0,0.0
hoptimus0,CCRCC,shipped,donor,INT6,-1,0,35996,17592,1678,0,0,0,True,True,35996,35996,0.0,0.0,0.0
hoptimus0,CCRCC,shipped,donor,INT6,-1,1,35996,19422,1678,0,0,0,True,True,35996,35996,0.0,0.0,0.0
hoptimus0,CCRCC,shipped,donor,INT6,-1,2,35996,19847,1678,0,0,0,True,True,35996,35996,0.0,0.0,0.0
hoptimus0,CCRCC,shipped,donor,INT7,-1,0,35996,18917,2374,0,0,0,True,True,35996,35996,0.0,0.0,0.0
hoptimus0,CCRCC,shipped,donor,INT7,-1,1,35996,24820,2374,0,0,0,True,True,35996,35996,0.0,0.0,0.0
hoptimus0,CCRCC,shipped,donor,INT7,-1,2,35996,22623,2374,0,0,0,True,True,35996,35996,0.0,0.0,0.0
hoptimus0,CCRCC,shipped,donor,INT8,-1,0,35996,22774,1949,0,0,0,True,True,35996,35996,0.0,0.0,0.0
hoptimus0,CCRCC,shipped,donor,INT8,-1,1,35996,18471,1949,0,0,0,True,True,35996,35996,0.0,0.0,0.0
hoptimus0,CCRCC,shipped,donor,INT8,-1,2,35996,21619,1949,0,0,0,True,True,35996,35996,0.0,0.0,0.0
hoptimus0,CCRCC,shipped,donor,INT9,-1,0,35996,12609,1696,0,0,0,True,True,35996,35996,0.0,0.0,0.0
hoptimus0,CCRCC,shipped,donor,INT9,-1,1,35996,20533,1696,0,0,0,True,True,35996,35996,0.0,0.0,0.0
hoptimus0,CCRCC,shipped,donor,INT9,-1,2,35996,17614,1696,0,0,0,True,True,35996,35996,0.0,0.0,0.0
hoptimus0,COAD,shipped,random,0,0,0,3389,1016,10572,0,0,0,True,True,3389,3389,0.0,0.0,0.0
hoptimus0,COAD,shipped,random,0,1,0,3389,1016,10572,0,0,0,True,True,3389,3389,0.0,0.0,0.0
hoptimus0,COAD,shipped,random,0,2,0,3389,1016,10572,0,0,0,True,True,3389,3389,0.0,0.0,0.0
hoptimus0,COAD,shipped,random,0,3,0,3389,1016,10572,0,0,0,True,True,3389,3389,0.0,0.0,0.0
hoptimus0,COAD,shipped,random,0,4,0,3389,1016,10572,0,0,0,True,True,3389,3389,0.0,0.0,0.0
hoptimus0,COAD,shipped,random,1,0,0,3389,2115,5079,0,0,0,True,True,3389,3389,0.0,0.0,0.0
hoptimus0,COAD,shipped,random,1,1,0,3389,2115,5079,0,0,0,True,True,3389,3389,0.0,0.0,0.0
hoptimus0,COAD,shipped,random,1,2,0,3389,2115,5079,0,0,0,True,True,3389,3389,0.0,0.0,0.0
hoptimus0,COAD,shipped,random,1,3,0,3389,2115,5079,0,0,0,True,True,3389,3389,0.0,0.0,0.0
hoptimus0,COAD,shipped,random,1,4,0,3389,2115,5079,0,0,0,True,True,3389,3389,0.0,0.0,0.0
hoptimus0,COAD,shipped,patient,0,-1,0,3389,1075,10572,0,0,0,True,True,3389,3389,0.0,0.0,0.0
hoptimus0,COAD,shipped,patient,0,-1,1,3389,1143,10572,0,0,0,True,True,3389,3389,0.0,0.0,0.0
hoptimus0,COAD,shipped,patient,0,-1,2,3389,1163,10572,0,0,0,True,True,3389,3389,0.0,0.0,0.0
hoptimus0,COAD,shipped,patient,1,-1,0,3389,3620,5079,0,0,0,True,True,3389,3389,0.0,0.0,0.0
hoptimus0,COAD,shipped,patient,1,-1,1,3389,3417,5079,0,0,0,True,True,3389,3389,0.0,0.0,0.0
hoptimus0,COAD,shipped,patient,1,-1,2,3389,3620,5079,0,0,0,True,True,3389,3389,0.0,0.0,0.0
hoptimus0,COAD,shipped,donor,COAD_Oliveira_P1,-1,0,3389,3535,3620,0,0,0,True,True,3389,3389,0.0,0.0,0.0
hoptimus0,COAD,shipped,donor,COAD_Oliveira_P1,-1,1,3389,3417,3620,0,0,0,True,True,3389,3389,0.0,0.0,0.0
hoptimus0,COAD,shipped,donor,COAD_Oliveira_P1,-1,2,3389,3535,3620,0,0,0,True,True,3389,3389,0.0,0.0,0.0
hoptimus0,COAD,shipped,donor,COAD_Oliveira_P2,-1,0,3389,3620,3535,0,0,0,True,True,3389,3389,0.0,0.0,0.0
hoptimus0,COAD,shipped,donor,COAD_Oliveira_P2,-1,1,3389,3417,3535,0,0,0,True,True,3389,3389,0.0,0.0,0.0
hoptimus0,COAD,shipped,donor,COAD_Oliveira_P2,-1,2,3389,3417,3535,0,0,0,True,True,3389,3389,0.0,0.0,0.0
hoptimus0,COAD,shipped,donor,COAD_Oliveira_P5,-1,0,3389,3535,3417,0,0,0,True,True,3389,3389,0.0,0.0,0.0
hoptimus0,COAD,shipped,donor,COAD_Oliveira_P5,-1,1,3389,3620,3417,0,0,0,True,True,3389,3389,0.0,0.0,0.0
hoptimus0,COAD,shipped,donor,COAD_Oliveira_P5,-1,2,3389,3535,3417,0,0,0,True,True,3389,3389,0.0,0.0,0.0
hoptimus0,COAD,shipped,donor,COAD_donor_TENX111,-1,0,3389,3620,5079,0,0,0,True,True,3389,3389,0.0,0.0,0.0
hoptimus0,COAD,shipped,donor,COAD_donor_TENX111,-1,1,3389,3417,5079,0,0,0,True,True,3389,3389,0.0,0.0,0.0
hoptimus0,COAD,shipped,donor,COAD_donor_TENX111,-1,2,3389,3417,5079,0,0,0,True,True,3389,3389,0.0,0.0,0.0
hoptimus0,HCC,shipped,random,0,0,0,1203,389,2255,0,0,0,True,True,1203,1203,0.0,0.0,0.0
hoptimus0,HCC,shipped,random,0,1,0,1203,389,2255,0,0,0,True,True,1203,1203,0.0,0.0,0.0
hoptimus0,HCC,shipped,random,0,2,0,1203,389,2255,0,0,0,True,True,1203,1203,0.0,0.0,0.0
hoptimus0,HCC,shipped,random,0,3,0,1203,389,2255,0,0,0,True,True,1203,1203,0.0,0.0,0.0
hoptimus0,HCC,shipped,random,0,4,0,1203,389,2255,0,0,0,True,True,1203,1203,0.0,0.0,0.0
hoptimus0,HCC,shipped,random,1,0,0,1203,451,1941,0,0,0,True,True,1203,1203,0.0,0.0,0.0
hoptimus0,HCC,shipped,random,1,1,0,1203,451,1941,0,0,0,True,True,1203,1203,0.0,0.0,0.0
hoptimus0,HCC,shipped,random,1,2,0,1203,451,1941,0,0,0,True,True,1203,1203,0.0,0.0,0.0
hoptimus0,HCC,shipped,random,1,3,0,1203,451,1941,0,0,0,True,True,1203,1203,0.0,0.0,0.0
hoptimus0,HCC,shipped,random,1,4,0,1203,451,1941,0,0,0,True,True,1203,1203,0.0,0.0,0.0
hoptimus0,HCC,shipped,patient,0,-1,0,1203,407,2255,0,0,0,True,True,1203,1203,0.0,0.0,0.0
hoptimus0,HCC,shipped,patient,0,-1,1,1203,400,2255,0,0,0,True,True,1203,1203,0.0,0.0,0.0
hoptimus0,HCC,shipped,patient,0,-1,2,1203,421,2255,0,0,0,True,True,1203,1203,0.0,0.0,0.0
hoptimus0,HCC,shipped,patient,1,-1,0,1203,471,1941,0,0,0,True,True,1203,1203,0.0,0.0,0.0
hoptimus0,HCC,shipped,patient,1,-1,1,1203,497,1941,0,0,0,True,True,1203,1203,0.0,0.0,0.0
hoptimus0,HCC,shipped,patient,1,-1,2,1203,457,1941,0,0,0,True,True,1203,1203,0.0,0.0,0.0
hoptimus0,HCC,shipped,donor,CHC20,-1,0,1203,513,1941,0,0,0,True,True,1203,1203,0.0,0.0,0.0
hoptimus0,HCC,shipped,donor,CHC20,-1,1,1203,452,1941,0,0,0,True,True,1203,1203,0.0,0.0,0.0
hoptimus0,HCC,shipped,donor,CHC20,-1,2,1203,483,1941,0,0,0,True,True,1203,1203,0.0,0.0,0.0
hoptimus0,HCC,shipped,donor,CHC23,-1,0,1203,401,2255,0,0,0,True,True,1203,1203,0.0,0.0,0.0
hoptimus0,HCC,shipped,donor,CHC23,-1,1,1203,430,2255,0,0,0,True,True,1203,1203,0.0,0.0,0.0
hoptimus0,HCC,shipped,donor,CHC23,-1,2,1203,408,2255,0,0,0,True,True,1203,1203,0.0,0.0,0.0
hoptimus0,IDC,shipped,random,0,0,0,7015,2955,20761,0,0,0,True,True,7015,7015,0.0,0.0,0.0
hoptimus0,IDC,shipped,random,0,1,0,7015,2955,20761,0,0,0,True,True,7015,7015,0.0,0.0,0.0
hoptimus0,IDC,shipped,random,0,2,0,7015,2955,20761,0,0,0,True,True,7015,7015,0.0,0.0,0.0
hoptimus0,IDC,shipped,random,0,3,0,7015,2955,20761,0,0,0,True,True,7015,7015,0.0,0.0,0.0
hoptimus0,IDC,shipped,random,0,4,0,7015,2955,20761,0,0,0,True,True,7015,7015,0.0,0.0,0.0
hoptimus0,IDC,shipped,random,1,0,0,7015,5556,7760,0,0,0,True,True,7015,7015,0.0,0.0,0.0
hoptimus0,IDC,shipped,random,1,1,0,7015,5556,7760,0,0,0,True,True,7015,7015,0.0,0.0,0.0
hoptimus0,IDC,shipped,random,1,2,0,7015,5556,7760,0,0,0,True,True,7015,7015,0.0,0.0,0.0
hoptimus0,IDC,shipped,random,1,3,0,7015,5556,7760,0,0,0,True,True,7015,7015,0.0,0.0,0.0
hoptimus0,IDC,shipped,random,1,4,0,7015,5556,7760,0,0,0,True,True,7015,7015,0.0,0.0,0.0
hoptimus0,IDC,shipped,random,2,0,0,7015,6306,4010,0,0,0,True,True,7015,7015,0.0,0.0,0.0
hoptimus0,IDC,shipped,random,2,1,0,7015,6306,4010,0,0,0,True,True,7015,7015,0.0,0.0,0.0
hoptimus0,IDC,shipped,random,2,2,0,7015,6306,4010,0,0,0,True,True,7015,7015,0.0,0.0,0.0
hoptimus0,IDC,shipped,random,2,3,0,7015,6306,4010,0,0,0,True,True,7015,7015,0.0,0.0,0.0
hoptimus0,IDC,shipped,random,2,4,0,7015,6306,4010,0,0,0,True,True,7015,7015,0.0,0.0,0.0
hoptimus0,IDC,shipped,random,3,0,0,7015,6507,3005,0,0,0,True,True,7015,7015,0.0,0.0,0.0
hoptimus0,IDC,shipped,random,3,1,0,7015,6507,3005,0,0,0,True,True,7015,7015,0.0,0.0,0.0
hoptimus0,IDC,shipped,random,3,2,0,7015,6507,3005,0,0,0,True,True,7015,7015,0.0,0.0,0.0
hoptimus0,IDC,shipped,random,3,3,0,7015,6507,3005,0,0,0,True,True,7015,7015,0.0,0.0,0.0
hoptimus0,IDC,shipped,random,3,4,0,7015,6507,3005,0,0,0,True,True,7015,7015,0.0,0.0,0.0
hoptimus0,IDC,shipped,patient,0,-1,0,7015,3005,20761,0,0,0,True,True,7015,7015,0.0,0.0,0.0
hoptimus0,IDC,shipped,patient,0,-1,1,7015,3005,20761,0,0,0,True,True,7015,7015,0.0,0.0,0.0
hoptimus0,IDC,shipped,patient,0,-1,2,7015,7760,20761,0,0,0,True,True,7015,7015,0.0,0.0,0.0
hoptimus0,IDC,shipped,patient,1,-1,0,7015,3005,7760,0,0,0,True,True,7015,7015,0.0,0.0,0.0
hoptimus0,IDC,shipped,patient,1,-1,1,7015,3005,7760,0,0,0,True,True,7015,7015,0.0,0.0,0.0
hoptimus0,IDC,shipped,patient,1,-1,2,7015,4010,7760,0,0,0,True,True,7015,7015,0.0,0.0,0.0
hoptimus0,IDC,shipped,patient,2,-1,0,7015,7760,4010,0,0,0,True,True,7015,7015,0.0,0.0,0.0
hoptimus0,IDC,shipped,patient,2,-1,1,7015,3005,4010,0,0,0,True,True,7015,7015,0.0,0.0,0.0
hoptimus0,IDC,shipped,patient,2,-1,2,7015,3005,4010,0,0,0,True,True,7015,7015,0.0,0.0,0.0
hoptimus0,IDC,shipped,patient,3,-1,0,7015,4010,3005,0,0,0,True,True,7015,7015,0.0,0.0,0.0
hoptimus0,IDC,shipped,patient,3,-1,1,7015,20761,3005,0,0,0,True,True,7015,7015,0.0,0.0,0.0
hoptimus0,IDC,shipped,patient,3,-1,2,7015,7760,3005,0,0,0,True,True,7015,7015,0.0,0.0,0.0
hoptimus0,IDC,shipped,donor,IDC_shipped_patient_1,-1,0,7015,4010,20761,0,0,0,True,True,7015,7015,0.0,0.0,0.0
hoptimus0,IDC,shipped,donor,IDC_shipped_patient_1,-1,1,7015,7760,20761,0,0,0,True,True,7015,7015,0.0,0.0,0.0
hoptimus0,IDC,shipped,donor,IDC_shipped_patient_1,-1,2,7015,3005,20761,0,0,0,True,True,7015,7015,0.0,0.0,0.0
hoptimus0,IDC,shipped,donor,IDC_shipped_patient_2,-1,0,7015,4010,7760,0,0,0,True,True,7015,7015,0.0,0.0,0.0
hoptimus0,IDC,shipped,donor,IDC_shipped_patient_2,-1,1,7015,3005,7760,0,0,0,True,True,7015,7015,0.0,0.0,0.0
hoptimus0,IDC,shipped,donor,IDC_shipped_patient_2,-1,2,7015,4010,7760,0,0,0,True,True,7015,7015,0.0,0.0,0.0
hoptimus0,IDC,shipped,donor,NCBI783,-1,0,7015,4010,3005,0,0,0,True,True,7015,7015,0.0,0.0,0.0
hoptimus0,IDC,shipped,donor,NCBI783,-1,1,7015,7760,3005,0,0,0,True,True,7015,7015,0.0,0.0,0.0
hoptimus0,IDC,shipped,donor,NCBI783,-1,2,7015,7760,3005,0,0,0,True,True,7015,7015,0.0,0.0,0.0
hoptimus0,IDC,shipped,donor,NCBI785,-1,0,7015,3005,4010,0,0,0,True,True,7015,7015,0.0,0.0,0.0
hoptimus0,IDC,shipped,donor,NCBI785,-1,1,7015,20761,4010,0,0,0,True,True,7015,7015,0.0,0.0,0.0
hoptimus0,IDC,shipped,donor,NCBI785,-1,2,7015,20761,4010,0,0,0,True,True,7015,7015,0.0,0.0,0.0
hoptimus0,IDC,audited,random,0,0,0,3005,2955,20761,0,0,0,True,True,3005,3005,0.0,0.0,0.0
hoptimus0,IDC,audited,random,0,1,0,3005,2955,20761,0,0,0,True,True,3005,3005,0.0,0.0,0.0
hoptimus0,IDC,audited,random,0,2,0,3005,2955,20761,0,0,0,True,True,3005,3005,0.0,0.0,0.0
hoptimus0,IDC,audited,random,0,3,0,3005,2955,20761,0,0,0,True,True,3005,3005,0.0,0.0,0.0
hoptimus0,IDC,audited,random,0,4,0,3005,2955,20761,0,0,0,True,True,3005,3005,0.0,0.0,0.0
hoptimus0,IDC,audited,random,1,0,0,3005,5556,7760,0,0,0,True,True,3005,3005,0.0,0.0,0.0
hoptimus0,IDC,audited,random,1,1,0,3005,5556,7760,0,0,0,True,True,3005,3005,0.0,0.0,0.0
hoptimus0,IDC,audited,random,1,2,0,3005,5556,7760,0,0,0,True,True,3005,3005,0.0,0.0,0.0
hoptimus0,IDC,audited,random,1,3,0,3005,5556,7760,0,0,0,True,True,3005,3005,0.0,0.0,0.0
hoptimus0,IDC,audited,random,1,4,0,3005,5556,7760,0,0,0,True,True,3005,3005,0.0,0.0,0.0
hoptimus0,IDC,audited,random,2,0,0,3005,6306,4010,0,0,0,True,True,3005,3005,0.0,0.0,0.0
hoptimus0,IDC,audited,random,2,1,0,3005,6306,4010,0,0,0,True,True,3005,3005,0.0,0.0,0.0
hoptimus0,IDC,audited,random,2,2,0,3005,6306,4010,0,0,0,True,True,3005,3005,0.0,0.0,0.0
hoptimus0,IDC,audited,random,2,3,0,3005,6306,4010,0,0,0,True,True,3005,3005,0.0,0.0,0.0
hoptimus0,IDC,audited,random,2,4,0,3005,6306,4010,0,0,0,True,True,3005,3005,0.0,0.0,0.0
hoptimus0,IDC,audited,random,3,0,0,3005,6507,3005,0,0,0,True,True,3005,3005,0.0,0.0,0.0
hoptimus0,IDC,audited,random,3,1,0,3005,6507,3005,0,0,0,True,True,3005,3005,0.0,0.0,0.0
hoptimus0,IDC,audited,random,3,2,0,3005,6507,3005,0,0,0,True,True,3005,3005,0.0,0.0,0.0
hoptimus0,IDC,audited,random,3,3,0,3005,6507,3005,0,0,0,True,True,3005,3005,0.0,0.0,0.0
hoptimus0,IDC,audited,random,3,4,0,3005,6507,3005,0,0,0,True,True,3005,3005,0.0,0.0,0.0
hoptimus0,IDC,audited,patient,0,-1,0,3005,3005,20761,0,0,0,True,True,3005,3005,0.0,0.0,0.0
hoptimus0,IDC,audited,patient,0,-1,1,3005,3005,20761,0,0,0,True,True,3005,3005,0.0,0.0,0.0
hoptimus0,IDC,audited,patient,0,-1,2,3005,7760,20761,0,0,0,True,True,3005,3005,0.0,0.0,0.0
hoptimus0,IDC,audited,patient,1,-1,0,3005,3005,7760,0,0,0,True,True,3005,3005,0.0,0.0,0.0
hoptimus0,IDC,audited,patient,1,-1,1,3005,3005,7760,0,0,0,True,True,3005,3005,0.0,0.0,0.0
hoptimus0,IDC,audited,patient,1,-1,2,3005,4010,7760,0,0,0,True,True,3005,3005,0.0,0.0,0.0
hoptimus0,IDC,audited,patient,2,-1,0,3005,7760,4010,0,0,0,True,True,3005,3005,0.0,0.0,0.0
hoptimus0,IDC,audited,patient,2,-1,1,3005,3005,4010,0,0,0,True,True,3005,3005,0.0,0.0,0.0
hoptimus0,IDC,audited,patient,2,-1,2,3005,3005,4010,0,0,0,True,True,3005,3005,0.0,0.0,0.0
hoptimus0,IDC,audited,patient,3,-1,0,3005,4010,3005,0,0,0,True,True,3005,3005,0.0,0.0,0.0
hoptimus0,IDC,audited,patient,3,-1,1,3005,20761,3005,0,0,0,True,True,3005,3005,0.0,0.0,0.0
hoptimus0,IDC,audited,patient,3,-1,2,3005,7760,3005,0,0,0,True,True,3005,3005,0.0,0.0,0.0
hoptimus0,IDC,audited,donor,IDC_JanesickSample1,-1,0,3005,4010,28521,0,0,0,True,True,3005,3005,0.0,0.0,0.0
hoptimus0,IDC,audited,donor,NCBI783,-1,0,3005,28521,3005,0,0,0,True,True,3005,3005,0.0,0.0,0.0
hoptimus0,IDC,audited,donor,NCBI785,-1,0,3005,3005,4010,0,0,0,True,True,3005,3005,0.0,0.0,0.0
hoptimus0,LUNG,shipped,random,0,0,0,1027,389,3262,0,0,0,True,True,1027,1027,0.0,0.0,0.0
hoptimus0,LUNG,shipped,random,0,1,0,1027,389,3262,0,0,0,True,True,1027,1027,0.0,0.0,0.0
hoptimus0,LUNG,shipped,random,0,2,0,1027,389,3262,0,0,0,True,True,1027,1027,0.0,0.0,0.0
hoptimus0,LUNG,shipped,random,0,3,0,1027,389,3262,0,0,0,True,True,1027,1027,0.0,0.0,0.0
hoptimus0,LUNG,shipped,random,0,4,0,1027,389,3262,0,0,0,True,True,1027,1027,0.0,0.0,0.0
hoptimus0,LUNG,shipped,random,1,0,0,1027,653,1944,0,0,0,True,True,1027,1027,0.0,0.0,0.0
hoptimus0,LUNG,shipped,random,1,1,0,1027,653,1944,0,0,0,True,True,1027,1027,0.0,0.0,0.0
hoptimus0,LUNG,shipped,random,1,2,0,1027,653,1944,0,0,0,True,True,1027,1027,0.0,0.0,0.0
hoptimus0,LUNG,shipped,random,1,3,0,1027,653,1944,0,0,0,True,True,1027,1027,0.0,0.0,0.0
hoptimus0,LUNG,shipped,random,1,4,0,1027,653,1944,0,0,0,True,True,1027,1027,0.0,0.0,0.0
hoptimus0,LUNG,shipped,patient,0,-1,0,1027,478,3262,0,0,0,True,True,1027,1027,0.0,0.0,0.0
hoptimus0,LUNG,shipped,patient,0,-1,1,1027,390,3262,0,0,0,True,True,1027,1027,0.0,0.0,0.0
hoptimus0,LUNG,shipped,patient,0,-1,2,1027,423,3262,0,0,0,True,True,1027,1027,0.0,0.0,0.0
hoptimus0,LUNG,shipped,patient,1,-1,0,1027,684,1944,0,0,0,True,True,1027,1027,0.0,0.0,0.0
hoptimus0,LUNG,shipped,patient,1,-1,1,1027,703,1944,0,0,0,True,True,1027,1027,0.0,0.0,0.0
hoptimus0,LUNG,shipped,patient,1,-1,2,1027,748,1944,0,0,0,True,True,1027,1027,0.0,0.0,0.0
hoptimus0,LUNG,shipped,donor,LUNG_hest_patient_1,-1,0,1027,453,3262,0,0,0,True,True,1027,1027,0.0,0.0,0.0
hoptimus0,LUNG,shipped,donor,LUNG_hest_patient_1,-1,1,1027,428,3262,0,0,0,True,True,1027,1027,0.0,0.0,0.0
hoptimus0,LUNG,shipped,donor,LUNG_hest_patient_1,-1,2,1027,430,3262,0,0,0,True,True,1027,1027,0.0,0.0,0.0
hoptimus0,LUNG,shipped,donor,LUNG_hest_patient_2,-1,0,1027,682,1944,0,0,0,True,True,1027,1027,0.0,0.0,0.0
hoptimus0,LUNG,shipped,donor,LUNG_hest_patient_2,-1,1,1027,731,1944,0,0,0,True,True,1027,1027,0.0,0.0,0.0
hoptimus0,LUNG,shipped,donor,LUNG_hest_patient_2,-1,2,1027,674,1944,0,0,0,True,True,1027,1027,0.0,0.0,0.0
hoptimus0,LYMPH_IDC,shipped,random,0,0,0,9980,2995,4992,0,0,0,True,True,9980,9980,0.0,0.0,0.0
hoptimus0,LYMPH_IDC,shipped,random,0,1,0,9980,2995,4992,0,0,0,True,True,9980,9980,0.0,0.0,0.0
hoptimus0,LYMPH_IDC,shipped,random,0,2,0,9980,2995,4992,0,0,0,True,True,9980,9980,0.0,0.0,0.0
hoptimus0,LYMPH_IDC,shipped,random,0,3,0,9980,2995,4992,0,0,0,True,True,9980,9980,0.0,0.0,0.0
hoptimus0,LYMPH_IDC,shipped,random,0,4,0,9980,2995,4992,0,0,0,True,True,9980,9980,0.0,0.0,0.0
hoptimus0,LYMPH_IDC,shipped,random,1,0,0,9980,2995,4992,0,0,0,True,True,9980,9980,0.0,0.0,0.0
hoptimus0,LYMPH_IDC,shipped,random,1,1,0,9980,2995,4992,0,0,0,True,True,9980,9980,0.0,0.0,0.0
hoptimus0,LYMPH_IDC,shipped,random,1,2,0,9980,2995,4992,0,0,0,True,True,9980,9980,0.0,0.0,0.0
hoptimus0,LYMPH_IDC,shipped,random,1,3,0,9980,2995,4992,0,0,0,True,True,9980,9980,0.0,0.0,0.0
hoptimus0,LYMPH_IDC,shipped,random,1,4,0,9980,2995,4992,0,0,0,True,True,9980,9980,0.0,0.0,0.0
hoptimus0,LYMPH_IDC,shipped,random,2,0,0,9980,2996,4988,0,0,0,True,True,9980,9980,0.0,0.0,0.0
hoptimus0,LYMPH_IDC,shipped,random,2,1,0,9980,2996,4988,0,0,0,True,True,9980,9980,0.0,0.0,0.0
hoptimus0,LYMPH_IDC,shipped,random,2,2,0,9980,2996,4988,0,0,0,True,True,9980,9980,0.0,0.0,0.0
hoptimus0,LYMPH_IDC,shipped,random,2,3,0,9980,2996,4988,0,0,0,True,True,9980,9980,0.0,0.0,0.0
hoptimus0,LYMPH_IDC,shipped,random,2,4,0,9980,2996,4988,0,0,0,True,True,9980,9980,0.0,0.0,0.0
hoptimus0,LYMPH_IDC,shipped,random,3,0,0,9980,2995,4992,0,0,0,True,True,9980,9980,0.0,0.0,0.0
hoptimus0,LYMPH_IDC,shipped,random,3,1,0,9980,2995,4992,0,0,0,True,True,9980,9980,0.0,0.0,0.0
hoptimus0,LYMPH_IDC,shipped,random,3,2,0,9980,2995,4992,0,0,0,True,True,9980,9980,0.0,0.0,0.0
hoptimus0,LYMPH_IDC,shipped,random,3,3,0,9980,2995,4992,0,0,0,True,True,9980,9980,0.0,0.0,0.0
hoptimus0,LYMPH_IDC,shipped,random,3,4,0,9980,2995,4992,0,0,0,True,True,9980,9980,0.0,0.0,0.0
hoptimus0,LYMPH_IDC,shipped,patient,0,-1,0,9980,4992,4992,0,0,0,True,True,9980,9980,0.0,0.0,0.0
hoptimus0,LYMPH_IDC,shipped,patient,0,-1,1,9980,4992,4992,0,0,0,True,True,9980,9980,0.0,0.0,0.0
hoptimus0,LYMPH_IDC,shipped,patient,0,-1,2,9980,4992,4992,0,0,0,True,True,9980,9980,0.0,0.0,0.0
hoptimus0,LYMPH_IDC,shipped,patient,1,-1,0,9980,4988,4992,0,0,0,True,True,9980,9980,0.0,0.0,0.0
hoptimus0,LYMPH_IDC,shipped,patient,1,-1,1,9980,4992,4992,0,0,0,True,True,9980,9980,0.0,0.0,0.0
hoptimus0,LYMPH_IDC,shipped,patient,1,-1,2,9980,4992,4992,0,0,0,True,True,9980,9980,0.0,0.0,0.0
hoptimus0,LYMPH_IDC,shipped,patient,2,-1,0,9980,4992,4988,0,0,0,True,True,9980,9980,0.0,0.0,0.0
hoptimus0,LYMPH_IDC,shipped,patient,2,-1,1,9980,4992,4988,0,0,0,True,True,9980,9980,0.0,0.0,0.0
hoptimus0,LYMPH_IDC,shipped,patient,2,-1,2,9980,4992,4988,0,0,0,True,True,9980,9980,0.0,0.0,0.0
hoptimus0,LYMPH_IDC,shipped,patient,3,-1,0,9980,4992,4992,0,0,0,True,True,9980,9980,0.0,0.0,0.0
hoptimus0,LYMPH_IDC,shipped,patient,3,-1,1,9980,4992,4992,0,0,0,True,True,9980,9980,0.0,0.0,0.0
hoptimus0,LYMPH_IDC,shipped,patient,3,-1,2,9980,4992,4992,0,0,0,True,True,9980,9980,0.0,0.0,0.0
hoptimus0,LYMPH_IDC,shipped,donor,Patient_3,-1,0,9980,4992,4992,0,0,0,True,True,9980,9980,0.0,0.0,0.0
hoptimus0,LYMPH_IDC,shipped,donor,Patient_3,-1,1,9980,4992,4992,0,0,0,True,True,9980,9980,0.0,0.0,0.0
hoptimus0,LYMPH_IDC,shipped,donor,Patient_3,-1,2,9980,4988,4992,0,0,0,True,True,9980,9980,0.0,0.0,0.0
hoptimus0,LYMPH_IDC,shipped,donor,Patient_6,-1,0,9980,4988,4992,0,0,0,True,True,9980,9980,0.0,0.0,0.0
hoptimus0,LYMPH_IDC,shipped,donor,Patient_6,-1,1,9980,4988,4992,0,0,0,True,True,9980,9980,0.0,0.0,0.0
hoptimus0,LYMPH_IDC,shipped,donor,Patient_6,-1,2,9980,4992,4992,0,0,0,True,True,9980,9980,0.0,0.0,0.0
hoptimus0,LYMPH_IDC,shipped,donor,Patient_7,-1,0,9980,4992,4988,0,0,0,True,True,9980,9980,0.0,0.0,0.0
hoptimus0,LYMPH_IDC,shipped,donor,Patient_7,-1,1,9980,4992,4988,0,0,0,True,True,9980,9980,0.0,0.0,0.0
hoptimus0,LYMPH_IDC,shipped,donor,Patient_7,-1,2,9980,4992,4988,0,0,0,True,True,9980,9980,0.0,0.0,0.0
hoptimus0,LYMPH_IDC,shipped,donor,Patient_8,-1,0,9980,4992,4992,0,0,0,True,True,9980,9980,0.0,0.0,0.0
hoptimus0,LYMPH_IDC,shipped,donor,Patient_8,-1,1,9980,4988,4992,0,0,0,True,True,9980,9980,0.0,0.0,0.0
hoptimus0,LYMPH_IDC,shipped,donor,Patient_8,-1,2,9980,4992,4992,0,0,0,True,True,9980,9980,0.0,0.0,0.0
hoptimus0,PAAD,shipped,random,0,0,0,1951,1113,2010,0,0,0,True,True,1951,1951,0.0,0.0,0.0
hoptimus0,PAAD,shipped,random,0,1,0,1951,1113,2010,0,0,0,True,True,1951,1951,0.0,0.0,0.0
hoptimus0,PAAD,shipped,random,0,2,0,1951,1113,2010,0,0,0,True,True,1951,1951,0.0,0.0,0.0
hoptimus0,PAAD,shipped,random,0,3,0,1951,1113,2010,0,0,0,True,True,1951,1951,0.0,0.0,0.0
hoptimus0,PAAD,shipped,random,0,4,0,1951,1113,2010,0,0,0,True,True,1951,1951,0.0,0.0,0.0
hoptimus0,PAAD,shipped,random,1,0,0,1951,793,3610,0,0,0,True,True,1951,1951,0.0,0.0,0.0
hoptimus0,PAAD,shipped,random,1,1,0,1951,793,3610,0,0,0,True,True,1951,1951,0.0,0.0,0.0
hoptimus0,PAAD,shipped,random,1,2,0,1951,793,3610,0,0,0,True,True,1951,1951,0.0,0.0,0.0
hoptimus0,PAAD,shipped,random,1,3,0,1951,793,3610,0,0,0,True,True,1951,1951,0.0,0.0,0.0
hoptimus0,PAAD,shipped,random,1,4,0,1951,793,3610,0,0,0,True,True,1951,1951,0.0,0.0,0.0
hoptimus0,PAAD,shipped,random,2,0,0,1951,1124,1951,0,0,0,True,True,1951,1951,0.0,0.0,0.0
hoptimus0,PAAD,shipped,random,2,1,0,1951,1124,1951,0,0,0,True,True,1951,1951,0.0,0.0,0.0
hoptimus0,PAAD,shipped,random,2,2,0,1951,1124,1951,0,0,0,True,True,1951,1951,0.0,0.0,0.0
hoptimus0,PAAD,shipped,random,2,3,0,1951,1124,1951,0,0,0,True,True,1951,1951,0.0,0.0,0.0
hoptimus0,PAAD,shipped,random,2,4,0,1951,1124,1951,0,0,0,True,True,1951,1951,0.0,0.0,0.0
hoptimus0,PAAD,shipped,patient,0,-1,0,1951,1951,2010,0,0,0,True,True,1951,1951,0.0,0.0,0.0
hoptimus0,PAAD,shipped,patient,1,-1,0,1951,2010,3610,0,0,0,True,True,1951,1951,0.0,0.0,0.0
hoptimus0,PAAD,shipped,patient,2,-1,0,1951,2010,1951,0,0,0,True,True,1951,1951,0.0,0.0,0.0
hoptimus0,PAAD,shipped,donor,TENX116,-1,0,1951,3610,2010,0,0,0,True,True,1951,1951,0.0,0.0,0.0
hoptimus0,PAAD,shipped,donor,TENX126,-1,0,1951,2010,1951,0,0,0,True,True,1951,1951,0.0,0.0,0.0
hoptimus0,PAAD,shipped,donor,TENX140,-1,0,1951,2010,3610,0,0,0,True,True,1951,1951,0.0,0.0,0.0
hoptimus0,PRAD,shipped,random,0,0,0,19299,7364,25891,0,0,0,True,True,19299,19299,0.0,0.0,0.0
hoptimus0,PRAD,shipped,random,0,1,0,19299,7364,25891,0,0,0,True,True,19299,19299,0.0,0.0,0.0
hoptimus0,PRAD,shipped,random,0,2,0,19299,7364,25891,0,0,0,True,True,19299,19299,0.0,0.0,0.0
hoptimus0,PRAD,shipped,random,0,3,0,19299,7364,25891,0,0,0,True,True,19299,19299,0.0,0.0,0.0
hoptimus0,PRAD,shipped,random,0,4,0,19299,7364,25891,0,0,0,True,True,19299,19299,0.0,0.0,0.0
hoptimus0,PRAD,shipped,random,1,0,0,19299,5179,36819,0,0,0,True,True,19299,19299,0.0,0.0,0.0
hoptimus0,PRAD,shipped,random,1,1,0,19299,5179,36819,0,0,0,True,True,19299,19299,0.0,0.0,0.0
hoptimus0,PRAD,shipped,random,1,2,0,19299,5179,36819,0,0,0,True,True,19299,19299,0.0,0.0,0.0
hoptimus0,PRAD,shipped,random,1,3,0,19299,5179,36819,0,0,0,True,True,19299,19299,0.0,0.0,0.0
hoptimus0,PRAD,shipped,random,1,4,0,19299,5179,36819,0,0,0,True,True,19299,19299,0.0,0.0,0.0
hoptimus0,PRAD,shipped,patient,0,-1,0,19299,7216,25891,0,0,0,True,True,19299,19299,0.0,0.0,0.0
hoptimus0,PRAD,shipped,patient,0,-1,1,19299,11236,25891,0,0,0,True,True,19299,19299,0.0,0.0,0.0
hoptimus0,PRAD,shipped,patient,0,-1,2,19299,7471,25891,0,0,0,True,True,19299,19299,0.0,0.0,0.0
hoptimus0,PRAD,shipped,patient,1,-1,0,19299,6290,36819,0,0,0,True,True,19299,19299,0.0,0.0,0.0
hoptimus0,PRAD,shipped,patient,1,-1,1,19299,5384,36819,0,0,0,True,True,19299,19299,0.0,0.0,0.0
hoptimus0,PRAD,shipped,patient,1,-1,2,19299,5828,36819,0,0,0,True,True,19299,19299,0.0,0.0,0.0
hoptimus0,PRAD,shipped,donor,PRAD_patient1,-1,0,19299,12280,25891,0,0,0,True,True,19299,19299,0.0,0.0,0.0
hoptimus0,PRAD,shipped,donor,PRAD_patient1,-1,1,19299,10917,25891,0,0,0,True,True,19299,19299,0.0,0.0,0.0
hoptimus0,PRAD,shipped,donor,PRAD_patient1,-1,2,19299,9866,25891,0,0,0,True,True,19299,19299,0.0,0.0,0.0
hoptimus0,PRAD,shipped,donor,PRAD_patient2,-1,0,19299,6163,36819,0,0,0,True,True,19299,19299,0.0,0.0,0.0
hoptimus0,PRAD,shipped,donor,PRAD_patient2,-1,1,19299,5799,36819,0,0,0,True,True,19299,19299,0.0,0.0,0.0
hoptimus0,PRAD,shipped,donor,PRAD_patient2,-1,2,19299,6592,36819,0,0,0,True,True,19299,19299,0.0,0.0,0.0
hoptimus0,READ,shipped,random,0,0,0,2128,764,4588,0,0,0,True,True,2128,2128,0.0,0.0,0.0
hoptimus0,READ,shipped,random,0,1,0,2128,764,4588,0,0,0,True,True,2128,2128,0.0,0.0,0.0
hoptimus0,READ,shipped,random,0,2,0,2128,764,4588,0,0,0,True,True,2128,2128,0.0,0.0,0.0
hoptimus0,READ,shipped,random,0,3,0,2128,764,4588,0,0,0,True,True,2128,2128,0.0,0.0,0.0
hoptimus0,READ,shipped,random,0,4,0,2128,764,4588,0,0,0,True,True,2128,2128,0.0,0.0,0.0
hoptimus0,READ,shipped,random,1,0,0,2128,918,3819,0,0,0,True,True,2128,2128,0.0,0.0,0.0
hoptimus0,READ,shipped,random,1,1,0,2128,918,3819,0,0,0,True,True,2128,2128,0.0,0.0,0.0
hoptimus0,READ,shipped,random,1,2,0,2128,918,3819,0,0,0,True,True,2128,2128,0.0,0.0,0.0
hoptimus0,READ,shipped,random,1,3,0,2128,918,3819,0,0,0,True,True,2128,2128,0.0,0.0,0.0
hoptimus0,READ,shipped,random,1,4,0,2128,918,3819,0,0,0,True,True,2128,2128,0.0,0.0,0.0
hoptimus0,READ,shipped,patient,0,-1,0,2128,1691,4588,0,0,0,True,True,2128,2128,0.0,0.0,0.0
hoptimus0,READ,shipped,patient,1,-1,0,2128,2385,3819,0,0,0,True,True,2128,2128,0.0,0.0,0.0
hoptimus0,READ,shipped,donor,READ_specimen1,-1,0,2128,1691,4588,0,0,0,True,True,2128,2128,0.0,0.0,0.0
hoptimus0,READ,shipped,donor,READ_specimen7,-1,0,2128,2385,3819,0,0,0,True,True,2128,2128,0.0,0.0,0.0
hoptimus0,SKCM,shipped,random,0,0,0,693,349,1293,0,0,0,True,True,693,693,0.0,0.0,0.0
hoptimus0,SKCM,shipped,random,0,1,0,693,349,1293,0,0,0,True,True,693,693,0.0,0.0,0.0
hoptimus0,SKCM,shipped,random,0,2,0,693,349,1293,0,0,0,True,True,693,693,0.0,0.0,0.0
hoptimus0,SKCM,shipped,random,0,3,0,693,349,1293,0,0,0,True,True,693,693,0.0,0.0,0.0
hoptimus0,SKCM,shipped,random,0,4,0,693,349,1293,0,0,0,True,True,693,693,0.0,0.0,0.0
hoptimus0,SKCM,shipped,random,1,0,0,693,259,1741,0,0,0,True,True,693,693,0.0,0.0,0.0
hoptimus0,SKCM,shipped,random,1,1,0,693,259,1741,0,0,0,True,True,693,693,0.0,0.0,0.0
hoptimus0,SKCM,shipped,random,1,2,0,693,259,1741,0,0,0,True,True,693,693,0.0,0.0,0.0
hoptimus0,SKCM,shipped,random,1,3,0,693,259,1741,0,0,0,True,True,693,693,0.0,0.0,0.0
hoptimus0,SKCM,shipped,random,1,4,0,693,259,1741,0,0,0,True,True,693,693,0.0,0.0,0.0
hoptimus0,SKCM,shipped,patient,0,-1,0,693,351,1293,0,0,0,True,True,693,693,0.0,0.0,0.0
hoptimus0,SKCM,shipped,patient,0,-1,1,693,364,1293,0,0,0,True,True,693,693,0.0,0.0,0.0
hoptimus0,SKCM,shipped,patient,0,-1,2,693,378,1293,0,0,0,True,True,693,693,0.0,0.0,0.0
hoptimus0,SKCM,shipped,patient,1,-1,0,693,306,1741,0,0,0,True,True,693,693,0.0,0.0,0.0
hoptimus0,SKCM,shipped,patient,1,-1,1,693,285,1741,0,0,0,True,True,693,693,0.0,0.0,0.0
hoptimus0,SKCM,shipped,patient,1,-1,2,693,262,1741,0,0,0,True,True,693,693,0.0,0.0,0.0
hoptimus0,SKCM,shipped,donor,SKCM_hest_patient_1,-1,0,693,413,1293,0,0,0,True,True,693,693,0.0,0.0,0.0
hoptimus0,SKCM,shipped,donor,SKCM_hest_patient_1,-1,1,693,360,1293,0,0,0,True,True,693,693,0.0,0.0,0.0
hoptimus0,SKCM,shipped,donor,SKCM_hest_patient_1,-1,2,693,429,1293,0,0,0,True,True,693,693,0.0,0.0,0.0
hoptimus0,SKCM,shipped,donor,SKCM_hest_patient_2,-1,0,693,274,1741,0,0,0,True,True,693,693,0.0,0.0,0.0
hoptimus0,SKCM,shipped,donor,SKCM_hest_patient_2,-1,1,693,299,1741,0,0,0,True,True,693,693,0.0,0.0,0.0
hoptimus0,SKCM,shipped,donor,SKCM_hest_patient_2,-1,2,693,287,1741,0,0,0,True,True,693,693,0.0,0.0,0.0
