encoder,task,label_set,design,fold,repeat,cal_draw,sigma_floor,frac_cal_at_floor,frac_test_at_floor,sigma_median_cal,sigma_median_test,sigma_min_raw_cal,score_p90_cal,score_p99_cal
resnet50,CCRCC,shipped,random,0,0,0,0.001,0.0001450313339301701,0.00011757661531762017,0.4357886590833644,0.43483414247546537,-0.12136680875507122,1.8762091694274379,3.7317606669589627
resnet50,CCRCC,shipped,random,0,1,0,0.001,0.0001414503133393017,0.00012084263240977627,0.4355012170506011,0.4356514959209321,-0.08303115300293734,1.8615057163335627,3.697389539313241
resnet50,CCRCC,shipped,random,0,2,0,0.001,0.00013786929274843331,0.00016221218224375374,0.43494515124034294,0.4356603048599721,-0.1256355203088545,1.876342487227414,3.7394976901752845
resnet50,CCRCC,shipped,random,0,3,0,0.001,0.00015577439570277528,0.00013935006259866093,0.4347447882237192,0.4355799740287573,-0.11640044621517265,1.8790770451639425,3.7724271380517282
resnet50,CCRCC,shipped,random,0,4,0,0.001,0.00011817367949865711,0.0001556801480594415,0.4347292852655106,0.43505482363685544,-0.08060023023178076,1.8745649289103896,3.7537084197158745
resnet50,CCRCC,shipped,random,1,0,0,0.001,0.00011824698839701426,0.0001217841376160755,0.4359623289167819,0.43560496259086195,-0.12797203902053444,1.86618920120625,3.670227963226881
resnet50,CCRCC,shipped,random,1,1,0,0.001,0.00014041829872145443,0.00018267620642411326,0.43466615329230307,0.4351496838116128,-0.13227647814306487,1.876045152797614,3.728703690318046
resnet50,CCRCC,shipped,random,1,2,0,0.001,0.00011233463897716355,0.00011873953417567361,0.43509386649011367,0.4363400611125029,-0.08189837881484818,1.8789095639399618,3.6979408069277167
resnet50,CCRCC,shipped,random,1,3,0,0.001,0.0001226812504619023,0.00014309636169888872,0.4349329297832373,0.43362543162079437,-0.13299294738881856,1.882625238860193,3.748161916712335
resnet50,CCRCC,shipped,random,1,4,0,0.001,0.00014041829872145443,0.00010656112041406607,0.4355391893171192,0.4361106855933916,-0.09531526786939742,1.8817229169149319,3.768576321667453
resnet50,CCRCC,shipped,random,2,0,0,0.001,0.00011029701410226108,0.00015619189289698773,0.4345096538962223,0.43410612319659503,-0.10088746943286414,1.8813312782495575,3.757375564801596
resnet50,CCRCC,shipped,random,2,1,0,0.001,0.00011029701410226108,0.00010598735589438453,0.43405198317754806,0.43681904897396673,-0.07763116457570846,1.874973299089281,3.698162157103773
resnet50,CCRCC,shipped,random,2,2,0,0.001,0.00010084298432206728,0.0001692078839717367,0.43447938477832226,0.4336942691765582,-0.08817661129357685,1.8771688302823055,3.7128542895745746
resnet50,CCRCC,shipped,random,2,3,0,0.001,0.0001276294020326164,0.00011528449237634808,0.4340525201670238,0.4353102747453276,-0.0955479318131992,1.8785119250091393,3.7338713046249095
resnet50,CCRCC,shipped,random,2,4,0,0.001,8.351059639171197e-05,9.669021941242097e-05,0.4353516298017661,0.4351716111384172,-0.0880660973058845,1.8651988417995724,3.6931438537554278
resnet50,CCRCC,shipped,random,3,0,0,0.001,0.00010283159463487333,9.547879809042404e-05,0.436179069677903,0.43535753524542037,-0.09311819862766813,1.8756575463405576,3.6658912069561316
resnet50,CCRCC,shipped,random,3,1,0,0.001,0.00012071535022354694,0.00010671159786576804,0.4339593386924828,0.43624908786446437,-0.12407785948667954,1.8721577642531184,3.7472515656760503
resnet50,CCRCC,shipped,random,3,2,0,0.001,0.00011177347242921013,0.00017410839651783207,0.4345411590643725,0.4353046022550559,-0.09674349674330474,1.8798951477022705,3.7342624600401453
resnet50,CCRCC,shipped,random,3,3,0,0.001,0.00014008941877794337,0.00012917719741645605,0.43616069837123606,0.43504877741407866,-0.13844710943935895,1.873040856099918,3.7305583344967337
resnet50,CCRCC,shipped,random,3,4,0,0.001,0.0001639344262295082,0.00013479359730412806,0.4350048880939942,0.4343607161682923,-0.10507269013638676,1.882112751498157,3.7550062412672913
resnet50,CCRCC,shipped,random,4,0,0,0.001,0.00012105926860025221,0.00013425549227013832,0.43551142982398316,0.43557888528570843,-0.11468464432680053,1.8735464520066238,3.7129955443391345
resnet50,CCRCC,shipped,random,4,1,0,0.001,7.734342160571668e-05,0.00011391375101708707,0.43556976347858267,0.43483050430334735,-0.06202138627199455,1.8633932912785796,3.6897839360776894
resnet50,CCRCC,shipped,random,4,2,0,0.001,0.00015973097940311055,0.00011526986710062382,0.43390615806452215,0.43443604005401515,-0.12863299745664314,1.8807392364251911,3.742641146669689
resnet50,CCRCC,shipped,random,4,3,0,0.001,0.00013787305590584278,0.00011662598318416057,0.4340023302928921,0.4352775778886635,-0.07768905758876865,1.8824208338984751,3.771686425965404
resnet50,CCRCC,shipped,random,4,4,0,0.001,0.00012442202606137033,0.00013832384052074858,0.4352168771627888,0.4357749360448072,-0.1485895760319258,1.864394289053985,3.6724875813981646
resnet50,CCRCC,shipped,random,5,0,0,0.001,0.00014590932777488276,0.000153716824786838,0.4341244888659734,0.43338249534360096,-0.12232829097399855,1.8801450201836543,3.769836400190607
resnet50,CCRCC,shipped,random,5,1,0,0.001,0.00011638005905853743,0.00011889035667107,0.43488178636289376,0.4351364235573444,-0.09500847777631477,1.8779229960816448,3.7219644461953942
resnet50,CCRCC,shipped,random,5,2,0,0.001,0.00011985409067222512,0.00011168488050918698,0.4350836629977676,0.43621198294694286,-0.09869331385751401,1.8694566835720137,3.719007090838429
resnet50,CCRCC,shipped,random,5,3,0,0.001,0.0001111690116380059,0.00015251591209319084,0.43526989690606216,0.4347444981622449,-0.07909915068521678,1.8795965108504205,3.7502268420940457
resnet50,CCRCC,shipped,random,5,4,0,0.001,0.00011811707486538128,0.00013330130899483607,0.43686365376533765,0.434506215095038,-0.1716489181719485,1.870802223436179,3.7076645049977635
resnet50,CCRCC,shipped,patient,0,-1,0,0.001,1.2838147638697845e-05,0.00010342387458494367,0.45622827195313753,0.3981685947536764,-0.04113677893409101,2.7993930283437107,5.237064195857888
resnet50,CCRCC,shipped,patient,0,-1,1,0.001,0.0007922180352291649,0.00040280877469925423,0.3994747712431037,0.4042545044221163,-0.38319827899772835,3.2925461243132554,7.4022177187839135
resnet50,CCRCC,shipped,patient,0,-1,2,0.001,0.00026696217196393494,0.0004430896521691797,0.3978365336807435,0.37882727824766615,-0.403501041408841,3.23404941378327,6.930558258298729
resnet50,CCRCC,shipped,patient,1,-1,0,0.001,0.0006462078035949146,0.0,0.41048215692721135,0.5287009399511964,-0.1886797572847686,2.229286081500406,5.313290369193804
resnet50,CCRCC,shipped,patient,1,-1,1,0.001,0.00021645292461682829,0.00018267620642411326,0.3912328565837903,0.522169418638286,-0.2410385625963855,2.8230839161869503,5.925388383074398
resnet50,CCRCC,shipped,patient,1,-1,2,0.001,0.00030829817158931083,9.133810321205662e-06,0.4069671615121676,0.5707152714907556,-0.21668287418696103,2.4865716903355004,5.22426257058634
resnet50,CCRCC,shipped,patient,2,-1,0,0.001,0.00026881995195993254,5.206396429899591e-05,0.3822279515208439,0.4373989946126012,-0.20398287132255088,2.3026195773952396,5.056706101121301
resnet50,CCRCC,shipped,patient,2,-1,1,0.001,0.0005463293496818252,4.4626255113425064e-05,0.4128962741532868,0.42164611889546144,-0.2545958013521299,2.4812192765161516,5.8384136036205545
resnet50,CCRCC,shipped,patient,2,-1,2,0.001,0.0015380017930072716,0.0005392339159538862,0.3805507056250159,0.39292356485140995,-0.34109000576966,4.023190845461373,8.170541371385257
resnet50,CCRCC,shipped,patient,3,-1,0,0.001,0.0005219161154321436,8.986239820275204e-05,0.395035928677106,0.45391313472846584,-0.18935716015350335,2.7669159826864167,6.22691792258493
resnet50,CCRCC,shipped,patient,3,-1,1,0.001,0.00028229960848959407,0.00017972479640550407,0.39263759172461726,0.4772459454521849,-0.2675015952297764,2.5279605153022624,5.337154703878197
resnet50,CCRCC,shipped,patient,3,-1,2,0.001,0.00020229265003371543,0.00010671159786576804,0.41449542816554985,0.4796112354147217,-0.18437688480209902,2.1456914020522886,4.480518961888207
resnet50,CCRCC,shipped,patient,4,-1,0,0.001,0.0005878769418215048,0.0006156767019256848,0.4240597556546228,0.4109178607863285,-0.22617094239338403,3.150297717189782,6.56419679185203
resnet50,CCRCC,shipped,patient,4,-1,1,0.001,5.283281195689955e-05,9.764035801464605e-05,0.4072054655741049,0.39742822325658467,-0.09667464341832427,2.5153827819118133,5.066152912187334
resnet50,CCRCC,shipped,patient,4,-1,2,0.001,2.2253455141719373e-05,0.00013832384052074858,0.4163134592570886,0.3943985269637031,-0.0769930954318846,2.5739533688278535,5.338358605048829
resnet50,CCRCC,shipped,patient,5,-1,0,0.001,7.17626705965272e-05,0.000775789600096073,0.4568032111718672,0.3943875852213159,-0.10264388566673294,2.2977572134389344,4.865418934478383
resnet50,CCRCC,shipped,patient,5,-1,1,0.001,5.6953013763645e-06,0.00024498618950402303,0.47406193971532035,0.39807037507663945,-0.018056934485362386,2.258464142542344,4.172203886693847
resnet50,CCRCC,shipped,patient,5,-1,2,0.001,0.00018137013307047806,0.0004995796805572235,0.4764507473755552,0.39326182512244595,-0.2888643168674808,3.017409979657027,6.225467879167389
resnet50,CCRCC,shipped,donor,INT1,-1,0,0.001,7.509613209681068e-05,0.0,0.4019670055664327,0.5593813657122569,-0.18875120658357913,2.1254902619466334,4.593728597220855
resnet50,CCRCC,shipped,donor,INT1,-1,1,0.001,6.476798864342117e-05,0.0,0.40407936713090614,0.42940467858444725,-0.2974904341240385,2.898872442546463,5.791163332887764
resnet50,CCRCC,shipped,donor,INT1,-1,2,0.001,0.00016992644123852427,0.0,0.4239936610632993,0.570285296635449,-0.1584505233389893,2.3983602888515088,5.062190279838119
resnet50,CCRCC,shipped,donor,INT10,-1,0,0.001,0.00030263601754132333,0.00037317196167423097,0.4102547247327216,0.4576298934377522,-0.2018985529909142,2.681199531409364,6.087513610683768
resnet50,CCRCC,shipped,donor,INT10,-1,1,0.001,0.0016723671448261779,0.0019667170953101363,0.41519514511361777,0.36759796083601504,-0.23751606507217443,3.0409505148184914,7.246604154380297
resnet50,CCRCC,shipped,donor,INT10,-1,2,0.001,8.927432725417676e-06,0.00016137165910237015,0.4513591039777955,0.45048282936692075,-0.031776564792452944,2.2821947492347974,4.792586060651423
resnet50,CCRCC,shipped,donor,INT11,-1,0,0.001,5.2224886757260855e-05,2.7797081306462822e-05,0.4226709046980515,0.4733748389209907,-0.15128759345901066,2.150675447392191,4.3030927361270725
resnet50,CCRCC,shipped,donor,INT11,-1,1,0.001,0.00010114291493880854,1.3898540653231411e-05,0.42561192949383014,0.43005999284887253,-0.2518189742116136,2.7989030654046076,5.82484810841587
resnet50,CCRCC,shipped,donor,INT11,-1,2,0.001,9.94494761143669e-05,9.728978457261988e-05,0.411785721501047,0.4467343761754473,-0.1474340966488008,2.157246655718805,4.664694000163155
resnet50,CCRCC,shipped,donor,INT12,-1,0,0.001,0.0002614650342394688,0.0,0.4278990067397901,0.5780099647746074,-0.2019334723247292,2.6217860250320877,5.408111168727247
resnet50,CCRCC,shipped,donor,INT12,-1,1,0.001,9.41521079610838e-05,0.0,0.44675009499292,0.557620641579676,-0.11859983924631279,2.1510231792202386,4.358582380398817
resnet50,CCRCC,shipped,donor,INT12,-1,2,0.001,0.0001659874027417562,0.0,0.4617879416792381,0.5797573090566777,-0.1820220679361098,2.483897676156455,5.1800228989120525
resnet50,CCRCC,shipped,donor,INT13,-1,0,0.001,0.00039016460069091647,1.3764624913971094e-05,0.46085079315071065,0.3771730355289067,-0.12702881014102313,2.362355119338051,4.936976307635657
resnet50,CCRCC,shipped,donor,INT13,-1,1,0.001,0.00023765174384995824,4.588208304657031e-05,0.4511116995599388,0.38108860985148746,-0.245774602860242,2.3639371290510334,5.171862206028659
resnet50,CCRCC,shipped,donor,INT13,-1,2,0.001,0.0009020164725930134,0.00012388162422573984,0.4150854471200268,0.3720697679245054,-0.37323091943486386,2.576495173769059,6.191178959359183
resnet50,CCRCC,shipped,donor,INT14,-1,0,0.001,0.00017769966803358718,3.068829460762823e-05,0.4402859870078575,0.4221875119086975,-0.17829838778409873,2.563250139887083,5.444434672242066
resnet50,CCRCC,shipped,donor,INT14,-1,1,0.001,4.1631185542624655e-05,1.7536168347216134e-05,0.47101348301691714,0.4121791000842552,-0.09224127166860024,2.462636175554725,5.033887272343607
resnet50,CCRCC,shipped,donor,INT14,-1,2,0.001,0.0006643180674383493,8.768084173608067e-06,0.4287970715633168,0.39007364772253794,-0.3145612524654316,2.3545277496241823,5.141725691293286
resnet50,CCRCC,shipped,donor,INT15,-1,0,0.001,0.00011185578923041368,0.0,0.44705267637355395,0.46183472043297197,-0.1840781819207955,2.1559292066946143,4.336379410389344
resnet50,CCRCC,shipped,donor,INT15,-1,1,0.001,0.0006739141635323819,1.2145748987854251e-05,0.3921824377273046,0.4240910373241634,-0.35328707228004047,3.093764806238012,6.968773583078564
resnet50,CCRCC,shipped,donor,INT15,-1,2,0.001,6.079570853822083e-05,0.0,0.41958037196443787,0.4419331479399858,-0.1418580668891693,2.2571275652186316,4.874191729800211
resnet50,CCRCC,shipped,donor,INT16,-1,0,0.001,0.00010538780343398461,4.3668122270742355e-05,0.45480317648872576,0.377840112612886,-0.10283535148238893,2.21950263914202,4.481869406496134
resnet50,CCRCC,shipped,donor,INT16,-1,1,0.001,7.516973811833171e-05,7.485963817841548e-05,0.44227312603285784,0.381349737642408,-0.08794978057282915,2.2089720143548046,4.044409547307443
resnet50,CCRCC,shipped,donor,INT16,-1,2,0.001,0.000369046468940199,0.0006862133499688085,0.418349689046721,0.39696511314564553,-0.2361486725334998,2.205327709368109,4.806917503915256
resnet50,CCRCC,shipped,donor,INT17,-1,0,0.001,7.451564828614009e-05,0.0008145048814504882,0.42490270544442843,0.3635552526011576,-0.08842053103596204,2.110642145880788,4.211028497040925
resnet50,CCRCC,shipped,donor,INT17,-1,1,0.001,7.12896953985742e-05,0.0012217573221757322,0.41298720458822735,0.33094008821289544,-0.16725848006589916,2.486747843980873,5.140887696346707
resnet50,CCRCC,shipped,donor,INT17,-1,2,0.001,4.8753564529482106e-05,0.0022649930264993026,0.4411844970211173,0.3311996502851827,-0.13414682879815004,2.3115074938225693,4.827750455201079
resnet50,CCRCC,shipped,donor,INT18,-1,0,0.001,0.00025129270767892525,0.0001180061037639878,0.4199796736858196,0.4820068015633594,-0.20416684509051625,2.130884789774429,4.716236851921563
resnet50,CCRCC,shipped,donor,INT18,-1,1,0.001,0.00022669220945083015,0.0001098677517802645,0.4287909273803807,0.4354249350237192,-0.22664092534410635,3.1442348619699367,6.539413736210468
resnet50,CCRCC,shipped,donor,INT18,-1,2,0.001,0.0012167942368302566,0.00011393692777212615,0.40630444913993125,0.4203071634957656,-0.2965647152135827,2.898548658295077,6.579903255286176
resnet50,CCRCC,shipped,donor,INT19,-1,0,0.001,7.789461970733878e-06,0.00018593371059013743,0.45209291587959133,0.3613995434774687,-0.04258838003537874,2.2254445874490036,4.583774526595707
resnet50,CCRCC,shipped,donor,INT19,-1,1,0.001,2.3736055067647758e-06,0.00013338722716248988,0.4820976815093037,0.3702993683208714,-0.027478083818341215,2.1809515897073055,4.160394738545118
resnet50,CCRCC,shipped,donor,INT19,-1,2,0.001,0.00015833685864507163,0.0002910266774454325,0.44589001934858186,0.34772472615763406,-0.13353709309993905,2.3883524754892203,5.146709191159955
resnet50,CCRCC,shipped,donor,INT2,-1,0,0.001,0.0008886290558316282,0.00026356589147286824,0.4155641264519691,0.4048851486795042,-0.23342741446804338,3.098054921246298,7.085335637387627
resnet50,CCRCC,shipped,donor,INT2,-1,1,0.001,1.527165932452276e-05,5.426356589147287e-05,0.4497940006684553,0.45476425228383643,-0.03959004547862077,2.098862862454192,3.9814867054138023
resnet50,CCRCC,shipped,donor,INT2,-1,2,0.001,4.158004158004158e-05,1.5503875968992248e-05,0.45525610180503717,0.4814995177906632,-0.15327043807863228,2.385823076997611,4.887698665960778
resnet50,CCRCC,shipped,donor,INT20,-1,0,0.001,4.719667995768574e-05,0.00018930041152263375,0.4700340251420549,0.3466379253219688,-0.10673779051622906,2.120545053998776,3.9821057114178915
resnet50,CCRCC,shipped,donor,INT20,-1,1,0.001,0.0003772916482153928,0.0004979423868312757,0.4113820053738167,0.3475456872563484,-0.2271067583129503,2.4341247230753296,5.593077742580513
resnet50,CCRCC,shipped,donor,INT20,-1,2,0.001,0.0001524390243902439,0.00023868312757201646,0.4202182748078074,0.3543471103753409,-0.17374274520584598,2.3018757217286674,4.980435566436029
resnet50,CCRCC,shipped,donor,INT21,-1,0,0.001,8.193775605548768e-05,0.0,0.43063255861531335,0.4254222511388428,-0.2401410352560609,2.328554404674211,5.008289324746623
resnet50,CCRCC,shipped,donor,INT21,-1,1,0.001,3.637686431429611e-05,4.020100502512563e-06,0.45228506849924666,0.4266715887235578,-0.11389796208326469,2.910082987136327,6.067714760800501
resnet50,CCRCC,shipped,donor,INT21,-1,2,0.001,0.0003350679020180226,0.0,0.4284449064007523,0.42920945791728804,-0.25284539343022505,2.4672017711173866,5.295814302029778
resnet50,CCRCC,shipped,donor,INT22,-1,0,0.001,0.0010155228293625973,9.924262209454166e-05,0.372546392580525,0.38276192657146235,-0.24242050304086982,2.6693123540740498,6.714727561541186
resnet50,CCRCC,shipped,donor,INT22,-1,1,0.001,0.00033509124002426845,1.5669887699138157e-05,0.4018339225565613,0.39894527802956475,-0.20075515882264777,2.5530247986096235,5.842894269663321
resnet50,CCRCC,shipped,donor,INT22,-1,2,0.001,0.004599974316167973,0.000668581875163228,0.3449208420909754,0.35458910709493896,-0.3374217968999358,3.4508804925062617,15.673561096280897
resnet50,CCRCC,shipped,donor,INT23,-1,0,0.001,0.0003030020510908074,5.0473186119873815e-05,0.3987414203051303,0.43877495704707004,-0.16721191609353114,2.4247386437182663,5.20565034465797
resnet50,CCRCC,shipped,donor,INT23,-1,1,0.001,0.00035471136792722695,1.6824395373291273e-05,0.4146014187978994,0.40755821744403997,-0.22370665235598486,3.121465579610207,6.208757564356116
resnet50,CCRCC,shipped,donor,INT23,-1,2,0.001,0.0005365890421282689,0.0,0.4091760517329679,0.4136721478530975,-0.336593319077374,3.1917283646612153,6.399266017752495
resnet50,CCRCC,shipped,donor,INT24,-1,0,0.001,7.105360835675275e-05,0.00044789356984478935,0.4327776192532917,0.3915180924838728,-0.42775124140884657,2.616784256191911,5.66417323598532
resnet50,CCRCC,shipped,donor,INT24,-1,1,0.001,0.00010762034852435945,0.002181818181818182,0.41342575525639397,0.394253460977516,-0.20614647748020293,2.547405411966261,5.412390969135188
resnet50,CCRCC,shipped,donor,INT24,-1,2,0.001,6.902694277443777e-05,0.000917960088691796,0.45364008563903246,0.4021112600641822,-0.12390494310782735,2.15775400303614,4.1632186127160375
resnet50,CCRCC,shipped,donor,INT3,-1,0,0.001,0.00020841525756979946,0.0005480817140009965,0.41164918404796547,0.42527185551342195,-0.29318925436007415,2.9438304820516934,6.329729528047334
resnet50,CCRCC,shipped,donor,INT3,-1,1,0.001,5.723502783703627e-05,0.0005281514698555058,0.4378290212349384,0.4519121520279309,-0.2727051008650107,3.103282383584014,5.864054220000134
resnet50,CCRCC,shipped,donor,INT3,-1,2,0.001,0.0006661251015434606,0.0002391629297458894,0.407081315462289,0.4354811764281421,-0.3256938515753089,2.795032475681814,6.082148522283369
resnet50,CCRCC,shipped,donor,INT4,-1,0,0.001,9.698750918442322e-05,1.4825796886582654e-05,0.448923851724569,0.4824517618076233,-0.10211453080284388,2.3706240889569097,4.660665784617359
resnet50,CCRCC,shipped,donor,INT4,-1,1,0.001,0.00025700707981767045,0.0,0.398425672023489,0.441821289682805,-0.49277500369377003,2.748831415541768,6.001903667156953
resnet50,CCRCC,shipped,donor,INT4,-1,2,0.001,4.603244191144235e-05,0.0,0.4122739201602661,0.4791342412144821,-0.0769427200279823,2.314151938239592,4.726847450370828
resnet50,CCRCC,shipped,donor,INT5,-1,0,0.001,0.0003317612619938201,0.0006408094435075885,0.400429667607884,0.504494799515229,-0.2752335506309679,2.4463983081850635,5.257225936907595
resnet50,CCRCC,shipped,donor,INT5,-1,1,0.001,0.00036603729873740297,0.00030354131534569986,0.4035205529925384,0.5150958185935113,-0.1469662461285422,2.603646758989879,5.911920095406381
resnet50,CCRCC,shipped,donor,INT5,-1,2,0.001,3.045230631437528e-05,0.00037099494097807755,0.42743163680659346,0.518303912846675,-0.14403375600427681,2.2596398622244394,4.5858749638256615
resnet50,CCRCC,shipped,donor,INT6,-1,0,0.001,0.0002853569804456571,1.1918951132300358e-05,0.4005019923461586,0.5021833303181064,-0.14414105119115178,3.2619426246892553,7.785369086774157
resnet50,CCRCC,shipped,donor,INT6,-1,1,0.001,0.0001421068890948409,0.0004767580452920143,0.42888262221546924,0.4123380261210693,-0.33122371286396063,2.8329143503659164,6.244771940564495
resnet50,CCRCC,shipped,donor,INT6,-1,2,0.001,0.00017937219730941703,2.3837902264600716e-05,0.4465821735196186,0.5448861913624277,-0.22793140010750151,2.1785940368315115,4.549651224953693
resnet50,CCRCC,shipped,donor,INT7,-1,0,0.001,0.0002822857747000053,0.0,0.4101079621074005,0.4414494361503788,-0.19394170374343156,2.3898246956732785,5.21930485709215
resnet50,CCRCC,shipped,donor,INT7,-1,1,0.001,7.49395648670427e-05,8.424599831508003e-06,0.4310201630564859,0.47185460363044274,-0.19624927979873824,2.1523228345406067,4.434046395637391
resnet50,CCRCC,shipped,donor,INT7,-1,2,0.001,4.33187464085223e-05,1.6849199663016007e-05,0.45931399047894783,0.42045909181232477,-0.12136132893690776,2.2972131332733627,5.213028508854821
resnet50,CCRCC,shipped,donor,INT8,-1,0,0.001,5.7082638096074473e-05,3.078501795792714e-05,0.41554072614101245,0.4512959763865124,-0.15178885541808734,2.4473718011127192,5.110389349436485
resnet50,CCRCC,shipped,donor,INT8,-1,1,0.001,7.904282388609171e-05,0.0001026167265264238,0.40013009748157813,0.4488991511473813,-0.13514662608105676,2.685293907101667,5.614311699268859
resnet50,CCRCC,shipped,donor,INT8,-1,2,0.001,0.0004773578796429067,2.0523345305284762e-05,0.4145096309999724,0.4597401294003301,-0.2683398566666473,2.346461912250464,5.561060234024352
resnet50,CCRCC,shipped,donor,INT9,-1,0,0.001,3.965421524308034e-05,1.1792452830188679e-05,0.4348247030130859,0.5453380567410588,-0.16127836456342742,3.07163431830295,5.723850058331795
resnet50,CCRCC,shipped,donor,INT9,-1,1,0.001,0.0010461208785856914,0.0,0.392114030003748,0.5944855372570448,-0.313434029829538,2.756898063343835,7.001926555685077
resnet50,CCRCC,shipped,donor,INT9,-1,2,0.001,0.00016464176223458612,0.00020047169811320754,0.41119972769912305,0.49965782000158304,-0.22495186058206407,2.576842357698687,5.684563100167157
resnet50,COAD,shipped,random,0,0,0,0.001,0.0018700787401574803,0.0015209988649262202,0.5236858731960471,0.5193078365038422,-0.3418956189643161,2.330975858014285,5.674646192419367
resnet50,COAD,shipped,random,0,1,0,0.001,0.0013976377952755906,0.001341278849791903,0.5144819056422667,0.516900727486661,-0.3394051712307028,2.3165396670992355,5.442994597126172
resnet50,COAD,shipped,random,0,2,0,0.001,0.0013779527559055118,0.0015588346575860763,0.5211755516963521,0.5238584808857676,-0.24600111816724057,2.306045930972223,5.242787251613085
resnet50,COAD,shipped,random,0,3,0,0.001,0.0017519685039370078,0.001905032160423761,0.5225558479398782,0.5237289766514082,-0.3883280822385071,2.290707525563283,5.599632134326448
resnet50,COAD,shipped,random,0,4,0,0.001,0.0020078740157480316,0.0018066590995081348,0.5212161155641544,0.5225356359249613,-0.23906294195364197,2.340318532440839,5.861895323390611
resnet50,COAD,shipped,random,1,0,0,0.001,0.001872340425531915,0.0016538688718251624,0.5206319275830833,0.5216461273116426,-0.5007746432883461,2.3261003900594313,5.684613386828883
resnet50,COAD,shipped,random,1,1,0,0.001,0.0019196217494089835,0.0018113801929513684,0.5242586058409865,0.5211197363877415,-0.3503295155878142,2.331983727426532,5.619682380958467
resnet50,COAD,shipped,random,1,2,0,0.001,0.0017399527186761229,0.001693246702106714,0.5227826614988899,0.52342471773286,-0.6161878653064834,2.325169758468717,5.483573548661291
resnet50,COAD,shipped,random,1,3,0,0.001,0.0014278959810874704,0.001882260287458161,0.5202604915597675,0.5169775277379327,-0.4209690468329744,2.340496618413629,5.451394021366779
resnet50,COAD,shipped,random,1,4,0,0.001,0.0019574468085106385,0.0016617444378814728,0.5121813923061742,0.5142477014506943,-0.6109023432513342,2.378515243782817,5.928251254881321
resnet50,COAD,shipped,patient,0,-1,0,0.001,0.0024186046511627908,0.09265228906545592,0.4258706440396727,0.3496915300301152,-0.4063034638921017,2.306657008924259,5.583303826378669
resnet50,COAD,shipped,patient,0,-1,1,0.001,0.0008923884514435695,0.07532160423760878,0.4303425829063984,0.37142953071468077,-0.22082820554157906,2.223551902179843,4.602934194344655
resnet50,COAD,shipped,patient,0,-1,2,0.001,0.0023903697334479793,0.07585698070374575,0.42088137781791524,0.3734394640164599,-0.23136933287896616,2.3014492991766096,5.498106774692656
resnet50,COAD,shipped,patient,1,-1,0,0.001,0.0013149171270718232,0.011179366016932467,0.5943353011178266,0.5643118439242074,-0.30766220961284296,2.8009141301925724,5.927954145429624
resnet50,COAD,shipped,patient,1,-1,1,0.001,0.006772022241732514,0.005193935814136641,0.5014359688485126,0.5402081175247527,-0.5000213067629282,3.8912261020538823,18.38392263335457
resnet50,COAD,shipped,patient,1,-1,2,0.001,0.0011767955801104972,0.0031581019885804293,0.5777341323592731,0.5658340857315943,-0.3595303771149541,2.897596726279302,6.092882116246493
resnet50,COAD,shipped,donor,COAD_Oliveira_P1,-1,0,0.001,0.005561527581329562,0.0013812154696132596,0.6705735807440559,0.6658880020065425,-0.945812140441585,3.880483705578447,19.475590653875084
resnet50,COAD,shipped,donor,COAD_Oliveira_P1,-1,1,0.001,0.008861574480538485,0.0035469613259668507,0.47778538063422527,0.514426378565191,-0.6696719089507602,4.476094116360285,48.06787491163355
resnet50,COAD,shipped,donor,COAD_Oliveira_P1,-1,2,0.001,0.010925035360678926,0.0030276243093922653,0.6437756877288319,0.639076969575013,-1.068179967478954,4.348373731923239,204.66497109285723
resnet50,COAD,shipped,donor,COAD_Oliveira_P2,-1,0,0.001,0.0016519337016574587,0.003241867043847242,0.673018323867908,0.7526173686975801,-0.4362312334391869,2.681004261823631,5.838936312812079
resnet50,COAD,shipped,donor,COAD_Oliveira_P2,-1,1,0.001,0.01379572724612233,0.010596888260254596,0.4422210443016233,0.47101965775374044,-0.5724985568340814,4.995961344096895,252.10760138747642
resnet50,COAD,shipped,donor,COAD_Oliveira_P2,-1,2,0.001,0.016505706760316066,0.011920792079207921,0.44557085173977845,0.4788774155922261,-0.5706752175285739,4.9404867427208075,483.42642903340897
resnet50,COAD,shipped,donor,COAD_Oliveira_P5,-1,0,0.001,0.009086280056577085,0.01566286215978929,0.4797366307454376,0.46346662648679365,-0.6657736615923111,5.675363657266372,69.70833191053701
resnet50,COAD,shipped,donor,COAD_Oliveira_P5,-1,1,0.001,0.0019392265193370166,0.00823529411764706,0.5144021056185393,0.4829344424936688,-0.3195727841605205,3.5478267158453334,9.57614300932239
resnet50,COAD,shipped,donor,COAD_Oliveira_P5,-1,2,0.001,0.009193776520509194,0.014474685396546678,0.49066679921065987,0.46053888362110945,-1.095095581300515,5.513817009453765,68.50275999115264
resnet50,COAD,shipped,donor,COAD_donor_TENX111,-1,0,0.001,0.0017458563535911603,0.007706241386099626,0.5991551853579365,0.5736888944355125,-0.41462103255177996,2.807706484721997,5.966501685953671
resnet50,COAD,shipped,donor,COAD_donor_TENX111,-1,1,0.001,0.005601404741000878,0.006166568222090963,0.49937496676144016,0.5294704769109231,-0.5648051734044727,3.916720862015379,15.970915545810831
resnet50,COAD,shipped,donor,COAD_donor_TENX111,-1,2,0.001,0.0077260755048287975,0.0015436109470368183,0.4705075791986676,0.5087899991554743,-0.5392477374825132,4.295133518895909,28.065206862772648
resnet50,HCC,shipped,random,0,0,0,0.001,0.01506426735218509,0.01839467849223947,0.3204872935121692,0.3180574827505069,-0.5125024510047309,2.986621573743791,146.83681211189307
resnet50,HCC,shipped,random,0,1,0,0.001,0.014755784061696657,0.017082039911308203,0.32217347113888184,0.3142907789637659,-0.2950621822999121,2.9390628818350875,149.54921634758256
resnet50,HCC,shipped,random,0,2,0,0.001,0.01634961439588689,0.016124168514412417,0.31594488123771247,0.32214053394036396,-0.4013954769314089,3.0591390911179,191.23501256205876
resnet50,HCC,shipped,random,0,3,0,0.001,0.01660668380462725,0.01865188470066519,0.31588389787427923,0.31518891790551073,-0.3131479506194098,3.138635035303321,191.1284915790117
resnet50,HCC,shipped,random,0,4,0,0.001,0.017532133676092545,0.017082039911308203,0.3178721881821279,0.31490691031116713,-0.8517681147745503,2.976634927239719,189.12943825152288
resnet50,HCC,shipped,random,1,0,0,0.001,0.017738359201773836,0.01628026790314271,0.3145395759836952,0.3161917187024572,-0.4640046460205734,3.100237229538522,218.38870180697143
resnet50,HCC,shipped,random,1,1,0,0.001,0.02008869179600887,0.020741885625965996,0.31725881023126135,0.3132894106560581,-0.5116334893289893,3.204603814606172,224.80828778688294
resnet50,HCC,shipped,random,1,2,0,0.001,0.016407982261640797,0.018536836682122616,0.32162198923705365,0.31776736417961393,-0.4929992106865841,2.9981441300765264,177.4228523276115
resnet50,HCC,shipped,random,1,3,0,0.001,0.019866962305986696,0.01777434312210201,0.3144314149121633,0.31461615032566703,-0.4535051336342014,3.162681742434222,221.91043981088512
resnet50,HCC,shipped,random,1,4,0,0.001,0.017472283813747227,0.016774858320453376,0.32045543252956876,0.32016384536705234,-0.9633872632241884,3.07160109808449,195.18419707666743
resnet50,HCC,shipped,patient,0,-1,0,0.001,0.03144963144963145,0.12741463414634147,0.2701972826649911,0.23660591930007938,-1.5148769335394272,4.102066800255872,338.8318416387482
resnet50,HCC,shipped,patient,0,-1,1,0.001,0.0174,0.08039911308203991,0.28128008310288755,0.25185872347395294,-0.38326806174470235,3.067164620662252,136.83669300964385
resnet50,HCC,shipped,patient,0,-1,2,0.001,0.02703087885985748,0.0900310421286031,0.2656551200628158,0.2599384911952124,-0.40807303163335884,3.66763591288338,276.78927243632893
resnet50,HCC,shipped,patient,1,-1,0,0.001,0.017961783439490446,0.05691911385883565,0.3361854691619642,0.3197255839948603,-0.5108619505444123,3.1777727266428473,187.17016481843834
resnet50,HCC,shipped,patient,1,-1,1,0.001,0.025070422535211266,0.033580628541988664,0.33638283472150843,0.3489660327397083,-0.5403978905413823,3.3719119326163054,262.7759648970726
resnet50,HCC,shipped,patient,1,-1,2,0.001,0.014354485776805252,0.04081401339515713,0.35149917385011853,0.3303015977354499,-0.39602567792084814,2.7842876131798078,133.89325233171735
resnet50,HCC,shipped,donor,CHC20,-1,0,0.001,0.02838206627680312,0.06260690365790829,0.33355431087112786,0.32202587782226344,-0.5206311457365044,3.5759203186646173,307.51601287907357
resnet50,HCC,shipped,donor,CHC20,-1,1,0.001,0.02269911504424779,0.07799072642967543,0.31900049177172174,0.2804317890676173,-0.31802041901862493,3.5440946460702323,258.36758141052127
resnet50,HCC,shipped,donor,CHC20,-1,2,0.001,0.019503105590062114,0.05380731581658939,0.3523079913544699,0.3116475133896552,-0.9011135748371215,3.0769419510461677,222.26807302170903
resnet50,HCC,shipped,donor,CHC23,-1,0,0.001,0.035261845386533666,0.13169844789356985,0.25633168481781615,0.2244857730904293,-0.42192006444737995,4.210873933145242,321.10153451869746
resnet50,HCC,shipped,donor,CHC23,-1,1,0.001,0.018558139534883722,0.07341019955654102,0.2822202958218841,0.26303854868951443,-0.2727918970568176,2.8202516665472652,167.0323941636183
resnet50,HCC,shipped,donor,CHC23,-1,2,0.001,0.04406862745098039,0.17123725055432373,0.2706240760078976,0.20327398307737238,-1.6359780415472218,4.38279924758091,667.8455986375025
resnet50,IDC,shipped,random,0,0,0,0.001,0.001042301184433164,0.0012061076056066663,0.5768744869691587,0.5714460043265065,-0.2151852366730962,2.149532065314602,4.4461967832322395
resnet50,IDC,shipped,random,0,1,0,0.001,0.0014213197969543147,0.001548094985790665,0.5767618338693383,0.5741894002629091,-0.2704655635729679,2.153623201925946,4.580941541923856
resnet50,IDC,shipped,random,0,2,0,0.001,0.001197969543147208,0.00126872501324599,0.5783614721873782,0.574989812906259,-0.2354023647313011,2.153959789022809,4.476143498271495
resnet50,IDC,shipped,random,0,3,0,0.001,0.0013536379018612521,0.0014035932758537642,0.5697830362244727,0.5731312395059989,-0.2668678143492753,2.1752053557972637,4.654346965071051
resnet50,IDC,shipped,random,0,4,0,0.001,0.0014010152284263959,0.0012851018737055056,0.5780565688537955,0.5765193046473505,-0.32777585284140887,2.1407716758850786,4.558952178833191
resnet50,IDC,shipped,random,1,0,0,0.001,0.0014398848092152627,0.0014329896907216495,0.5755120725642879,0.5734026457737036,-0.40532044944223955,2.1391149987348377,4.554067423933048
resnet50,IDC,shipped,random,1,1,0,0.001,0.0013786897048236142,0.0012860824742268041,0.5739388931769587,0.5758494587597898,-0.29578292940209416,2.144313165884826,4.486625332831283
resnet50,IDC,shipped,random,1,2,0,0.001,0.0015190784737221022,0.0013402061855670104,0.5726525561337336,0.5761181778859987,-0.34777565023632817,2.169507137755542,4.703492439667427
resnet50,IDC,shipped,random,1,3,0,0.001,0.0012131029517638589,0.001327319587628866,0.5741162505180424,0.5729466687045255,-0.41901480927589974,2.150157511374318,4.480534229512385
resnet50,IDC,shipped,random,1,4,0,0.001,0.0012922966162706984,0.001440721649484536,0.5747921179908235,0.5759154910894533,-0.45506539303463894,2.1532982127884472,4.51248145661114
resnet50,IDC,shipped,random,2,0,0,0.001,0.0013764668569616239,0.0015561097256857855,0.5766317135868244,0.5746494152547148,-0.42647197687024185,2.144667198279843,4.538481962830297
resnet50,IDC,shipped,random,2,1,0,0.001,0.0017063114494132571,0.0017107231920199502,0.5704649295589971,0.5725672552089315,-0.47971935241417973,2.173000881125378,4.743349491146048
resnet50,IDC,shipped,random,2,2,0,0.001,0.001443070091975896,0.0017855361596009975,0.5745520845463128,0.5720922331911069,-0.37096501383481184,2.1574746253687627,4.595171501606992
resnet50,IDC,shipped,random,2,3,0,0.001,0.0014398985093561688,0.0013067331670822942,0.5734066864530594,0.5761011242585228,-0.33971932950242656,2.1555881986844376,4.566868556803988
resnet50,IDC,shipped,random,2,4,0,0.001,0.0011798287345385348,0.0012219451371571072,0.5761864016162903,0.57468377280875,-0.4158849548234758,2.150065244306453,4.600205107688334
resnet50,IDC,shipped,random,3,0,0,0.001,0.0014814814814814814,0.001324459234608985,0.5721525031880912,0.5741926755101765,-0.3264459535300104,2.1587325553745433,4.680109063851776
resnet50,IDC,shipped,random,3,1,0,0.001,0.0012540341171046565,0.0014509151414309484,0.5743715811567984,0.5713157137181595,-0.2177849617501897,2.132860000873101,4.4310215386436305
resnet50,IDC,shipped,random,3,2,0,0.001,0.0013831258644536654,0.0013311148086522463,0.5718193406342165,0.5759444272584127,-0.3620486259429424,2.1546739791745684,4.585681046689386
resnet50,IDC,shipped,random,3,3,0,0.001,0.0012140771476871063,0.001091514143094842,0.5738993456757433,0.5761343478194445,-0.44071367376260284,2.1575207337033233,4.597375679379089
resnet50,IDC,shipped,random,3,4,0,0.001,0.0013708314123251882,0.001497504159733777,0.5747733963946406,0.5735432107848562,-0.5653625960569808,2.1590822098233,4.610688786137305
resnet50,IDC,shipped,patient,0,-1,0,0.001,0.014029950083194676,0.0007485188574731467,0.5348942410101549,0.5835155391057285,-0.6855329969921224,6.988965768868515,399.26185765109574
resnet50,IDC,shipped,patient,0,-1,1,0.001,0.009584026622296174,0.0007263619286161552,0.5595025033934249,0.5857747735622554,-0.5571124500509484,5.883472475858583,103.40217497848188
resnet50,IDC,shipped,patient,0,-1,2,0.001,0.08899226804123711,0.08465873512836569,0.4855929113875615,0.4280209760554829,-2.8998037211945205,28.645744249289617,2605.585223952445
resnet50,IDC,shipped,patient,1,-1,0,0.001,0.010415973377703827,0.0008737113402061856,0.5018846738631977,0.563928373980803,-0.8243409523060465,5.36030420726941,74.04250646866164
resnet50,IDC,shipped,patient,1,-1,1,0.001,0.029111480865224627,0.0008917525773195876,0.4623614571776033,0.5872956395814815,-0.7387034637836533,7.267379677386445,803.5342375412804
resnet50,IDC,shipped,patient,1,-1,2,0.001,0.036009975062344136,0.0030463917525773198,0.4971294303046999,0.5901327059190303,-1.7081272196241073,12.17343142390529,2305.7537782274835
resnet50,IDC,shipped,patient,2,-1,0,0.001,0.004054123711340206,0.03455860349127182,0.5924861176835041,0.5155954112495186,-0.5557859372589177,4.994610743194636,18.15225020510764
resnet50,IDC,shipped,patient,2,-1,1,0.001,0.031800332778702166,0.02220947630922693,0.48152596727932595,0.49491083098651356,-1.0641611780228324,8.905990833337999,1767.4515174808596
resnet50,IDC,shipped,patient,2,-1,2,0.001,0.03252579034941764,0.015341645885286782,0.49347154544731586,0.5876565182550706,-0.8142158623863729,8.545287656429903,2424.9405658423143
resnet50,IDC,shipped,patient,3,-1,0,0.001,0.01746633416458853,0.03539434276206323,0.5380999894575027,0.4838298003605117,-1.4184648378420486,7.240347413547987,978.4259272016161
resnet50,IDC,shipped,patient,3,-1,1,0.001,0.000571263426617215,0.013211314475873544,0.5871249110764292,0.5431519644080073,-0.43640161924064386,4.442111453211326,13.217512613844402
resnet50,IDC,shipped,patient,3,-1,2,0.001,0.0008943298969072165,0.012525790349417637,0.5775379494080176,0.47493805293109587,-0.48431929082218284,4.2677022843072026,15.318368981808739
resnet50,IDC,shipped,donor,IDC_shipped_patient_1,-1,0,0.001,0.010743142144638404,0.001592408843504648,0.6951637383861774,0.5848056688078349,-1.0181821075200956,4.870660387396813,135.59344706385644
resnet50,IDC,shipped,donor,IDC_shipped_patient_1,-1,1,0.001,0.08899226804123711,0.08465873512836569,0.4855929113875615,0.4280209760554829,-2.8998037211945205,28.645744249289617,2605.585223952445
resnet50,IDC,shipped,donor,IDC_shipped_patient_1,-1,2,0.001,0.014296173044925125,0.0005780068397476036,0.5128913672928106,0.586056191880675,-0.538702924398015,7.640075363281827,364.0143081486081
resnet50,IDC,shipped,donor,IDC_shipped_patient_2,-1,0,0.001,0.03906733167082294,0.0030438144329896907,0.5227593626541185,0.585813175847071,-1.7367564942669182,11.264441722358942,2452.830783303497
resnet50,IDC,shipped,donor,IDC_shipped_patient_2,-1,1,0.001,0.01568718801996672,0.0009974226804123712,0.4688943061373707,0.580713631869769,-0.858102298377083,6.446991096235433,359.0288737743841
resnet50,IDC,shipped,donor,IDC_shipped_patient_2,-1,2,0.001,0.024399002493765587,0.002157216494845361,0.5107749031935918,0.5887259185931026,-1.2110634610072233,9.830623904273157,1527.7326391837241
resnet50,IDC,shipped,donor,NCBI783,-1,0,0.001,0.014763092269326683,0.02394675540765391,0.5620142325767017,0.5057544834786663,-1.814417832753459,6.316602450003446,689.7139408555792
resnet50,IDC,shipped,donor,NCBI783,-1,1,0.001,0.000577319587628866,0.013284525790349418,0.56743821524871,0.484388896594933,-0.3360587130166375,4.438993270967902,15.377507718888596
resnet50,IDC,shipped,donor,NCBI783,-1,2,0.001,0.0008402061855670104,0.013524126455906822,0.5716228147422742,0.4764252617493502,-0.4442566704285311,4.352757683529358,15.62252088480387
resnet50,IDC,shipped,donor,NCBI785,-1,0,0.001,0.02978369384359401,0.02200498753117207,0.5095031632593658,0.5344217621113662,-0.8677203298203782,7.710943570329666,1762.007712783578
resnet50,IDC,shipped,donor,NCBI785,-1,1,0.001,0.0017513607244352392,0.01283291770573566,0.569273577199196,0.6453356204813268,-0.3343532675585061,4.401630303267828,12.990487399018164
resnet50,IDC,shipped,donor,NCBI785,-1,2,0.001,0.0018852656423101006,0.011411471321695761,0.5859558366038777,0.6346919672628359,-0.42043163169487685,4.242589958899948,12.424507133519732
resnet50,IDC,audited,random,0,0,0,0.001,0.002781725888324873,0.0032050479264004623,0.5622281858398271,0.5585554939226445,-0.37256184784494584,2.3794172085891923,6.283408145649552
resnet50,IDC,audited,random,0,1,0,0.001,0.002423011844331641,0.0027455324888011174,0.5560415354016335,0.5553415920985709,-0.3596711738998879,2.3929748224794314,6.0485444901234535
resnet50,IDC,audited,random,0,2,0,0.001,0.0023282571912013536,0.0023890949376234286,0.5597580477109363,0.5580605432266477,-0.3212327505340169,2.3681902161891393,5.7845225737030335
resnet50,IDC,audited,random,0,3,0,0.001,0.0025245346869712353,0.0025692404026780983,0.5555788674324054,0.559443173452334,-0.5216003148997645,2.381165872615268,6.0881255469620115
resnet50,IDC,audited,random,0,4,0,0.001,0.002754653130287648,0.002729155628341602,0.5632541543144574,0.5621899942163894,-0.49626476506269823,2.364253830422223,6.166857814600233
resnet50,IDC,audited,random,1,0,0,0.001,0.0023686105111591074,0.002595360824742268,0.5562069248073174,0.5544059805049006,-0.8080142449999608,2.354663732122344,5.804299130214501
resnet50,IDC,audited,random,1,1,0,0.001,0.002710583153347732,0.0024536082474226804,0.5566024353392358,0.5587997209138392,-0.5640593128202696,2.3806156841929944,6.009481808506142
resnet50,IDC,audited,random,1,2,0,0.001,0.002681785457163427,0.0023608247422680414,0.5580415691800018,0.5619405919982452,-0.5825669863934511,2.359981607371764,5.880517354097555
resnet50,IDC,audited,random,1,3,0,0.001,0.0026961843052555794,0.002744845360824742,0.5622355163404698,0.5619329843849155,-0.47408282124889123,2.367769126843688,6.040598945084682
resnet50,IDC,audited,random,1,4,0,0.001,0.0030669546436285096,0.0028376288659793815,0.5596566185221881,0.5609208670337538,-0.6348844467092852,2.381025217355841,6.246683009176398
resnet50,IDC,audited,random,2,0,0,0.001,0.002924199175388519,0.0026982543640897754,0.5610891589731171,0.5584600921534711,-0.9057971718572996,2.380575089855517,6.191629327959255
resnet50,IDC,audited,random,2,1,0,0.001,0.002584839835077704,0.0024937655860349127,0.5585047732456064,0.5603932315456944,-0.595993727888188,2.3658785822757107,6.1309446392471525
resnet50,IDC,audited,random,2,2,0,0.001,0.002638756739613067,0.0029526184538653365,0.5571443724083733,0.5540139840210054,-0.3490345877991483,2.385458972875092,6.134663406453582
resnet50,IDC,audited,random,2,3,0,0.001,0.00269267364414843,0.002314214463840399,0.5594725361443476,0.5605645753428077,-0.624445753225454,2.382485157641285,6.035461677636565
resnet50,IDC,audited,random,2,4,0,0.001,0.0025055502695845227,0.002548628428927681,0.5592388367354495,0.5564581740993458,-0.8196696418412617,2.357407412205721,5.873882101173095
resnet50,IDC,audited,random,3,0,0,0.001,0.0025449515905947443,0.0027221297836938435,0.5564830861261545,0.5577179903798405,-0.6062156084640197,2.3796399864114144,6.0448584641998195
resnet50,IDC,audited,random,3,1,0,0.001,0.002256031965575534,0.002615640599001664,0.5558642252376186,0.5550599373366987,-0.42519773115036075,2.3645190649587717,5.857023977354854
resnet50,IDC,audited,random,3,2,0,0.001,0.0022806208698324883,0.002469217970049917,0.5537557112288076,0.5581222069025252,-0.5247048770934801,2.373863537103708,5.906695832786591
resnet50,IDC,audited,random,3,3,0,0.001,0.002606423851237129,0.0024026622296173046,0.5542788917140178,0.5560039516535544,-0.7640517814058959,2.384993515071164,6.063792288357482
resnet50,IDC,audited,random,3,4,0,0.001,0.0021914860919010296,0.00226955074875208,0.5616791868965445,0.561017418974732,-0.5910778079463543,2.3640490735159383,5.7336975558670185
resnet50,IDC,audited,patient,0,-1,0,0.001,0.018023294509151414,0.003270555368238524,0.5739305853957126,0.5488943039836549,-0.6524460007226289,6.6677964545155515,590.1691291424914
resnet50,IDC,audited,patient,0,-1,1,0.001,0.033510815307820296,0.0022600067434131303,0.5094346611504408,0.5416336450807913,-0.9568802056006357,9.704597812903108,1560.423213882878
resnet50,IDC,audited,patient,0,-1,2,0.001,0.15191237113402062,0.15065266605654834,0.47734007485393304,0.3984442090241686,-3.9056688662076877,669.804031685616,3507.0964503837085
resnet50,IDC,audited,patient,1,-1,0,0.001,0.023381031613976706,0.0025283505154639176,0.489050509384083,0.579109871854746,-0.9221751150940309,6.719069289489827,679.3309237170675
resnet50,IDC,audited,patient,1,-1,1,0.001,0.030196339434276208,0.002252577319587629,0.49523431098370313,0.540552061154072,-1.1395572640056046,7.163108885072224,919.6356700086826
resnet50,IDC,audited,patient,1,-1,2,0.001,0.041341645885286785,0.00427319587628866,0.5012995731583436,0.5623410198289546,-1.725482912901696,12.442051390431898,2635.729004491665
resnet50,IDC,audited,patient,2,-1,0,0.001,0.005309278350515464,0.055600997506234415,0.5696911313911173,0.4779430125819025,-0.6810412797917356,5.392498743345969,22.807196576080415
resnet50,IDC,audited,patient,2,-1,1,0.001,0.03675873544093178,0.03543142144638404,0.48519961446245674,0.5004863452213681,-1.8681400722406862,9.994958407259974,1663.9875840492716
resnet50,IDC,audited,patient,2,-1,2,0.001,0.04246921797004992,0.04582543640897756,0.45249842813191354,0.4832447716440914,-0.9421014532810241,10.617915729461567,2321.9711245404674
resnet50,IDC,audited,patient,3,-1,0,0.001,0.03569576059850374,0.06087188019966722,0.5594286761791307,0.4558731677984015,-3.1154706217239827,8.271465036965482,2317.105711358566
resnet50,IDC,audited,patient,3,-1,1,0.001,0.0023505611483069216,0.03243261231281198,0.5771530098617365,0.481371066484617,-0.5559324636435721,4.764610359896662,17.519328868304367
resnet50,IDC,audited,patient,3,-1,2,0.001,0.0018530927835051546,0.04036605657237937,0.5528873360420065,0.44549632806989414,-0.5069608297404579,4.8366908582316706,17.262853408013807
resnet50,IDC,audited,donor,IDC_JanesickSample1,-1,0,0.001,0.06495261845386534,0.12436520458609446,0.4928407189608065,0.395108759749109,-1.6966332848935857,23.145228393011802,2970.111354464985
resnet50,IDC,audited,donor,NCBI783,-1,0,0.001,0.192888748641352,0.07219966722129784,0.33140702694513785,0.4672222861624614,-3.0540420495025478,1400.7716721150225,4959.950300325777
resnet50,IDC,audited,donor,NCBI785,-1,0,0.001,0.06315474209650582,0.03309226932668329,0.4349801100433659,0.5315098221346587,-1.023918265063418,16.084608853387152,2730.97114122783
resnet50,LUNG,shipped,random,0,0,0,0.001,0.006992287917737789,0.007670141017780503,0.4444155490027395,0.4416316470171862,-0.4639424172422696,3.3242131416008953,17.42381390370426
resnet50,LUNG,shipped,random,0,1,0,0.001,0.007763496143958869,0.007731453096259963,0.4431029453642754,0.44179915587908597,-1.123937661178664,3.2512025347111493,22.791886453625015
resnet50,LUNG,shipped,random,0,2,0,0.001,0.009254498714652956,0.008129981606376456,0.43940441131096597,0.4431539148552976,-0.7147020316037043,3.302501458149834,38.10244603110785
resnet50,LUNG,shipped,random,0,3,0,0.001,0.0070437017994858615,0.008289393010423054,0.4434927364038751,0.4439369414529224,-0.3043171120744468,3.3006274324131204,19.16481158687218
resnet50,LUNG,shipped,random,0,4,0,0.001,0.006786632390745501,0.007216431637032495,0.45391219927896814,0.44679708161181053,-0.3190967856985066,3.225452781481463,18.543116561372635
resnet50,LUNG,shipped,random,1,0,0,0.001,0.008545176110260337,0.008734567901234568,0.4417296035004049,0.4419690332544941,-0.6924438552817529,3.2283628090562715,25.904349269538358
resnet50,LUNG,shipped,random,1,1,0,0.001,0.008514548238897397,0.006512345679012346,0.4409840470188575,0.4487078976819846,-0.5588055024758236,3.317755644744335,29.07329546460253
resnet50,LUNG,shipped,random,1,2,0,0.001,0.00787136294027565,0.007561728395061728,0.45333372636216096,0.45257214077134383,-0.4817994590518131,3.1928958419702496,22.137414065750818
resnet50,LUNG,shipped,random,1,3,0,0.001,0.008300153139356815,0.00742798353909465,0.4375357478679178,0.4398632001119842,-0.6578862349574379,3.2671103903437864,28.77651828925043
resnet50,LUNG,shipped,random,1,4,0,0.001,0.009188361408882083,0.008065843621399177,0.4441041527022839,0.44358312756505436,-0.36971359479861976,3.3351311697612203,37.04646533565488
resnet50,LUNG,shipped,patient,0,-1,0,0.001,0.005481171548117155,0.017001839362354384,0.4016186912743501,0.4142059154235608,-0.3986809083282897,3.4477921321440705,14.303751093794885
resnet50,LUNG,shipped,patient,0,-1,1,0.001,0.004358974358974359,0.01841814837522992,0.4045107175095791,0.4060364479259032,-0.3563794577192069,3.2267850189655656,10.563549212049438
resnet50,LUNG,shipped,patient,0,-1,2,0.001,0.006099290780141844,0.017351318209687307,0.4114654345038732,0.41286672479629016,-0.43532326758941386,3.217873434055053,16.91419368839392
resnet50,LUNG,shipped,patient,1,-1,0,0.001,0.013421052631578948,0.03286008230452675,0.4025642443429953,0.4088258559429926,-0.7258783012081789,3.859924861858036,207.87452422134726
resnet50,LUNG,shipped,patient,1,-1,1,0.001,0.01229018492176387,0.03653292181069959,0.4055252419251383,0.4070483598657222,-0.4370529066925021,3.6918843576802876,152.2828464382589
resnet50,LUNG,shipped,patient,1,-1,2,0.001,0.008636363636363636,0.053724279835390944,0.40970008087167326,0.36559848198295075,-0.45164272731857236,3.4620010596610156,32.57097312624611
resnet50,LUNG,shipped,donor,LUNG_hest_patient_1,-1,0,0.001,0.012185430463576159,0.02384426732066217,0.39648116917171716,0.40453011319049936,-0.7788440309781133,3.5171178784532975,160.67538457564686
resnet50,LUNG,shipped,donor,LUNG_hest_patient_1,-1,1,0.001,0.0037850467289719625,0.020950337216431636,0.4088650496181363,0.41908874529254114,-0.25478982464980676,3.1071686876169418,9.788320516433608
resnet50,LUNG,shipped,donor,LUNG_hest_patient_1,-1,2,0.001,0.006093023255813954,0.016535867565910484,0.40688060738211673,0.40367447804712897,-0.21092829998303325,3.2231675690250228,14.614342628181138
resnet50,LUNG,shipped,donor,LUNG_hest_patient_2,-1,0,0.001,0.010234604105571848,0.0297119341563786,0.4129619416791115,0.4027922997419323,-0.7654749375701735,3.5389337309918902,56.151378125785165
resnet50,LUNG,shipped,donor,LUNG_hest_patient_2,-1,1,0.001,0.00880984952120383,0.04366255144032922,0.4111247810747344,0.37832750151907435,-0.6168694719779296,3.5177011429252047,31.5689029357498
resnet50,LUNG,shipped,donor,LUNG_hest_patient_2,-1,2,0.001,0.00427299703264095,0.041800411522633744,0.4258449049476713,0.3942697101707978,-0.4001468292342881,3.330451827132785,12.205032893347305
resnet50,LYMPH_IDC,shipped,random,0,0,0,0.001,0.005041736227045075,0.0041025641025641026,0.37571856807735093,0.37900420255573797,-0.25264429978538705,2.07705210620382,7.3677833963609904
resnet50,LYMPH_IDC,shipped,random,0,1,0,0.001,0.0037996661101836393,0.004158653846153846,0.3804180694117913,0.3783007444010531,-0.22446144326567657,2.033474757392123,6.4700690118378255
resnet50,LYMPH_IDC,shipped,random,0,2,0,0.001,0.0034991652754590985,0.0033533653846153848,0.3768043815494222,0.38140147891357895,-0.1333729366731412,2.020588485401761,6.012298314356541
resnet50,LYMPH_IDC,shipped,random,0,3,0,0.001,0.00396661101836394,0.003737980769230769,0.38266404221205574,0.3779268135450006,-0.17752782095027453,2.0417944354440514,6.543200746416421
resnet50,LYMPH_IDC,shipped,random,0,4,0,0.001,0.003659432387312187,0.003830128205128205,0.3809355267057033,0.37682693018764013,-0.17908273594161306,2.019690173118304,6.165775797659906
resnet50,LYMPH_IDC,shipped,random,1,0,0,0.001,0.0035392320534223705,0.0038261217948717947,0.3799745202670609,0.3770627965884241,-0.16325339172924208,2.0301290538457115,6.2161096111136676
resnet50,LYMPH_IDC,shipped,random,1,1,0,0.001,0.004153589315525876,0.0035376602564102565,0.37703994972210186,0.38200674716996563,-0.19586043351991655,2.0318965020439905,6.645196281605944
resnet50,LYMPH_IDC,shipped,random,1,2,0,0.001,0.0035258764607679466,0.0040745192307692305,0.3810127527532531,0.3775569061386932,-0.19144929706783165,2.0285706613679486,6.1474461991963745
resnet50,LYMPH_IDC,shipped,random,1,3,0,0.001,0.003726210350584307,0.003994391025641026,0.3783346018305861,0.3785442373013724,-0.22703800913433653,2.033041111502445,6.349679500266095
resnet50,LYMPH_IDC,shipped,random,1,4,0,0.001,0.004113522537562604,0.003914262820512821,0.3799483338613775,0.3803927170055536,-0.3175576287646426,2.0316104949067513,6.637601912426612
resnet50,LYMPH_IDC,shipped,random,2,0,0,0.001,0.003951935914552737,0.003961507618283881,0.3792741720222301,0.37502707449210343,-0.20065246453668267,2.0704102091507792,6.823122892115795
resnet50,LYMPH_IDC,shipped,random,2,1,0,0.001,0.004272363150867824,0.004619085805934242,0.37859740866716274,0.37847852343160027,-0.3126624700824965,2.0594490516187505,6.757498604183811
resnet50,LYMPH_IDC,shipped,random,2,2,0,0.001,0.0038117489986648867,0.004065757818765036,0.3784911649225098,0.37740993387748367,-0.21500869571570372,2.0372727882054953,6.1277773121052475
resnet50,LYMPH_IDC,shipped,random,2,3,0,0.001,0.004252336448598131,0.004358460304731355,0.37874130350468094,0.3804913708899331,-0.29880931197045896,2.039349853155141,6.760484211114366
resnet50,LYMPH_IDC,shipped,random,2,4,0,0.001,0.003651535380507343,0.0035685645549318364,0.3794844300923016,0.3788961015592301,-0.18154227181942706,2.0333956946362934,6.129915022271902
resnet50,LYMPH_IDC,shipped,random,3,0,0,0.001,0.004,0.0037540064102564103,0.37806678239485914,0.37864968031073865,-0.1783495173096663,2.014210886666005,6.573212066138501
resnet50,LYMPH_IDC,shipped,random,3,1,0,0.001,0.0033656093489148583,0.0033493589743589743,0.37584660656693647,0.381424779714414,-0.220299911072087,2.0276189842623684,6.114551621532803
resnet50,LYMPH_IDC,shipped,random,3,2,0,0.001,0.0038664440734557594,0.0040104166666666665,0.3793043386386914,0.3784687680839599,-0.17214101557783734,2.0458316588211187,6.421851296979002
resnet50,LYMPH_IDC,shipped,random,3,3,0,0.001,0.0043272120200333886,0.003862179487179487,0.380420404999508,0.37767108730804233,-0.1207622386792846,2.037426459706333,6.470503695223635
resnet50,LYMPH_IDC,shipped,random,3,4,0,0.001,0.0035325542570951588,0.004006410256410256,0.3798776103993986,0.378721379691582,-0.16647051322056283,2.022699269569093,6.343687625791756
resnet50,LYMPH_IDC,shipped,patient,0,-1,0,0.001,0.006907051282051282,0.04388221153846154,0.4195922982997037,0.3289903171566777,-0.4162034773320367,3.38267405139702,12.225283375472795
resnet50,LYMPH_IDC,shipped,patient,0,-1,1,0.001,0.006097756410256411,0.02691907051282051,0.34966476346423203,0.3339934939248699,-0.2744616391539656,3.849383036088958,26.521252782746483
resnet50,LYMPH_IDC,shipped,patient,0,-1,2,0.001,0.006907051282051282,0.04388221153846154,0.4195922982997037,0.3289903171566777,-0.4162034773320367,3.38267405139702,12.225283375472795
resnet50,LYMPH_IDC,shipped,patient,1,-1,0,0.001,0.0027987169206094625,0.004230769230769231,0.35004208047158014,0.39483505748489645,-0.20962808453815587,5.190121826490294,11.569458772668858
resnet50,LYMPH_IDC,shipped,patient,1,-1,1,0.001,0.00266025641025641,0.003874198717948718,0.3937536629999122,0.4333871485068308,-0.1702828726666734,3.443776461925631,11.511156644993566
resnet50,LYMPH_IDC,shipped,patient,1,-1,2,0.001,0.04388221153846154,0.006907051282051282,0.3289903171566777,0.4195922982997037,-0.5986076806179592,5.135166705910317,390.86211478584795
resnet50,LYMPH_IDC,shipped,patient,2,-1,0,0.001,0.00749198717948718,0.007630312750601443,0.28711491302438685,0.29406006550963865,-0.28128297286153736,4.720380998244771,34.85846945596828
resnet50,LYMPH_IDC,shipped,patient,2,-1,1,0.001,0.007463942307692308,0.007698476343223737,0.28718043808076876,0.2940058932898244,-0.2801165468979896,4.724713098559507,34.9271618349176
resnet50,LYMPH_IDC,shipped,patient,2,-1,2,0.001,0.06707932692307693,0.013107457898957498,0.21409450619996725,0.30408147481492076,-1.3880294050105755,9.466873803712055,749.3388992872606
resnet50,LYMPH_IDC,shipped,patient,3,-1,0,0.001,0.003874198717948718,0.00266025641025641,0.4333871485068308,0.3937536629999122,-0.2057432663643965,3.950785091138484,8.627304785141737
resnet50,LYMPH_IDC,shipped,patient,3,-1,1,0.001,0.003874198717948718,0.00266025641025641,0.4333871485068308,0.3937536629999122,-0.2057432663643965,3.950785091138484,8.627304785141737
resnet50,LYMPH_IDC,shipped,patient,3,-1,2,0.001,0.003874198717948718,0.00266025641025641,0.4333871485068308,0.3937536629999122,-0.2057432663643965,3.950785091138484,8.627304785141737
resnet50,LYMPH_IDC,shipped,donor,Patient_3,-1,0,0.001,0.006097756410256411,0.02691907051282051,0.34966476346423203,0.3339934939248699,-0.2744616391539656,3.849383036088958,26.521252782746483
resnet50,LYMPH_IDC,shipped,donor,Patient_3,-1,1,0.001,0.006907051282051282,0.04388221153846154,0.4195922982997037,0.3289903171566777,-0.4162034773320367,3.38267405139702,12.225283375472795
resnet50,LYMPH_IDC,shipped,donor,Patient_3,-1,2,0.001,0.01318364073777065,0.06699919871794872,0.3041598282222163,0.21394770844931152,-0.48538390296827066,6.583182274475363,83.32496777435018
resnet50,LYMPH_IDC,shipped,donor,Patient_6,-1,0,0.001,0.00281074578989575,0.0042467948717948715,0.3499753089260931,0.39461571749414737,-0.20554170032103092,5.188062646706054,11.539759585622674
resnet50,LYMPH_IDC,shipped,donor,Patient_6,-1,1,0.001,0.00281074578989575,0.00422275641025641,0.35001208969593983,0.39494477051249227,-0.20703514988238564,5.1890646863904895,11.550431125173997
resnet50,LYMPH_IDC,shipped,donor,Patient_6,-1,2,0.001,0.04388221153846154,0.006907051282051282,0.3289903171566777,0.4195922982997037,-0.5986076806179592,5.135166705910317,390.86211478584795
resnet50,LYMPH_IDC,shipped,donor,Patient_7,-1,0,0.001,0.06696714743589743,0.013039294306335205,0.21410433440546467,0.3042522723735188,-1.4069536762797445,9.450666994479464,743.1543013910314
resnet50,LYMPH_IDC,shipped,donor,Patient_7,-1,1,0.001,0.007459935897435897,0.007654370489174018,0.28699072387511554,0.29371256633943366,-0.28511422796640395,4.726470937110575,34.417904178011156
resnet50,LYMPH_IDC,shipped,donor,Patient_7,-1,2,0.001,0.00421875,0.0028027265437048916,0.39474421669950344,0.35019787441010974,-0.22029418725260613,2.955039544344155,9.759227507358485
resnet50,LYMPH_IDC,shipped,donor,Patient_8,-1,0,0.001,0.003874198717948718,0.00266025641025641,0.4333871485068308,0.3937536629999122,-0.2057432663643965,3.950785091138484,8.627304785141737
resnet50,LYMPH_IDC,shipped,donor,Patient_8,-1,1,0.001,0.007682437850842021,0.0075,0.2940088361652135,0.2869296531181563,-0.3914472183325125,7.308973856425617,38.09862322548508
resnet50,LYMPH_IDC,shipped,donor,Patient_8,-1,2,0.001,0.003874198717948718,0.00266025641025641,0.4333871485068308,0.3937536629999122,-0.2057432663643965,3.950785091138484,8.627304785141737
resnet50,PAAD,shipped,random,0,0,0,0.001,0.005265049415992812,0.004925373134328359,0.48382478424290504,0.4846606250734089,-0.3686102806538627,2.5142631236124715,9.107734610177364
resnet50,PAAD,shipped,random,0,1,0,0.001,0.0049236298292902065,0.0046069651741293535,0.47749093578783486,0.47908071783396355,-0.2888949082691774,2.578495337856637,8.849527825907726
resnet50,PAAD,shipped,random,0,2,0,0.001,0.004851752021563342,0.004587064676616915,0.4820992525017637,0.48028316922888054,-0.8368734784289564,2.5132058258986727,8.70069700840576
resnet50,PAAD,shipped,random,0,3,0,0.001,0.003090745732255166,0.004189054726368159,0.48450651651882354,0.4815415093094353,-0.43553725526197007,2.4775434796295386,7.224890480392821
resnet50,PAAD,shipped,random,0,4,0,0.001,0.004420485175202157,0.004398009950248756,0.4728189992560784,0.4748373962352277,-0.22169654302140895,2.564553633839969,8.036816138512632
resnet50,PAAD,shipped,random,1,0,0,0.001,0.003833543505674653,0.004698060941828255,0.4775136364656345,0.47366984418237174,-0.3789855520675524,2.565306950137314,7.922029755841128
resnet50,PAAD,shipped,random,1,1,0,0.001,0.003707440100882724,0.004304709141274238,0.47774656163484375,0.47400421006374144,-0.32987631258452094,2.532112904617169,7.492291195735793
resnet50,PAAD,shipped,random,1,2,0,0.001,0.0037326607818411097,0.004925207756232687,0.47970460762506906,0.47613457160810674,-0.2782161529025473,2.5208241037627976,8.113622243667324
resnet50,PAAD,shipped,random,1,3,0,0.001,0.003253467843631778,0.004055401662049861,0.4800388679894181,0.47805197207825184,-0.28911858619339903,2.469259991529059,7.022519096903458
resnet50,PAAD,shipped,random,1,4,0,0.001,0.005145018915510719,0.006304709141274238,0.48307829983877215,0.48066772478583764,-0.45298948198822764,2.5613836840286845,8.703676426368876
resnet50,PAAD,shipped,random,2,0,0,0.001,0.004270462633451958,0.003956945156330087,0.4795981516191983,0.4805127898982975,-0.38134262734489777,2.5476931449437084,8.333951504973946
resnet50,PAAD,shipped,random,2,1,0,0.001,0.005871886120996441,0.005033316248077908,0.4813088051944659,0.4804848931411342,-0.5301534037768956,2.5812077018914215,11.168033886749196
resnet50,PAAD,shipped,random,2,2,0,0.001,0.005302491103202847,0.005023065094823168,0.48314985853298437,0.48277758390083503,-0.5191450963482035,2.553190991976008,9.818365314477722
resnet50,PAAD,shipped,random,2,3,0,0.001,0.004750889679715303,0.005648385443362379,0.4792781819210665,0.4776304751924613,-0.45186199805145555,2.566036091843788,9.084241165638607
resnet50,PAAD,shipped,random,2,4,0,0.001,0.004733096085409253,0.00389543823680164,0.4822841121249777,0.4785346059575368,-0.47410307385908446,2.50920748817669,7.892806112813291
resnet50,PAAD,shipped,patient,0,-1,0,0.001,0.00416196822142491,0.00835820895522388,0.40503969072935264,0.4095472636068528,-0.27127486298431813,5.135440529539365,17.647345691744253
resnet50,PAAD,shipped,patient,1,-1,0,0.001,0.016865671641791046,0.014897506925207755,0.44439165595532915,0.4559321215493348,-0.5649327953410664,5.680239564055073,462.7168016273905
resnet50,PAAD,shipped,patient,2,-1,0,0.001,0.013800995024875622,0.003997949769349052,0.4145176309886992,0.41528642475906447,-0.7799314624369051,7.9824886447798,371.09037448928285
resnet50,PAAD,shipped,donor,TENX116,-1,0,0.001,0.014897506925207755,0.016865671641791046,0.4559321215493348,0.44439165595532915,-1.018028962280931,4.569136922769036,245.032557039075
resnet50,PAAD,shipped,donor,TENX126,-1,0,0.001,0.01117412935323383,0.0045105074320861095,0.42255097174638945,0.40559968367079535,-0.5029738410523334,7.730145267122851,158.96089263097724
resnet50,PAAD,shipped,donor,TENX140,-1,0,0.001,0.016865671641791046,0.014897506925207755,0.44439165595532915,0.4559321215493348,-0.5649327953410664,5.680239564055073,462.7168016273905
resnet50,PRAD,shipped,random,0,0,0,0.001,0.0015127648017381858,0.0015379861728013595,0.4303692587975263,0.4289564712291215,-0.19034268272291854,1.935902573139697,4.678397084272023
resnet50,PRAD,shipped,random,0,1,0,0.001,0.0012900597501357958,0.0013958518404078638,0.4308558474001912,0.42893389513624036,-0.21663945259115752,1.9191375088494846,4.538671303849175
resnet50,PRAD,shipped,random,0,2,0,0.001,0.001572514937533949,0.001218183924915994,0.4318231027556417,0.43052442733537105,-0.2302978496457973,1.912681702089437,4.5232304947322834
resnet50,PRAD,shipped,random,0,3,0,0.001,0.0014041281912004345,0.0012228187401027385,0.4277777973343114,0.4297130173582536,-0.1975638419052328,1.9257718621298472,4.611291154777778
resnet50,PRAD,shipped,random,0,4,0,0.001,0.001596958174904943,0.0015657950639218262,0.4297334044484943,0.4281861836408388,-0.3168957894772581,1.9508305146225091,4.7268687945681105
resnet50,PRAD,shipped,random,1,0,0,0.001,0.0010117783355860204,0.0013373529970938918,0.4262110190495727,0.4286599640641783,-0.20364453344417938,1.9452843629202803,4.540181233432888
resnet50,PRAD,shipped,random,1,1,0,0.001,0.0017416489669820428,0.001344414568565143,0.42861080378176764,0.42901732111851987,-0.17498714550559247,1.9341200764747812,4.639589707169114
resnet50,PRAD,shipped,random,1,2,0,0.001,0.0016528287314153311,0.0012862924033786903,0.4294305883982944,0.4293532565218632,-0.31749274167799696,1.9386728423313166,4.642109541254882
resnet50,PRAD,shipped,random,1,3,0,0.001,0.0016875844757675226,0.001510089899236807,0.42547352730172644,0.4287309046104388,-0.30698445071431324,1.9515253595657343,4.7720578499144395
resnet50,PRAD,shipped,random,1,4,0,0.001,0.0017570959644719057,0.0011798256335044405,0.42803648264722527,0.42929660915801016,-0.23943135904088753,1.9655169342237027,4.850670886865489
resnet50,PRAD,shipped,patient,0,-1,0,0.001,0.0015825942350332594,0.0017480977946004402,0.39971317880799695,0.46513394114690315,-0.5443099502422482,2.430100601060616,5.127097790425168
resnet50,PRAD,shipped,patient,0,-1,1,0.001,0.0007280170879316483,0.001539531111196941,0.4328616216401626,0.47129282639221026,-0.6565052209955524,2.174277446183686,4.144690707739132
resnet50,PRAD,shipped,patient,0,-1,2,0.001,0.001196626957569268,0.0006056158510679387,0.40076831612155445,0.4841451959545191,-0.6806231064166418,2.1367070322071373,4.189270190769413
resnet50,PRAD,shipped,patient,1,-1,0,0.001,0.00010174880763116057,0.0022379749585811673,0.5445136685113969,0.37772460288008725,-0.3066846863755357,2.3398314146187866,5.389301757174184
resnet50,PRAD,shipped,patient,1,-1,1,0.001,0.005371471025260029,0.0055590863412911815,0.5149300239917962,0.6215199658216284,-0.38155458052326885,3.0228002982146744,10.836649092397439
resnet50,PRAD,shipped,patient,1,-1,2,0.001,0.011187371310912835,0.011690703169559195,0.466627319902552,0.3631288967392464,-0.3200085001648314,2.622601597048811,192.48864212565394
resnet50,PRAD,shipped,donor,PRAD_patient1,-1,0,0.001,0.00010912052117263844,0.001911088795334286,0.4391469478449505,0.45752172591020723,-0.09401017082304425,2.10037722697008,3.9636774897689273
resnet50,PRAD,shipped,donor,PRAD_patient1,-1,1,0.001,0.0007932582211230191,0.0060129002356031054,0.4690438941428102,0.4168742270884235,-0.1939753963203289,2.2752438875460026,4.700923024836428
resnet50,PRAD,shipped,donor,PRAD_patient1,-1,2,0.001,0.000794648287046422,0.002055540535321154,0.36633570486677913,0.44436175627584684,-0.16560035456358568,2.2389594113317655,5.2084119116180565
resnet50,PRAD,shipped,donor,PRAD_patient2,-1,0,0.001,0.0013921791335388609,0.003749694451234417,0.5220456742770341,0.4573268736859827,-1.0402527001855977,2.6407717356495173,6.253800308576308
resnet50,PRAD,shipped,donor,PRAD_patient2,-1,1,0.001,0.0014830143128125538,0.009313669572774927,0.5386279606427024,0.48282677538658964,-0.4443864615311979,1.9298307324249415,4.8416399091886
resnet50,PRAD,shipped,donor,PRAD_patient2,-1,2,0.001,0.0014350728155339805,0.004348841630679812,0.5678786406363667,0.3761673151724698,-0.47985365100412447,1.874238633576519,5.30030665447393
resnet50,READ,shipped,random,0,0,0,0.001,0.012172774869109948,0.013770706190061028,0.2941063866330531,0.29779415808468024,-0.26141670292704694,2.6801614317769107,101.42022012550146
resnet50,READ,shipped,random,0,1,0,0.001,0.013350785340314137,0.013901482127288579,0.29915784646978566,0.2994401467212273,-0.27977749028501947,2.597668342387586,121.88966152432134
resnet50,READ,shipped,random,0,2,0,0.001,0.01400523560209424,0.014463818657367044,0.2964144565552811,0.2964976756945996,-0.33346178185651487,2.6777404700762135,133.6302118130959
resnet50,READ,shipped,random,0,3,0,0.001,0.014869109947643979,0.01460767218831735,0.29732504835067075,0.2962434627787921,-0.4067241453464224,2.7413580660079564,136.19158680563694
resnet50,READ,shipped,random,0,4,0,0.001,0.013638743455497383,0.01488666085440279,0.29916218137330797,0.2965835888940803,-0.3908790560874965,2.691426963802671,132.39016492512232
resnet50,READ,shipped,random,1,0,0,0.001,0.015490196078431372,0.013647551715108668,0.2960145749268751,0.30171822045670904,-0.35915460211930755,2.730787798696782,156.7635336556136
resnet50,READ,shipped,random,1,1,0,0.001,0.014836601307189543,0.013626603822990312,0.2991022149040977,0.2999895658983601,-0.38717150473571865,2.7270331420445615,146.85963395637606
resnet50,READ,shipped,random,1,2,0,0.001,0.012941176470588235,0.014265514532600157,0.300166586700526,0.2976937927625132,-0.321988528372922,2.675210627589798,123.56017710319526
resnet50,READ,shipped,random,1,3,0,0.001,0.013311546840958605,0.013694684472374968,0.30411390994719323,0.30220940591061746,-0.3132689331713405,2.632512606483253,126.56495504932622
resnet50,READ,shipped,random,1,4,0,0.001,0.013965141612200437,0.015333857030636291,0.29690708707095553,0.296546958842538,-0.35857145486424596,2.675072470846339,140.37813584073388
resnet50,READ,shipped,patient,0,-1,0,0.001,0.03757539917208752,0.05141238012205754,0.2691400140684305,0.31078641345645364,-0.5406471306471257,6.722444006332894,771.9047524857983
resnet50,READ,shipped,patient,1,-1,0,0.001,0.03449895178197065,0.056035611416601204,0.23976315121595748,0.28922747151110983,-0.47259801245975835,3.791433762123187,207.48115191075144
resnet50,READ,shipped,donor,READ_specimen1,-1,0,0.001,0.03757539917208752,0.05141238012205754,0.2691400140684305,0.31078641345645364,-0.5406471306471257,6.722444006332894,771.9047524857983
resnet50,READ,shipped,donor,READ_specimen7,-1,0,0.001,0.03611740041928721,0.060272322597538626,0.23953072739031306,0.2847603935278536,-0.5478908698162985,3.823369504340606,214.70647734949554
resnet50,SKCM,shipped,random,0,0,0,0.001,0.022636103151862465,0.02337200309358082,0.4366884549868689,0.4357747106722212,-0.5141118716978126,4.757560698111447,629.6180997732541
resnet50,SKCM,shipped,random,0,1,0,0.001,0.022120343839541548,0.021809744779582366,0.4458056812299911,0.4547233509166852,-0.5587097690939842,4.40751341692649,474.65030642192875
resnet50,SKCM,shipped,random,0,2,0,0.001,0.019369627507163322,0.02225831399845321,0.42926758762458295,0.42954523125955174,-0.5299126322887915,4.528651976363085,413.43195479821634
resnet50,SKCM,shipped,random,0,3,0,0.001,0.02349570200573066,0.022784222737819024,0.4499789049991847,0.4434774599001048,-0.8061842813000001,4.357069719396284,673.5562853932068
resnet50,SKCM,shipped,random,0,4,0,0.001,0.022406876790830945,0.021469450889404485,0.45088685701310804,0.4448822820616848,-0.5556553462836087,4.3467279721826735,568.6646521130983
resnet50,SKCM,shipped,random,1,0,0,0.001,0.018996138996138997,0.023228029867892016,0.44974334921425413,0.45039937540635805,-0.5079699058454522,4.1861417202969236,419.0295550877971
resnet50,SKCM,shipped,random,1,1,0,0.001,0.01752895752895753,0.020827110855829983,0.4440069445104378,0.44663141443098536,-0.7782256896129648,4.349230935646778,429.0268623501651
resnet50,SKCM,shipped,random,1,2,0,0.001,0.01722007722007722,0.023940264215967833,0.4411477932497234,0.43039250886733377,-0.5299851983099476,4.129984835449492,370.00400805755817
resnet50,SKCM,shipped,random,1,3,0,0.001,0.022239382239382238,0.02118322802986789,0.4456746134603973,0.44092841774273617,-0.5529698049563132,4.224261633102688,534.893534039219
resnet50,SKCM,shipped,random,1,4,0,0.001,0.02254826254826255,0.020149339460080413,0.4350929989408079,0.4376863471029586,-0.6821687997910683,4.5565582220000715,677.6058951374304
resnet50,SKCM,shipped,patient,0,-1,0,0.001,0.011680911680911682,0.08264501160092808,0.4365900875055527,0.3602031378675424,-0.462782576425265,3.91669938051483,126.675045655528
resnet50,SKCM,shipped,patient,0,-1,1,0.001,0.01730769230769231,0.042861562258314,0.4143769949646894,0.4252917362632434,-0.37733094892063923,4.98943682934488,391.29744657337176
resnet50,SKCM,shipped,patient,0,-1,2,0.001,0.04386243386243386,0.17933488012374324,0.3970651194663749,0.2877000594808346,-0.8158753669102052,6.797174739621064,1259.6758231139565
resnet50,SKCM,shipped,patient,1,-1,0,0.001,0.02366013071895425,0.09090178058587019,0.3752935628037778,0.43509566414821377,-0.5285862078663683,4.835091180368485,431.983759647882
resnet50,SKCM,shipped,patient,1,-1,1,0.001,0.030596491228070174,0.05816197587593337,0.38394807969734035,0.5211214509254041,-0.6377508724848008,5.573274314517532,877.3980335901997
resnet50,SKCM,shipped,patient,1,-1,2,0.001,0.023053435114503817,0.057357840321654224,0.3637419151175102,0.46447904639109255,-0.42401142792818614,5.582891409967311,386.50650533280583
resnet50,SKCM,shipped,donor,SKCM_hest_patient_1,-1,0,0.001,0.025084745762711864,0.09520494972931168,0.41961368274681166,0.3400189133892562,-0.5941355341287197,5.107933346716441,790.2720275892224
resnet50,SKCM,shipped,donor,SKCM_hest_patient_1,-1,1,0.001,0.043111111111111114,0.06119102861562258,0.41178668122819095,0.4054966963382481,-0.9967950388273037,7.090955922394158,1284.5544830375077
resnet50,SKCM,shipped,donor,SKCM_hest_patient_1,-1,2,0.001,0.008624708624708625,0.057617942768754836,0.4515151379888851,0.42759288883233076,-0.6108929132763125,4.0443756677353555,39.11739110016248
resnet50,SKCM,shipped,donor,SKCM_hest_patient_2,-1,0,0.001,0.02343065693430657,0.06866168868466399,0.3736826489086498,0.44294751275555444,-0.540342634054938,4.621089389167427,421.7812487406761
resnet50,SKCM,shipped,donor,SKCM_hest_patient_2,-1,1,0.001,0.034180602006688966,0.06768523836875359,0.36648406477824225,0.44732399968581826,-0.9013773609548698,5.854808606412713,764.0275410834246
resnet50,SKCM,shipped,donor,SKCM_hest_patient_2,-1,2,0.001,0.04515679442508711,0.03609419873635841,0.3539062495387801,0.5317173196436582,-0.7296765707477771,6.968167273211597,748.6209711780988
